sample_id,patient_id,volume_id,slice_index,original_shape,spacing_x,spacing_y,spacing_z,lung_area_px,lesion_present,lesion_area_px,source_volume_path,source_mask_path,qa_status
P_coronacases_001_coronacases_001_z0000,P_coronacases_001,coronacases_001,0,512x512,0.8105,0.8105,1.0,99796,0,0,data/raw/ct_volumes/coronacases_001.nii.gz,data/raw/ground_truth_masks/coronacases_001.nii.gz,PASSED
P_coronacases_001_coronacases_001_z0005,P_coronacases_001,coronacases_001,5,512x512,0.8105,0.8105,1.0,99886,0,0,data/raw/ct_volumes/coronacases_001.nii.gz,data/raw/ground_truth_masks/coronacases_001.nii.gz,PASSED
P_coronacases_001_coronacases_001_z0010,P_coronacases_001,coronacases_001,10,512x512,0.8105,0.8105,1.0,100525,0,0,data/raw/ct_volumes/coronacases_001.nii.gz,data/raw/ground_truth_masks/coronacases_001.nii.gz,PASSED
P_coronacases_001_coronacases_001_z0015,P_coronacases_001,coronacases_001,15,512x512,0.8105,0.8105,1.0,99740,0,0,data/raw/ct_volumes/coronacases_001.nii.gz,data/raw/ground_truth_masks/coronacases_001.nii.gz,PASSED
P_coronacases_001_coronacases_001_z0020,P_coronacases_001,coronacases_001,20,512x512,0.8105,0.8105,1.0,100360,0,0,data/raw/ct_volumes/coronacases_001.nii.gz,data/raw/ground_truth_masks/coronacases_001.nii.gz,PASSED
P_coronacases_001_coronacases_001_z0025,P_coronacases_001,coronacases_001,25,512x512,0.8105,0.8105,1.0,100036,0,0,data/raw/ct_volumes/coronacases_001.nii.gz,data/raw/ground_truth_masks/coronacases_001.nii.gz,PASSED
P_coronacases_001_coronacases_001_z0030,P_coronacases_001,coronacases_001,30,512x512,0.8105,0.8105,1.0,98452,0,0,data/raw/ct_volumes/coronacases_001.nii.gz,data/raw/ground_truth_masks/coronacases_001.nii.gz,PASSED
P_coronacases_001_coronacases_001_z0035,P_coronacases_001,coronacases_001,35,512x512,0.8105,0.8105,1.0,98214,0,0,data/raw/ct_volumes/coronacases_001.nii.gz,data/raw/ground_truth_masks/coronacases_001.nii.gz,PASSED
P_coronacases_001_coronacases_001_z0040,P_coronacases_001,coronacases_001,40,512x512,0.8105,0.8105,1.0,98105,0,0,data/raw/ct_volumes/coronacases_001.nii.gz,data/raw/ground_truth_masks/coronacases_001.nii.gz,PASSED
P_coronacases_001_coronacases_001_z0045,P_coronacases_001,coronacases_001,45,512x512,0.8105,0.8105,1.0,97861,0,0,data/raw/ct_volumes/coronacases_001.nii.gz,data/raw/ground_truth_masks/coronacases_001.nii.gz,PASSED
P_coronacases_001_coronacases_001_z0050,P_coronacases_001,coronacases_001,50,512x512,0.8105,0.8105,1.0,98782,0,0,data/raw/ct_volumes/coronacases_001.nii.gz,data/raw/ground_truth_masks/coronacases_001.nii.gz,PASSED
P_coronacases_001_coronacases_001_z0055,P_coronacases_001,coronacases_001,55,512x512,0.8105,0.8105,1.0,99549,0,0,data/raw/ct_volumes/coronacases_001.nii.gz,data/raw/ground_truth_masks/coronacases_001.nii.gz,PASSED
P_coronacases_001_coronacases_001_z0060,P_coronacases_001,coronacases_001,60,512x512,0.8105,0.8105,1.0,99913,0,0,data/raw/ct_volumes/coronacases_001.nii.gz,data/raw/ground_truth_masks/coronacases_001.nii.gz,PASSED
P_coronacases_001_coronacases_001_z0065,P_coronacases_001,coronacases_001,65,512x512,0.8105,0.8105,1.0,101187,0,0,data/raw/ct_volumes/coronacases_001.nii.gz,data/raw/ground_truth_masks/coronacases_001.nii.gz,PASSED
P_coronacases_001_coronacases_001_z0070,P_coronacases_001,coronacases_001,70,512x512,0.8105,0.8105,1.0,101766,0,0,data/raw/ct_volumes/coronacases_001.nii.gz,data/raw/ground_truth_masks/coronacases_001.nii.gz,PASSED
P_coronacases_001_coronacases_001_z0075,P_coronacases_001,coronacases_001,75,512x512,0.8105,0.8105,1.0,103545,0,0,data/raw/ct_volumes/coronacases_001.nii.gz,data/raw/ground_truth_masks/coronacases_001.nii.gz,PASSED
P_coronacases_001_coronacases_001_z0078,P_coronacases_001,coronacases_001,78,512x512,0.8105,0.8105,1.0,104350,1,31,data/raw/ct_volumes/coronacases_001.nii.gz,data/raw/ground_truth_masks/coronacases_001.nii.gz,PASSED
P_coronacases_001_coronacases_001_z0079,P_coronacases_001,coronacases_001,79,512x512,0.8105,0.8105,1.0,104716,1,73,data/raw/ct_volumes/coronacases_001.nii.gz,data/raw/ground_truth_masks/coronacases_001.nii.gz,PASSED
P_coronacases_001_coronacases_001_z0080,P_coronacases_001,coronacases_001,80,512x512,0.8105,0.8105,1.0,104914,1,44,data/raw/ct_volumes/coronacases_001.nii.gz,data/raw/ground_truth_masks/coronacases_001.nii.gz,PASSED
P_coronacases_001_coronacases_001_z0081,P_coronacases_001,coronacases_001,81,512x512,0.8105,0.8105,1.0,105115,1,72,data/raw/ct_volumes/coronacases_001.nii.gz,data/raw/ground_truth_masks/coronacases_001.nii.gz,PASSED
P_coronacases_001_coronacases_001_z0083,P_coronacases_001,coronacases_001,83,512x512,0.8105,0.8105,1.0,105852,1,76,data/raw/ct_volumes/coronacases_001.nii.gz,data/raw/ground_truth_masks/coronacases_001.nii.gz,PASSED
P_coronacases_001_coronacases_001_z0084,P_coronacases_001,coronacases_001,84,512x512,0.8105,0.8105,1.0,106518,1,129,data/raw/ct_volumes/coronacases_001.nii.gz,data/raw/ground_truth_masks/coronacases_001.nii.gz,PASSED
P_coronacases_001_coronacases_001_z0085,P_coronacases_001,coronacases_001,85,512x512,0.8105,0.8105,1.0,107030,1,569,data/raw/ct_volumes/coronacases_001.nii.gz,data/raw/ground_truth_masks/coronacases_001.nii.gz,PASSED
P_coronacases_001_coronacases_001_z0086,P_coronacases_001,coronacases_001,86,512x512,0.8105,0.8105,1.0,107798,1,540,data/raw/ct_volumes/coronacases_001.nii.gz,data/raw/ground_truth_masks/coronacases_001.nii.gz,PASSED
P_coronacases_001_coronacases_001_z0088,P_coronacases_001,coronacases_001,88,512x512,0.8105,0.8105,1.0,109444,1,1406,data/raw/ct_volumes/coronacases_001.nii.gz,data/raw/ground_truth_masks/coronacases_001.nii.gz,PASSED
P_coronacases_001_coronacases_001_z0089,P_coronacases_001,coronacases_001,89,512x512,0.8105,0.8105,1.0,110690,1,1789,data/raw/ct_volumes/coronacases_001.nii.gz,data/raw/ground_truth_masks/coronacases_001.nii.gz,PASSED
P_coronacases_001_coronacases_001_z0090,P_coronacases_001,coronacases_001,90,512x512,0.8105,0.8105,1.0,111900,1,2051,data/raw/ct_volumes/coronacases_001.nii.gz,data/raw/ground_truth_masks/coronacases_001.nii.gz,PASSED
P_coronacases_001_coronacases_001_z0091,P_coronacases_001,coronacases_001,91,512x512,0.8105,0.8105,1.0,112935,1,2850,data/raw/ct_volumes/coronacases_001.nii.gz,data/raw/ground_truth_masks/coronacases_001.nii.gz,PASSED
P_coronacases_001_coronacases_001_z0093,P_coronacases_001,coronacases_001,93,512x512,0.8105,0.8105,1.0,114272,1,2904,data/raw/ct_volumes/coronacases_001.nii.gz,data/raw/ground_truth_masks/coronacases_001.nii.gz,PASSED
P_coronacases_001_coronacases_001_z0094,P_coronacases_001,coronacases_001,94,512x512,0.8105,0.8105,1.0,115344,1,2979,data/raw/ct_volumes/coronacases_001.nii.gz,data/raw/ground_truth_masks/coronacases_001.nii.gz,PASSED
P_coronacases_001_coronacases_001_z0095,P_coronacases_001,coronacases_001,95,512x512,0.8105,0.8105,1.0,116293,1,2816,data/raw/ct_volumes/coronacases_001.nii.gz,data/raw/ground_truth_masks/coronacases_001.nii.gz,PASSED
P_coronacases_001_coronacases_001_z0096,P_coronacases_001,coronacases_001,96,512x512,0.8105,0.8105,1.0,117640,1,3099,data/raw/ct_volumes/coronacases_001.nii.gz,data/raw/ground_truth_masks/coronacases_001.nii.gz,PASSED
P_coronacases_001_coronacases_001_z0098,P_coronacases_001,coronacases_001,98,512x512,0.8105,0.8105,1.0,120527,1,3737,data/raw/ct_volumes/coronacases_001.nii.gz,data/raw/ground_truth_masks/coronacases_001.nii.gz,PASSED
P_coronacases_001_coronacases_001_z0099,P_coronacases_001,coronacases_001,99,512x512,0.8105,0.8105,1.0,122135,1,4465,data/raw/ct_volumes/coronacases_001.nii.gz,data/raw/ground_truth_masks/coronacases_001.nii.gz,PASSED
P_coronacases_001_coronacases_001_z0100,P_coronacases_001,coronacases_001,100,512x512,0.8105,0.8105,1.0,123699,1,4908,data/raw/ct_volumes/coronacases_001.nii.gz,data/raw/ground_truth_masks/coronacases_001.nii.gz,PASSED
P_coronacases_001_coronacases_001_z0102,P_coronacases_001,coronacases_001,102,512x512,0.8105,0.8105,1.0,126359,1,4826,data/raw/ct_volumes/coronacases_001.nii.gz,data/raw/ground_truth_masks/coronacases_001.nii.gz,PASSED
P_coronacases_001_coronacases_001_z0103,P_coronacases_001,coronacases_001,103,512x512,0.8105,0.8105,1.0,128202,1,4883,data/raw/ct_volumes/coronacases_001.nii.gz,data/raw/ground_truth_masks/coronacases_001.nii.gz,PASSED
P_coronacases_001_coronacases_001_z0104,P_coronacases_001,coronacases_001,104,512x512,0.8105,0.8105,1.0,129758,1,5346,data/raw/ct_volumes/coronacases_001.nii.gz,data/raw/ground_truth_masks/coronacases_001.nii.gz,PASSED
P_coronacases_001_coronacases_001_z0105,P_coronacases_001,coronacases_001,105,512x512,0.8105,0.8105,1.0,131753,1,4956,data/raw/ct_volumes/coronacases_001.nii.gz,data/raw/ground_truth_masks/coronacases_001.nii.gz,PASSED
P_coronacases_001_coronacases_001_z0107,P_coronacases_001,coronacases_001,107,512x512,0.8105,0.8105,1.0,132361,1,5447,data/raw/ct_volumes/coronacases_001.nii.gz,data/raw/ground_truth_masks/coronacases_001.nii.gz,PASSED
P_coronacases_001_coronacases_001_z0108,P_coronacases_001,coronacases_001,108,512x512,0.8105,0.8105,1.0,133064,1,5905,data/raw/ct_volumes/coronacases_001.nii.gz,data/raw/ground_truth_masks/coronacases_001.nii.gz,PASSED
P_coronacases_001_coronacases_001_z0109,P_coronacases_001,coronacases_001,109,512x512,0.8105,0.8105,1.0,133589,1,5142,data/raw/ct_volumes/coronacases_001.nii.gz,data/raw/ground_truth_masks/coronacases_001.nii.gz,PASSED
P_coronacases_001_coronacases_001_z0110,P_coronacases_001,coronacases_001,110,512x512,0.8105,0.8105,1.0,133801,1,5466,data/raw/ct_volumes/coronacases_001.nii.gz,data/raw/ground_truth_masks/coronacases_001.nii.gz,PASSED
P_coronacases_001_coronacases_001_z0112,P_coronacases_001,coronacases_001,112,512x512,0.8105,0.8105,1.0,135021,1,7848,data/raw/ct_volumes/coronacases_001.nii.gz,data/raw/ground_truth_masks/coronacases_001.nii.gz,PASSED
P_coronacases_001_coronacases_001_z0113,P_coronacases_001,coronacases_001,113,512x512,0.8105,0.8105,1.0,135250,1,8413,data/raw/ct_volumes/coronacases_001.nii.gz,data/raw/ground_truth_masks/coronacases_001.nii.gz,PASSED
P_coronacases_001_coronacases_001_z0114,P_coronacases_001,coronacases_001,114,512x512,0.8105,0.8105,1.0,136019,1,8483,data/raw/ct_volumes/coronacases_001.nii.gz,data/raw/ground_truth_masks/coronacases_001.nii.gz,PASSED
P_coronacases_001_coronacases_001_z0115,P_coronacases_001,coronacases_001,115,512x512,0.8105,0.8105,1.0,136203,1,11552,data/raw/ct_volumes/coronacases_001.nii.gz,data/raw/ground_truth_masks/coronacases_001.nii.gz,PASSED
P_coronacases_001_coronacases_001_z0117,P_coronacases_001,coronacases_001,117,512x512,0.8105,0.8105,1.0,135880,1,13148,data/raw/ct_volumes/coronacases_001.nii.gz,data/raw/ground_truth_masks/coronacases_001.nii.gz,PASSED
P_coronacases_001_coronacases_001_z0118,P_coronacases_001,coronacases_001,118,512x512,0.8105,0.8105,1.0,135556,1,13947,data/raw/ct_volumes/coronacases_001.nii.gz,data/raw/ground_truth_masks/coronacases_001.nii.gz,PASSED
P_coronacases_001_coronacases_001_z0119,P_coronacases_001,coronacases_001,119,512x512,0.8105,0.8105,1.0,135617,1,11213,data/raw/ct_volumes/coronacases_001.nii.gz,data/raw/ground_truth_masks/coronacases_001.nii.gz,PASSED
P_coronacases_001_coronacases_001_z0120,P_coronacases_001,coronacases_001,120,512x512,0.8105,0.8105,1.0,135265,1,10541,data/raw/ct_volumes/coronacases_001.nii.gz,data/raw/ground_truth_masks/coronacases_001.nii.gz,PASSED
P_coronacases_001_coronacases_001_z0122,P_coronacases_001,coronacases_001,122,512x512,0.8105,0.8105,1.0,134689,1,10138,data/raw/ct_volumes/coronacases_001.nii.gz,data/raw/ground_truth_masks/coronacases_001.nii.gz,PASSED
P_coronacases_001_coronacases_001_z0123,P_coronacases_001,coronacases_001,123,512x512,0.8105,0.8105,1.0,134251,1,8709,data/raw/ct_volumes/coronacases_001.nii.gz,data/raw/ground_truth_masks/coronacases_001.nii.gz,PASSED
P_coronacases_001_coronacases_001_z0124,P_coronacases_001,coronacases_001,124,512x512,0.8105,0.8105,1.0,134443,1,8783,data/raw/ct_volumes/coronacases_001.nii.gz,data/raw/ground_truth_masks/coronacases_001.nii.gz,PASSED
P_coronacases_001_coronacases_001_z0126,P_coronacases_001,coronacases_001,126,512x512,0.8105,0.8105,1.0,134071,1,7377,data/raw/ct_volumes/coronacases_001.nii.gz,data/raw/ground_truth_masks/coronacases_001.nii.gz,PASSED
P_coronacases_001_coronacases_001_z0127,P_coronacases_001,coronacases_001,127,512x512,0.8105,0.8105,1.0,133891,1,7721,data/raw/ct_volumes/coronacases_001.nii.gz,data/raw/ground_truth_masks/coronacases_001.nii.gz,PASSED
P_coronacases_001_coronacases_001_z0128,P_coronacases_001,coronacases_001,128,512x512,0.8105,0.8105,1.0,134004,1,8419,data/raw/ct_volumes/coronacases_001.nii.gz,data/raw/ground_truth_masks/coronacases_001.nii.gz,PASSED
P_coronacases_001_coronacases_001_z0129,P_coronacases_001,coronacases_001,129,512x512,0.8105,0.8105,1.0,133871,1,7019,data/raw/ct_volumes/coronacases_001.nii.gz,data/raw/ground_truth_masks/coronacases_001.nii.gz,PASSED
P_coronacases_001_coronacases_001_z0131,P_coronacases_001,coronacases_001,131,512x512,0.8105,0.8105,1.0,133043,1,6396,data/raw/ct_volumes/coronacases_001.nii.gz,data/raw/ground_truth_masks/coronacases_001.nii.gz,PASSED
P_coronacases_001_coronacases_001_z0132,P_coronacases_001,coronacases_001,132,512x512,0.8105,0.8105,1.0,132644,1,6097,data/raw/ct_volumes/coronacases_001.nii.gz,data/raw/ground_truth_masks/coronacases_001.nii.gz,PASSED
P_coronacases_001_coronacases_001_z0133,P_coronacases_001,coronacases_001,133,512x512,0.8105,0.8105,1.0,132362,1,6085,data/raw/ct_volumes/coronacases_001.nii.gz,data/raw/ground_truth_masks/coronacases_001.nii.gz,PASSED
P_coronacases_001_coronacases_001_z0134,P_coronacases_001,coronacases_001,134,512x512,0.8105,0.8105,1.0,132253,1,5721,data/raw/ct_volumes/coronacases_001.nii.gz,data/raw/ground_truth_masks/coronacases_001.nii.gz,PASSED
P_coronacases_001_coronacases_001_z0136,P_coronacases_001,coronacases_001,136,512x512,0.8105,0.8105,1.0,131026,1,5658,data/raw/ct_volumes/coronacases_001.nii.gz,data/raw/ground_truth_masks/coronacases_001.nii.gz,PASSED
P_coronacases_001_coronacases_001_z0137,P_coronacases_001,coronacases_001,137,512x512,0.8105,0.8105,1.0,130580,1,5884,data/raw/ct_volumes/coronacases_001.nii.gz,data/raw/ground_truth_masks/coronacases_001.nii.gz,PASSED
P_coronacases_001_coronacases_001_z0138,P_coronacases_001,coronacases_001,138,512x512,0.8105,0.8105,1.0,130415,1,6235,data/raw/ct_volumes/coronacases_001.nii.gz,data/raw/ground_truth_masks/coronacases_001.nii.gz,PASSED
P_coronacases_001_coronacases_001_z0139,P_coronacases_001,coronacases_001,139,512x512,0.8105,0.8105,1.0,130509,1,6973,data/raw/ct_volumes/coronacases_001.nii.gz,data/raw/ground_truth_masks/coronacases_001.nii.gz,PASSED
P_coronacases_001_coronacases_001_z0141,P_coronacases_001,coronacases_001,141,512x512,0.8105,0.8105,1.0,129292,1,6664,data/raw/ct_volumes/coronacases_001.nii.gz,data/raw/ground_truth_masks/coronacases_001.nii.gz,PASSED
P_coronacases_001_coronacases_001_z0142,P_coronacases_001,coronacases_001,142,512x512,0.8105,0.8105,1.0,129249,1,6682,data/raw/ct_volumes/coronacases_001.nii.gz,data/raw/ground_truth_masks/coronacases_001.nii.gz,PASSED
P_coronacases_001_coronacases_001_z0143,P_coronacases_001,coronacases_001,143,512x512,0.8105,0.8105,1.0,129187,1,6721,data/raw/ct_volumes/coronacases_001.nii.gz,data/raw/ground_truth_masks/coronacases_001.nii.gz,PASSED
P_coronacases_001_coronacases_001_z0145,P_coronacases_001,coronacases_001,145,512x512,0.8105,0.8105,1.0,129082,1,5761,data/raw/ct_volumes/coronacases_001.nii.gz,data/raw/ground_truth_masks/coronacases_001.nii.gz,PASSED
P_coronacases_001_coronacases_001_z0146,P_coronacases_001,coronacases_001,146,512x512,0.8105,0.8105,1.0,129398,1,5052,data/raw/ct_volumes/coronacases_001.nii.gz,data/raw/ground_truth_masks/coronacases_001.nii.gz,PASSED
P_coronacases_001_coronacases_001_z0147,P_coronacases_001,coronacases_001,147,512x512,0.8105,0.8105,1.0,129354,1,5214,data/raw/ct_volumes/coronacases_001.nii.gz,data/raw/ground_truth_masks/coronacases_001.nii.gz,PASSED
P_coronacases_001_coronacases_001_z0148,P_coronacases_001,coronacases_001,148,512x512,0.8105,0.8105,1.0,129414,1,5323,data/raw/ct_volumes/coronacases_001.nii.gz,data/raw/ground_truth_masks/coronacases_001.nii.gz,PASSED
P_coronacases_001_coronacases_001_z0150,P_coronacases_001,coronacases_001,150,512x512,0.8105,0.8105,1.0,129569,1,5209,data/raw/ct_volumes/coronacases_001.nii.gz,data/raw/ground_truth_masks/coronacases_001.nii.gz,PASSED
P_coronacases_001_coronacases_001_z0151,P_coronacases_001,coronacases_001,151,512x512,0.8105,0.8105,1.0,129464,1,5593,data/raw/ct_volumes/coronacases_001.nii.gz,data/raw/ground_truth_masks/coronacases_001.nii.gz,PASSED
P_coronacases_001_coronacases_001_z0152,P_coronacases_001,coronacases_001,152,512x512,0.8105,0.8105,1.0,129327,1,6389,data/raw/ct_volumes/coronacases_001.nii.gz,data/raw/ground_truth_masks/coronacases_001.nii.gz,PASSED
P_coronacases_001_coronacases_001_z0153,P_coronacases_001,coronacases_001,153,512x512,0.8105,0.8105,1.0,129302,1,6159,data/raw/ct_volumes/coronacases_001.nii.gz,data/raw/ground_truth_masks/coronacases_001.nii.gz,PASSED
P_coronacases_001_coronacases_001_z0155,P_coronacases_001,coronacases_001,155,512x512,0.8105,0.8105,1.0,129696,1,7405,data/raw/ct_volumes/coronacases_001.nii.gz,data/raw/ground_truth_masks/coronacases_001.nii.gz,PASSED
P_coronacases_001_coronacases_001_z0156,P_coronacases_001,coronacases_001,156,512x512,0.8105,0.8105,1.0,129884,1,7221,data/raw/ct_volumes/coronacases_001.nii.gz,data/raw/ground_truth_masks/coronacases_001.nii.gz,PASSED
P_coronacases_001_coronacases_001_z0157,P_coronacases_001,coronacases_001,157,512x512,0.8105,0.8105,1.0,129819,1,6464,data/raw/ct_volumes/coronacases_001.nii.gz,data/raw/ground_truth_masks/coronacases_001.nii.gz,PASSED
P_coronacases_001_coronacases_001_z0158,P_coronacases_001,coronacases_001,158,512x512,0.8105,0.8105,1.0,129732,1,4116,data/raw/ct_volumes/coronacases_001.nii.gz,data/raw/ground_truth_masks/coronacases_001.nii.gz,PASSED
P_coronacases_001_coronacases_001_z0160,P_coronacases_001,coronacases_001,160,512x512,0.8105,0.8105,1.0,130173,1,3121,data/raw/ct_volumes/coronacases_001.nii.gz,data/raw/ground_truth_masks/coronacases_001.nii.gz,PASSED
P_coronacases_001_coronacases_001_z0161,P_coronacases_001,coronacases_001,161,512x512,0.8105,0.8105,1.0,129928,1,2694,data/raw/ct_volumes/coronacases_001.nii.gz,data/raw/ground_truth_masks/coronacases_001.nii.gz,PASSED
P_coronacases_001_coronacases_001_z0162,P_coronacases_001,coronacases_001,162,512x512,0.8105,0.8105,1.0,130110,1,3156,data/raw/ct_volumes/coronacases_001.nii.gz,data/raw/ground_truth_masks/coronacases_001.nii.gz,PASSED
P_coronacases_001_coronacases_001_z0163,P_coronacases_001,coronacases_001,163,512x512,0.8105,0.8105,1.0,129918,1,3241,data/raw/ct_volumes/coronacases_001.nii.gz,data/raw/ground_truth_masks/coronacases_001.nii.gz,PASSED
P_coronacases_001_coronacases_001_z0165,P_coronacases_001,coronacases_001,165,512x512,0.8105,0.8105,1.0,129879,1,2368,data/raw/ct_volumes/coronacases_001.nii.gz,data/raw/ground_truth_masks/coronacases_001.nii.gz,PASSED
P_coronacases_001_coronacases_001_z0166,P_coronacases_001,coronacases_001,166,512x512,0.8105,0.8105,1.0,129672,1,2628,data/raw/ct_volumes/coronacases_001.nii.gz,data/raw/ground_truth_masks/coronacases_001.nii.gz,PASSED
P_coronacases_001_coronacases_001_z0167,P_coronacases_001,coronacases_001,167,512x512,0.8105,0.8105,1.0,129365,1,2923,data/raw/ct_volumes/coronacases_001.nii.gz,data/raw/ground_truth_masks/coronacases_001.nii.gz,PASSED
P_coronacases_001_coronacases_001_z0169,P_coronacases_001,coronacases_001,169,512x512,0.8105,0.8105,1.0,128955,1,2525,data/raw/ct_volumes/coronacases_001.nii.gz,data/raw/ground_truth_masks/coronacases_001.nii.gz,PASSED
P_coronacases_001_coronacases_001_z0170,P_coronacases_001,coronacases_001,170,512x512,0.8105,0.8105,1.0,129114,1,2454,data/raw/ct_volumes/coronacases_001.nii.gz,data/raw/ground_truth_masks/coronacases_001.nii.gz,PASSED
P_coronacases_001_coronacases_001_z0171,P_coronacases_001,coronacases_001,171,512x512,0.8105,0.8105,1.0,128904,1,3029,data/raw/ct_volumes/coronacases_001.nii.gz,data/raw/ground_truth_masks/coronacases_001.nii.gz,PASSED
P_coronacases_001_coronacases_001_z0172,P_coronacases_001,coronacases_001,172,512x512,0.8105,0.8105,1.0,128725,1,2699,data/raw/ct_volumes/coronacases_001.nii.gz,data/raw/ground_truth_masks/coronacases_001.nii.gz,PASSED
P_coronacases_001_coronacases_001_z0174,P_coronacases_001,coronacases_001,174,512x512,0.8105,0.8105,1.0,128805,1,2808,data/raw/ct_volumes/coronacases_001.nii.gz,data/raw/ground_truth_masks/coronacases_001.nii.gz,PASSED
P_coronacases_001_coronacases_001_z0175,P_coronacases_001,coronacases_001,175,512x512,0.8105,0.8105,1.0,128829,1,3603,data/raw/ct_volumes/coronacases_001.nii.gz,data/raw/ground_truth_masks/coronacases_001.nii.gz,PASSED
P_coronacases_001_coronacases_001_z0176,P_coronacases_001,coronacases_001,176,512x512,0.8105,0.8105,1.0,128597,1,3521,data/raw/ct_volumes/coronacases_001.nii.gz,data/raw/ground_truth_masks/coronacases_001.nii.gz,PASSED
P_coronacases_001_coronacases_001_z0177,P_coronacases_001,coronacases_001,177,512x512,0.8105,0.8105,1.0,128822,1,2907,data/raw/ct_volumes/coronacases_001.nii.gz,data/raw/ground_truth_masks/coronacases_001.nii.gz,PASSED
P_coronacases_001_coronacases_001_z0179,P_coronacases_001,coronacases_001,179,512x512,0.8105,0.8105,1.0,128695,1,3695,data/raw/ct_volumes/coronacases_001.nii.gz,data/raw/ground_truth_masks/coronacases_001.nii.gz,PASSED
P_coronacases_001_coronacases_001_z0180,P_coronacases_001,coronacases_001,180,512x512,0.8105,0.8105,1.0,129484,1,4360,data/raw/ct_volumes/coronacases_001.nii.gz,data/raw/ground_truth_masks/coronacases_001.nii.gz,PASSED
P_coronacases_001_coronacases_001_z0181,P_coronacases_001,coronacases_001,181,512x512,0.8105,0.8105,1.0,129306,1,4358,data/raw/ct_volumes/coronacases_001.nii.gz,data/raw/ground_truth_masks/coronacases_001.nii.gz,PASSED
P_coronacases_001_coronacases_001_z0182,P_coronacases_001,coronacases_001,182,512x512,0.8105,0.8105,1.0,129294,1,4073,data/raw/ct_volumes/coronacases_001.nii.gz,data/raw/ground_truth_masks/coronacases_001.nii.gz,PASSED
P_coronacases_001_coronacases_001_z0184,P_coronacases_001,coronacases_001,184,512x512,0.8105,0.8105,1.0,128930,1,5293,data/raw/ct_volumes/coronacases_001.nii.gz,data/raw/ground_truth_masks/coronacases_001.nii.gz,PASSED
P_coronacases_001_coronacases_001_z0185,P_coronacases_001,coronacases_001,185,512x512,0.8105,0.8105,1.0,129017,1,4372,data/raw/ct_volumes/coronacases_001.nii.gz,data/raw/ground_truth_masks/coronacases_001.nii.gz,PASSED
P_coronacases_001_coronacases_001_z0186,P_coronacases_001,coronacases_001,186,512x512,0.8105,0.8105,1.0,128857,1,4794,data/raw/ct_volumes/coronacases_001.nii.gz,data/raw/ground_truth_masks/coronacases_001.nii.gz,PASSED
P_coronacases_001_coronacases_001_z0187,P_coronacases_001,coronacases_001,187,512x512,0.8105,0.8105,1.0,128485,1,3959,data/raw/ct_volumes/coronacases_001.nii.gz,data/raw/ground_truth_masks/coronacases_001.nii.gz,PASSED
P_coronacases_001_coronacases_001_z0189,P_coronacases_001,coronacases_001,189,512x512,0.8105,0.8105,1.0,128590,1,3685,data/raw/ct_volumes/coronacases_001.nii.gz,data/raw/ground_truth_masks/coronacases_001.nii.gz,PASSED
P_coronacases_001_coronacases_001_z0190,P_coronacases_001,coronacases_001,190,512x512,0.8105,0.8105,1.0,128371,1,3620,data/raw/ct_volumes/coronacases_001.nii.gz,data/raw/ground_truth_masks/coronacases_001.nii.gz,PASSED
P_coronacases_001_coronacases_001_z0191,P_coronacases_001,coronacases_001,191,512x512,0.8105,0.8105,1.0,127701,1,2843,data/raw/ct_volumes/coronacases_001.nii.gz,data/raw/ground_truth_masks/coronacases_001.nii.gz,PASSED
P_coronacases_001_coronacases_001_z0193,P_coronacases_001,coronacases_001,193,512x512,0.8105,0.8105,1.0,126811,1,3353,data/raw/ct_volumes/coronacases_001.nii.gz,data/raw/ground_truth_masks/coronacases_001.nii.gz,PASSED
P_coronacases_001_coronacases_001_z0194,P_coronacases_001,coronacases_001,194,512x512,0.8105,0.8105,1.0,127165,1,3613,data/raw/ct_volumes/coronacases_001.nii.gz,data/raw/ground_truth_masks/coronacases_001.nii.gz,PASSED
P_coronacases_001_coronacases_001_z0195,P_coronacases_001,coronacases_001,195,512x512,0.8105,0.8105,1.0,126728,1,4032,data/raw/ct_volumes/coronacases_001.nii.gz,data/raw/ground_truth_masks/coronacases_001.nii.gz,PASSED
P_coronacases_001_coronacases_001_z0196,P_coronacases_001,coronacases_001,196,512x512,0.8105,0.8105,1.0,126305,1,4553,data/raw/ct_volumes/coronacases_001.nii.gz,data/raw/ground_truth_masks/coronacases_001.nii.gz,PASSED
P_coronacases_001_coronacases_001_z0198,P_coronacases_001,coronacases_001,198,512x512,0.8105,0.8105,1.0,125506,1,5533,data/raw/ct_volumes/coronacases_001.nii.gz,data/raw/ground_truth_masks/coronacases_001.nii.gz,PASSED
P_coronacases_001_coronacases_001_z0199,P_coronacases_001,coronacases_001,199,512x512,0.8105,0.8105,1.0,125464,1,5078,data/raw/ct_volumes/coronacases_001.nii.gz,data/raw/ground_truth_masks/coronacases_001.nii.gz,PASSED
P_coronacases_001_coronacases_001_z0200,P_coronacases_001,coronacases_001,200,512x512,0.8105,0.8105,1.0,125043,1,5138,data/raw/ct_volumes/coronacases_001.nii.gz,data/raw/ground_truth_masks/coronacases_001.nii.gz,PASSED
P_coronacases_001_coronacases_001_z0201,P_coronacases_001,coronacases_001,201,512x512,0.8105,0.8105,1.0,125225,1,5041,data/raw/ct_volumes/coronacases_001.nii.gz,data/raw/ground_truth_masks/coronacases_001.nii.gz,PASSED
P_coronacases_001_coronacases_001_z0203,P_coronacases_001,coronacases_001,203,512x512,0.8105,0.8105,1.0,124481,1,3410,data/raw/ct_volumes/coronacases_001.nii.gz,data/raw/ground_truth_masks/coronacases_001.nii.gz,PASSED
P_coronacases_001_coronacases_001_z0204,P_coronacases_001,coronacases_001,204,512x512,0.8105,0.8105,1.0,124313,1,3500,data/raw/ct_volumes/coronacases_001.nii.gz,data/raw/ground_truth_masks/coronacases_001.nii.gz,PASSED
P_coronacases_001_coronacases_001_z0205,P_coronacases_001,coronacases_001,205,512x512,0.8105,0.8105,1.0,124536,1,3197,data/raw/ct_volumes/coronacases_001.nii.gz,data/raw/ground_truth_masks/coronacases_001.nii.gz,PASSED
P_coronacases_001_coronacases_001_z0206,P_coronacases_001,coronacases_001,206,512x512,0.8105,0.8105,1.0,124245,1,3446,data/raw/ct_volumes/coronacases_001.nii.gz,data/raw/ground_truth_masks/coronacases_001.nii.gz,PASSED
P_coronacases_001_coronacases_001_z0208,P_coronacases_001,coronacases_001,208,512x512,0.8105,0.8105,1.0,123575,1,3282,data/raw/ct_volumes/coronacases_001.nii.gz,data/raw/ground_truth_masks/coronacases_001.nii.gz,PASSED
P_coronacases_001_coronacases_001_z0209,P_coronacases_001,coronacases_001,209,512x512,0.8105,0.8105,1.0,123298,1,2606,data/raw/ct_volumes/coronacases_001.nii.gz,data/raw/ground_truth_masks/coronacases_001.nii.gz,PASSED
P_coronacases_001_coronacases_001_z0210,P_coronacases_001,coronacases_001,210,512x512,0.8105,0.8105,1.0,123200,1,1939,data/raw/ct_volumes/coronacases_001.nii.gz,data/raw/ground_truth_masks/coronacases_001.nii.gz,PASSED
P_coronacases_001_coronacases_001_z0212,P_coronacases_001,coronacases_001,212,512x512,0.8105,0.8105,1.0,122173,1,1585,data/raw/ct_volumes/coronacases_001.nii.gz,data/raw/ground_truth_masks/coronacases_001.nii.gz,PASSED
P_coronacases_001_coronacases_001_z0213,P_coronacases_001,coronacases_001,213,512x512,0.8105,0.8105,1.0,121584,1,1357,data/raw/ct_volumes/coronacases_001.nii.gz,data/raw/ground_truth_masks/coronacases_001.nii.gz,PASSED
P_coronacases_001_coronacases_001_z0214,P_coronacases_001,coronacases_001,214,512x512,0.8105,0.8105,1.0,121452,1,1212,data/raw/ct_volumes/coronacases_001.nii.gz,data/raw/ground_truth_masks/coronacases_001.nii.gz,PASSED
P_coronacases_001_coronacases_001_z0215,P_coronacases_001,coronacases_001,215,512x512,0.8105,0.8105,1.0,121266,1,931,data/raw/ct_volumes/coronacases_001.nii.gz,data/raw/ground_truth_masks/coronacases_001.nii.gz,PASSED
P_coronacases_001_coronacases_001_z0217,P_coronacases_001,coronacases_001,217,512x512,0.8105,0.8105,1.0,120281,1,519,data/raw/ct_volumes/coronacases_001.nii.gz,data/raw/ground_truth_masks/coronacases_001.nii.gz,PASSED
P_coronacases_001_coronacases_001_z0218,P_coronacases_001,coronacases_001,218,512x512,0.8105,0.8105,1.0,119914,1,212,data/raw/ct_volumes/coronacases_001.nii.gz,data/raw/ground_truth_masks/coronacases_001.nii.gz,PASSED
P_coronacases_001_coronacases_001_z0219,P_coronacases_001,coronacases_001,219,512x512,0.8105,0.8105,1.0,119725,1,156,data/raw/ct_volumes/coronacases_001.nii.gz,data/raw/ground_truth_masks/coronacases_001.nii.gz,PASSED
P_coronacases_001_coronacases_001_z0220,P_coronacases_001,coronacases_001,220,512x512,0.8105,0.8105,1.0,119033,1,110,data/raw/ct_volumes/coronacases_001.nii.gz,data/raw/ground_truth_masks/coronacases_001.nii.gz,PASSED
P_coronacases_001_coronacases_001_z0222,P_coronacases_001,coronacases_001,222,512x512,0.8105,0.8105,1.0,117363,1,223,data/raw/ct_volumes/coronacases_001.nii.gz,data/raw/ground_truth_masks/coronacases_001.nii.gz,PASSED
P_coronacases_001_coronacases_001_z0223,P_coronacases_001,coronacases_001,223,512x512,0.8105,0.8105,1.0,116818,1,202,data/raw/ct_volumes/coronacases_001.nii.gz,data/raw/ground_truth_masks/coronacases_001.nii.gz,PASSED
P_coronacases_001_coronacases_001_z0224,P_coronacases_001,coronacases_001,224,512x512,0.8105,0.8105,1.0,117083,1,114,data/raw/ct_volumes/coronacases_001.nii.gz,data/raw/ground_truth_masks/coronacases_001.nii.gz,PASSED
P_coronacases_001_coronacases_001_z0225,P_coronacases_001,coronacases_001,225,512x512,0.8105,0.8105,1.0,117075,1,217,data/raw/ct_volumes/coronacases_001.nii.gz,data/raw/ground_truth_masks/coronacases_001.nii.gz,PASSED
P_coronacases_001_coronacases_001_z0227,P_coronacases_001,coronacases_001,227,512x512,0.8105,0.8105,1.0,115762,1,233,data/raw/ct_volumes/coronacases_001.nii.gz,data/raw/ground_truth_masks/coronacases_001.nii.gz,PASSED
P_coronacases_001_coronacases_001_z0228,P_coronacases_001,coronacases_001,228,512x512,0.8105,0.8105,1.0,115473,1,277,data/raw/ct_volumes/coronacases_001.nii.gz,data/raw/ground_truth_masks/coronacases_001.nii.gz,PASSED
P_coronacases_001_coronacases_001_z0229,P_coronacases_001,coronacases_001,229,512x512,0.8105,0.8105,1.0,115003,1,315,data/raw/ct_volumes/coronacases_001.nii.gz,data/raw/ground_truth_masks/coronacases_001.nii.gz,PASSED
P_coronacases_001_coronacases_001_z0230,P_coronacases_001,coronacases_001,230,512x512,0.8105,0.8105,1.0,114633,1,223,data/raw/ct_volumes/coronacases_001.nii.gz,data/raw/ground_truth_masks/coronacases_001.nii.gz,PASSED
P_coronacases_001_coronacases_001_z0232,P_coronacases_001,coronacases_001,232,512x512,0.8105,0.8105,1.0,112930,1,290,data/raw/ct_volumes/coronacases_001.nii.gz,data/raw/ground_truth_masks/coronacases_001.nii.gz,PASSED
P_coronacases_001_coronacases_001_z0233,P_coronacases_001,coronacases_001,233,512x512,0.8105,0.8105,1.0,112227,1,342,data/raw/ct_volumes/coronacases_001.nii.gz,data/raw/ground_truth_masks/coronacases_001.nii.gz,PASSED
P_coronacases_001_coronacases_001_z0234,P_coronacases_001,coronacases_001,234,512x512,0.8105,0.8105,1.0,111563,1,306,data/raw/ct_volumes/coronacases_001.nii.gz,data/raw/ground_truth_masks/coronacases_001.nii.gz,PASSED
P_coronacases_001_coronacases_001_z0236,P_coronacases_001,coronacases_001,236,512x512,0.8105,0.8105,1.0,110237,1,53,data/raw/ct_volumes/coronacases_001.nii.gz,data/raw/ground_truth_masks/coronacases_001.nii.gz,PASSED
P_coronacases_001_coronacases_001_z0240,P_coronacases_001,coronacases_001,240,512x512,0.8105,0.8105,1.0,108412,0,0,data/raw/ct_volumes/coronacases_001.nii.gz,data/raw/ground_truth_masks/coronacases_001.nii.gz,PASSED
P_coronacases_001_coronacases_001_z0242,P_coronacases_001,coronacases_001,242,512x512,0.8105,0.8105,1.0,108098,1,49,data/raw/ct_volumes/coronacases_001.nii.gz,data/raw/ground_truth_masks/coronacases_001.nii.gz,PASSED
P_coronacases_001_coronacases_001_z0243,P_coronacases_001,coronacases_001,243,512x512,0.8105,0.8105,1.0,107915,1,30,data/raw/ct_volumes/coronacases_001.nii.gz,data/raw/ground_truth_masks/coronacases_001.nii.gz,PASSED
P_coronacases_001_coronacases_001_z0247,P_coronacases_001,coronacases_001,247,512x512,0.8105,0.8105,1.0,106414,0,0,data/raw/ct_volumes/coronacases_001.nii.gz,data/raw/ground_truth_masks/coronacases_001.nii.gz,PASSED
P_coronacases_001_coronacases_001_z0252,P_coronacases_001,coronacases_001,252,512x512,0.8105,0.8105,1.0,104855,0,0,data/raw/ct_volumes/coronacases_001.nii.gz,data/raw/ground_truth_masks/coronacases_001.nii.gz,PASSED
P_coronacases_001_coronacases_001_z0257,P_coronacases_001,coronacases_001,257,512x512,0.8105,0.8105,1.0,104725,0,0,data/raw/ct_volumes/coronacases_001.nii.gz,data/raw/ground_truth_masks/coronacases_001.nii.gz,PASSED
P_coronacases_001_coronacases_001_z0262,P_coronacases_001,coronacases_001,262,512x512,0.8105,0.8105,1.0,105252,0,0,data/raw/ct_volumes/coronacases_001.nii.gz,data/raw/ground_truth_masks/coronacases_001.nii.gz,PASSED
P_coronacases_001_coronacases_001_z0267,P_coronacases_001,coronacases_001,267,512x512,0.8105,0.8105,1.0,106417,0,0,data/raw/ct_volumes/coronacases_001.nii.gz,data/raw/ground_truth_masks/coronacases_001.nii.gz,PASSED
P_coronacases_001_coronacases_001_z0272,P_coronacases_001,coronacases_001,272,512x512,0.8105,0.8105,1.0,108464,0,0,data/raw/ct_volumes/coronacases_001.nii.gz,data/raw/ground_truth_masks/coronacases_001.nii.gz,PASSED
P_coronacases_001_coronacases_001_z0277,P_coronacases_001,coronacases_001,277,512x512,0.8105,0.8105,1.0,112942,0,0,data/raw/ct_volumes/coronacases_001.nii.gz,data/raw/ground_truth_masks/coronacases_001.nii.gz,PASSED
P_coronacases_001_coronacases_001_z0282,P_coronacases_001,coronacases_001,282,512x512,0.8105,0.8105,1.0,117648,0,0,data/raw/ct_volumes/coronacases_001.nii.gz,data/raw/ground_truth_masks/coronacases_001.nii.gz,PASSED
P_coronacases_001_coronacases_001_z0287,P_coronacases_001,coronacases_001,287,512x512,0.8105,0.8105,1.0,118325,0,0,data/raw/ct_volumes/coronacases_001.nii.gz,data/raw/ground_truth_masks/coronacases_001.nii.gz,PASSED
P_coronacases_001_coronacases_001_z0292,P_coronacases_001,coronacases_001,292,512x512,0.8105,0.8105,1.0,118938,0,0,data/raw/ct_volumes/coronacases_001.nii.gz,data/raw/ground_truth_masks/coronacases_001.nii.gz,PASSED
P_coronacases_001_coronacases_001_z0297,P_coronacases_001,coronacases_001,297,512x512,0.8105,0.8105,1.0,120921,0,0,data/raw/ct_volumes/coronacases_001.nii.gz,data/raw/ground_truth_masks/coronacases_001.nii.gz,PASSED
P_coronacases_002_coronacases_002_z0001,P_coronacases_002,coronacases_002,1,512x512,0.6836,0.6836,1.5,74227,0,0,data/raw/ct_volumes/coronacases_002.nii.gz,data/raw/ground_truth_masks/coronacases_002.nii.gz,PASSED
P_coronacases_002_coronacases_002_z0006,P_coronacases_002,coronacases_002,6,512x512,0.6836,0.6836,1.5,72576,0,0,data/raw/ct_volumes/coronacases_002.nii.gz,data/raw/ground_truth_masks/coronacases_002.nii.gz,PASSED
P_coronacases_002_coronacases_002_z0011,P_coronacases_002,coronacases_002,11,512x512,0.6836,0.6836,1.5,72153,0,0,data/raw/ct_volumes/coronacases_002.nii.gz,data/raw/ground_truth_masks/coronacases_002.nii.gz,PASSED
P_coronacases_002_coronacases_002_z0016,P_coronacases_002,coronacases_002,16,512x512,0.6836,0.6836,1.5,75040,0,0,data/raw/ct_volumes/coronacases_002.nii.gz,data/raw/ground_truth_masks/coronacases_002.nii.gz,PASSED
P_coronacases_002_coronacases_002_z0022,P_coronacases_002,coronacases_002,22,512x512,0.6836,0.6836,1.5,81429,0,0,data/raw/ct_volumes/coronacases_002.nii.gz,data/raw/ground_truth_masks/coronacases_002.nii.gz,PASSED
P_coronacases_002_coronacases_002_z0025,P_coronacases_002,coronacases_002,25,512x512,0.6836,0.6836,1.5,84454,1,129,data/raw/ct_volumes/coronacases_002.nii.gz,data/raw/ground_truth_masks/coronacases_002.nii.gz,PASSED
P_coronacases_002_coronacases_002_z0027,P_coronacases_002,coronacases_002,27,512x512,0.6836,0.6836,1.5,87413,1,492,data/raw/ct_volumes/coronacases_002.nii.gz,data/raw/ground_truth_masks/coronacases_002.nii.gz,PASSED
P_coronacases_002_coronacases_002_z0028,P_coronacases_002,coronacases_002,28,512x512,0.6836,0.6836,1.5,88333,1,595,data/raw/ct_volumes/coronacases_002.nii.gz,data/raw/ground_truth_masks/coronacases_002.nii.gz,PASSED
P_coronacases_002_coronacases_002_z0029,P_coronacases_002,coronacases_002,29,512x512,0.6836,0.6836,1.5,89083,1,686,data/raw/ct_volumes/coronacases_002.nii.gz,data/raw/ground_truth_masks/coronacases_002.nii.gz,PASSED
P_coronacases_002_coronacases_002_z0030,P_coronacases_002,coronacases_002,30,512x512,0.6836,0.6836,1.5,90530,1,1011,data/raw/ct_volumes/coronacases_002.nii.gz,data/raw/ground_truth_masks/coronacases_002.nii.gz,PASSED
P_coronacases_002_coronacases_002_z0032,P_coronacases_002,coronacases_002,32,512x512,0.6836,0.6836,1.5,91524,1,1016,data/raw/ct_volumes/coronacases_002.nii.gz,data/raw/ground_truth_masks/coronacases_002.nii.gz,PASSED
P_coronacases_002_coronacases_002_z0033,P_coronacases_002,coronacases_002,33,512x512,0.6836,0.6836,1.5,92620,1,1361,data/raw/ct_volumes/coronacases_002.nii.gz,data/raw/ground_truth_masks/coronacases_002.nii.gz,PASSED
P_coronacases_002_coronacases_002_z0034,P_coronacases_002,coronacases_002,34,512x512,0.6836,0.6836,1.5,92999,1,1222,data/raw/ct_volumes/coronacases_002.nii.gz,data/raw/ground_truth_masks/coronacases_002.nii.gz,PASSED
P_coronacases_002_coronacases_002_z0035,P_coronacases_002,coronacases_002,35,512x512,0.6836,0.6836,1.5,93874,1,1191,data/raw/ct_volumes/coronacases_002.nii.gz,data/raw/ground_truth_masks/coronacases_002.nii.gz,PASSED
P_coronacases_002_coronacases_002_z0037,P_coronacases_002,coronacases_002,37,512x512,0.6836,0.6836,1.5,95757,1,1213,data/raw/ct_volumes/coronacases_002.nii.gz,data/raw/ground_truth_masks/coronacases_002.nii.gz,PASSED
P_coronacases_002_coronacases_002_z0038,P_coronacases_002,coronacases_002,38,512x512,0.6836,0.6836,1.5,95522,1,1264,data/raw/ct_volumes/coronacases_002.nii.gz,data/raw/ground_truth_masks/coronacases_002.nii.gz,PASSED
P_coronacases_002_coronacases_002_z0039,P_coronacases_002,coronacases_002,39,512x512,0.6836,0.6836,1.5,95582,1,1218,data/raw/ct_volumes/coronacases_002.nii.gz,data/raw/ground_truth_masks/coronacases_002.nii.gz,PASSED
P_coronacases_002_coronacases_002_z0041,P_coronacases_002,coronacases_002,41,512x512,0.6836,0.6836,1.5,95733,1,1077,data/raw/ct_volumes/coronacases_002.nii.gz,data/raw/ground_truth_masks/coronacases_002.nii.gz,PASSED
P_coronacases_002_coronacases_002_z0042,P_coronacases_002,coronacases_002,42,512x512,0.6836,0.6836,1.5,96714,1,1041,data/raw/ct_volumes/coronacases_002.nii.gz,data/raw/ground_truth_masks/coronacases_002.nii.gz,PASSED
P_coronacases_002_coronacases_002_z0043,P_coronacases_002,coronacases_002,43,512x512,0.6836,0.6836,1.5,97906,1,1029,data/raw/ct_volumes/coronacases_002.nii.gz,data/raw/ground_truth_masks/coronacases_002.nii.gz,PASSED
P_coronacases_002_coronacases_002_z0044,P_coronacases_002,coronacases_002,44,512x512,0.6836,0.6836,1.5,98519,1,1125,data/raw/ct_volumes/coronacases_002.nii.gz,data/raw/ground_truth_masks/coronacases_002.nii.gz,PASSED
P_coronacases_002_coronacases_002_z0046,P_coronacases_002,coronacases_002,46,512x512,0.6836,0.6836,1.5,99665,1,1053,data/raw/ct_volumes/coronacases_002.nii.gz,data/raw/ground_truth_masks/coronacases_002.nii.gz,PASSED
P_coronacases_002_coronacases_002_z0047,P_coronacases_002,coronacases_002,47,512x512,0.6836,0.6836,1.5,100300,1,1087,data/raw/ct_volumes/coronacases_002.nii.gz,data/raw/ground_truth_masks/coronacases_002.nii.gz,PASSED
P_coronacases_002_coronacases_002_z0048,P_coronacases_002,coronacases_002,48,512x512,0.6836,0.6836,1.5,101027,1,1065,data/raw/ct_volumes/coronacases_002.nii.gz,data/raw/ground_truth_masks/coronacases_002.nii.gz,PASSED
P_coronacases_002_coronacases_002_z0049,P_coronacases_002,coronacases_002,49,512x512,0.6836,0.6836,1.5,101902,1,1100,data/raw/ct_volumes/coronacases_002.nii.gz,data/raw/ground_truth_masks/coronacases_002.nii.gz,PASSED
P_coronacases_002_coronacases_002_z0051,P_coronacases_002,coronacases_002,51,512x512,0.6836,0.6836,1.5,104869,1,1089,data/raw/ct_volumes/coronacases_002.nii.gz,data/raw/ground_truth_masks/coronacases_002.nii.gz,PASSED
P_coronacases_002_coronacases_002_z0052,P_coronacases_002,coronacases_002,52,512x512,0.6836,0.6836,1.5,106476,1,1035,data/raw/ct_volumes/coronacases_002.nii.gz,data/raw/ground_truth_masks/coronacases_002.nii.gz,PASSED
P_coronacases_002_coronacases_002_z0053,P_coronacases_002,coronacases_002,53,512x512,0.6836,0.6836,1.5,108321,1,999,data/raw/ct_volumes/coronacases_002.nii.gz,data/raw/ground_truth_masks/coronacases_002.nii.gz,PASSED
P_coronacases_002_coronacases_002_z0054,P_coronacases_002,coronacases_002,54,512x512,0.6836,0.6836,1.5,109668,1,1081,data/raw/ct_volumes/coronacases_002.nii.gz,data/raw/ground_truth_masks/coronacases_002.nii.gz,PASSED
P_coronacases_002_coronacases_002_z0056,P_coronacases_002,coronacases_002,56,512x512,0.6836,0.6836,1.5,110702,1,1011,data/raw/ct_volumes/coronacases_002.nii.gz,data/raw/ground_truth_masks/coronacases_002.nii.gz,PASSED
P_coronacases_002_coronacases_002_z0057,P_coronacases_002,coronacases_002,57,512x512,0.6836,0.6836,1.5,112796,1,1014,data/raw/ct_volumes/coronacases_002.nii.gz,data/raw/ground_truth_masks/coronacases_002.nii.gz,PASSED
P_coronacases_002_coronacases_002_z0058,P_coronacases_002,coronacases_002,58,512x512,0.6836,0.6836,1.5,113174,1,874,data/raw/ct_volumes/coronacases_002.nii.gz,data/raw/ground_truth_masks/coronacases_002.nii.gz,PASSED
P_coronacases_002_coronacases_002_z0059,P_coronacases_002,coronacases_002,59,512x512,0.6836,0.6836,1.5,113491,1,829,data/raw/ct_volumes/coronacases_002.nii.gz,data/raw/ground_truth_masks/coronacases_002.nii.gz,PASSED
P_coronacases_002_coronacases_002_z0061,P_coronacases_002,coronacases_002,61,512x512,0.6836,0.6836,1.5,114685,1,685,data/raw/ct_volumes/coronacases_002.nii.gz,data/raw/ground_truth_masks/coronacases_002.nii.gz,PASSED
P_coronacases_002_coronacases_002_z0062,P_coronacases_002,coronacases_002,62,512x512,0.6836,0.6836,1.5,115087,1,742,data/raw/ct_volumes/coronacases_002.nii.gz,data/raw/ground_truth_masks/coronacases_002.nii.gz,PASSED
P_coronacases_002_coronacases_002_z0063,P_coronacases_002,coronacases_002,63,512x512,0.6836,0.6836,1.5,115431,1,729,data/raw/ct_volumes/coronacases_002.nii.gz,data/raw/ground_truth_masks/coronacases_002.nii.gz,PASSED
P_coronacases_002_coronacases_002_z0065,P_coronacases_002,coronacases_002,65,512x512,0.6836,0.6836,1.5,117143,1,1670,data/raw/ct_volumes/coronacases_002.nii.gz,data/raw/ground_truth_masks/coronacases_002.nii.gz,PASSED
P_coronacases_002_coronacases_002_z0066,P_coronacases_002,coronacases_002,66,512x512,0.6836,0.6836,1.5,118327,1,1417,data/raw/ct_volumes/coronacases_002.nii.gz,data/raw/ground_truth_masks/coronacases_002.nii.gz,PASSED
P_coronacases_002_coronacases_002_z0067,P_coronacases_002,coronacases_002,67,512x512,0.6836,0.6836,1.5,119264,1,1174,data/raw/ct_volumes/coronacases_002.nii.gz,data/raw/ground_truth_masks/coronacases_002.nii.gz,PASSED
P_coronacases_002_coronacases_002_z0068,P_coronacases_002,coronacases_002,68,512x512,0.6836,0.6836,1.5,120229,1,1111,data/raw/ct_volumes/coronacases_002.nii.gz,data/raw/ground_truth_masks/coronacases_002.nii.gz,PASSED
P_coronacases_002_coronacases_002_z0070,P_coronacases_002,coronacases_002,70,512x512,0.6836,0.6836,1.5,121571,1,1452,data/raw/ct_volumes/coronacases_002.nii.gz,data/raw/ground_truth_masks/coronacases_002.nii.gz,PASSED
P_coronacases_002_coronacases_002_z0071,P_coronacases_002,coronacases_002,71,512x512,0.6836,0.6836,1.5,122109,1,1506,data/raw/ct_volumes/coronacases_002.nii.gz,data/raw/ground_truth_masks/coronacases_002.nii.gz,PASSED
P_coronacases_002_coronacases_002_z0072,P_coronacases_002,coronacases_002,72,512x512,0.6836,0.6836,1.5,123243,1,1491,data/raw/ct_volumes/coronacases_002.nii.gz,data/raw/ground_truth_masks/coronacases_002.nii.gz,PASSED
P_coronacases_002_coronacases_002_z0073,P_coronacases_002,coronacases_002,73,512x512,0.6836,0.6836,1.5,124153,1,1141,data/raw/ct_volumes/coronacases_002.nii.gz,data/raw/ground_truth_masks/coronacases_002.nii.gz,PASSED
P_coronacases_002_coronacases_002_z0075,P_coronacases_002,coronacases_002,75,512x512,0.6836,0.6836,1.5,126580,1,635,data/raw/ct_volumes/coronacases_002.nii.gz,data/raw/ground_truth_masks/coronacases_002.nii.gz,PASSED
P_coronacases_002_coronacases_002_z0076,P_coronacases_002,coronacases_002,76,512x512,0.6836,0.6836,1.5,127390,1,686,data/raw/ct_volumes/coronacases_002.nii.gz,data/raw/ground_truth_masks/coronacases_002.nii.gz,PASSED
P_coronacases_002_coronacases_002_z0077,P_coronacases_002,coronacases_002,77,512x512,0.6836,0.6836,1.5,128057,1,194,data/raw/ct_volumes/coronacases_002.nii.gz,data/raw/ground_truth_masks/coronacases_002.nii.gz,PASSED
P_coronacases_002_coronacases_002_z0078,P_coronacases_002,coronacases_002,78,512x512,0.6836,0.6836,1.5,127756,1,214,data/raw/ct_volumes/coronacases_002.nii.gz,data/raw/ground_truth_masks/coronacases_002.nii.gz,PASSED
P_coronacases_002_coronacases_002_z0080,P_coronacases_002,coronacases_002,80,512x512,0.6836,0.6836,1.5,127301,1,173,data/raw/ct_volumes/coronacases_002.nii.gz,data/raw/ground_truth_masks/coronacases_002.nii.gz,PASSED
P_coronacases_002_coronacases_002_z0081,P_coronacases_002,coronacases_002,81,512x512,0.6836,0.6836,1.5,126871,1,159,data/raw/ct_volumes/coronacases_002.nii.gz,data/raw/ground_truth_masks/coronacases_002.nii.gz,PASSED
P_coronacases_002_coronacases_002_z0082,P_coronacases_002,coronacases_002,82,512x512,0.6836,0.6836,1.5,126679,1,152,data/raw/ct_volumes/coronacases_002.nii.gz,data/raw/ground_truth_masks/coronacases_002.nii.gz,PASSED
P_coronacases_002_coronacases_002_z0083,P_coronacases_002,coronacases_002,83,512x512,0.6836,0.6836,1.5,126139,1,236,data/raw/ct_volumes/coronacases_002.nii.gz,data/raw/ground_truth_masks/coronacases_002.nii.gz,PASSED
P_coronacases_002_coronacases_002_z0085,P_coronacases_002,coronacases_002,85,512x512,0.6836,0.6836,1.5,124804,1,1488,data/raw/ct_volumes/coronacases_002.nii.gz,data/raw/ground_truth_masks/coronacases_002.nii.gz,PASSED
P_coronacases_002_coronacases_002_z0086,P_coronacases_002,coronacases_002,86,512x512,0.6836,0.6836,1.5,124176,1,2159,data/raw/ct_volumes/coronacases_002.nii.gz,data/raw/ground_truth_masks/coronacases_002.nii.gz,PASSED
P_coronacases_002_coronacases_002_z0087,P_coronacases_002,coronacases_002,87,512x512,0.6836,0.6836,1.5,123224,1,2449,data/raw/ct_volumes/coronacases_002.nii.gz,data/raw/ground_truth_masks/coronacases_002.nii.gz,PASSED
P_coronacases_002_coronacases_002_z0089,P_coronacases_002,coronacases_002,89,512x512,0.6836,0.6836,1.5,122822,1,3315,data/raw/ct_volumes/coronacases_002.nii.gz,data/raw/ground_truth_masks/coronacases_002.nii.gz,PASSED
P_coronacases_002_coronacases_002_z0090,P_coronacases_002,coronacases_002,90,512x512,0.6836,0.6836,1.5,122935,1,3421,data/raw/ct_volumes/coronacases_002.nii.gz,data/raw/ground_truth_masks/coronacases_002.nii.gz,PASSED
P_coronacases_002_coronacases_002_z0091,P_coronacases_002,coronacases_002,91,512x512,0.6836,0.6836,1.5,122977,1,3762,data/raw/ct_volumes/coronacases_002.nii.gz,data/raw/ground_truth_masks/coronacases_002.nii.gz,PASSED
P_coronacases_002_coronacases_002_z0092,P_coronacases_002,coronacases_002,92,512x512,0.6836,0.6836,1.5,123562,1,4385,data/raw/ct_volumes/coronacases_002.nii.gz,data/raw/ground_truth_masks/coronacases_002.nii.gz,PASSED
P_coronacases_002_coronacases_002_z0094,P_coronacases_002,coronacases_002,94,512x512,0.6836,0.6836,1.5,124266,1,4676,data/raw/ct_volumes/coronacases_002.nii.gz,data/raw/ground_truth_masks/coronacases_002.nii.gz,PASSED
P_coronacases_002_coronacases_002_z0095,P_coronacases_002,coronacases_002,95,512x512,0.6836,0.6836,1.5,124022,1,4669,data/raw/ct_volumes/coronacases_002.nii.gz,data/raw/ground_truth_masks/coronacases_002.nii.gz,PASSED
P_coronacases_002_coronacases_002_z0096,P_coronacases_002,coronacases_002,96,512x512,0.6836,0.6836,1.5,124139,1,4349,data/raw/ct_volumes/coronacases_002.nii.gz,data/raw/ground_truth_masks/coronacases_002.nii.gz,PASSED
P_coronacases_002_coronacases_002_z0097,P_coronacases_002,coronacases_002,97,512x512,0.6836,0.6836,1.5,123142,1,4280,data/raw/ct_volumes/coronacases_002.nii.gz,data/raw/ground_truth_masks/coronacases_002.nii.gz,PASSED
P_coronacases_002_coronacases_002_z0099,P_coronacases_002,coronacases_002,99,512x512,0.6836,0.6836,1.5,123063,1,3925,data/raw/ct_volumes/coronacases_002.nii.gz,data/raw/ground_truth_masks/coronacases_002.nii.gz,PASSED
P_coronacases_002_coronacases_002_z0100,P_coronacases_002,coronacases_002,100,512x512,0.6836,0.6836,1.5,123440,1,3720,data/raw/ct_volumes/coronacases_002.nii.gz,data/raw/ground_truth_masks/coronacases_002.nii.gz,PASSED
P_coronacases_002_coronacases_002_z0101,P_coronacases_002,coronacases_002,101,512x512,0.6836,0.6836,1.5,122498,1,3511,data/raw/ct_volumes/coronacases_002.nii.gz,data/raw/ground_truth_masks/coronacases_002.nii.gz,PASSED
P_coronacases_002_coronacases_002_z0102,P_coronacases_002,coronacases_002,102,512x512,0.6836,0.6836,1.5,122001,1,2990,data/raw/ct_volumes/coronacases_002.nii.gz,data/raw/ground_truth_masks/coronacases_002.nii.gz,PASSED
P_coronacases_002_coronacases_002_z0104,P_coronacases_002,coronacases_002,104,512x512,0.6836,0.6836,1.5,121133,1,2525,data/raw/ct_volumes/coronacases_002.nii.gz,data/raw/ground_truth_masks/coronacases_002.nii.gz,PASSED
P_coronacases_002_coronacases_002_z0105,P_coronacases_002,coronacases_002,105,512x512,0.6836,0.6836,1.5,120833,1,2219,data/raw/ct_volumes/coronacases_002.nii.gz,data/raw/ground_truth_masks/coronacases_002.nii.gz,PASSED
P_coronacases_002_coronacases_002_z0106,P_coronacases_002,coronacases_002,106,512x512,0.6836,0.6836,1.5,121014,1,2306,data/raw/ct_volumes/coronacases_002.nii.gz,data/raw/ground_truth_masks/coronacases_002.nii.gz,PASSED
P_coronacases_002_coronacases_002_z0108,P_coronacases_002,coronacases_002,108,512x512,0.6836,0.6836,1.5,120546,1,2376,data/raw/ct_volumes/coronacases_002.nii.gz,data/raw/ground_truth_masks/coronacases_002.nii.gz,PASSED
P_coronacases_002_coronacases_002_z0109,P_coronacases_002,coronacases_002,109,512x512,0.6836,0.6836,1.5,121007,1,2341,data/raw/ct_volumes/coronacases_002.nii.gz,data/raw/ground_truth_masks/coronacases_002.nii.gz,PASSED
P_coronacases_002_coronacases_002_z0110,P_coronacases_002,coronacases_002,110,512x512,0.6836,0.6836,1.5,121546,1,2027,data/raw/ct_volumes/coronacases_002.nii.gz,data/raw/ground_truth_masks/coronacases_002.nii.gz,PASSED
P_coronacases_002_coronacases_002_z0111,P_coronacases_002,coronacases_002,111,512x512,0.6836,0.6836,1.5,121532,1,1628,data/raw/ct_volumes/coronacases_002.nii.gz,data/raw/ground_truth_masks/coronacases_002.nii.gz,PASSED
P_coronacases_002_coronacases_002_z0113,P_coronacases_002,coronacases_002,113,512x512,0.6836,0.6836,1.5,122319,1,1407,data/raw/ct_volumes/coronacases_002.nii.gz,data/raw/ground_truth_masks/coronacases_002.nii.gz,PASSED
P_coronacases_002_coronacases_002_z0114,P_coronacases_002,coronacases_002,114,512x512,0.6836,0.6836,1.5,122595,1,1008,data/raw/ct_volumes/coronacases_002.nii.gz,data/raw/ground_truth_masks/coronacases_002.nii.gz,PASSED
P_coronacases_002_coronacases_002_z0115,P_coronacases_002,coronacases_002,115,512x512,0.6836,0.6836,1.5,122696,1,1013,data/raw/ct_volumes/coronacases_002.nii.gz,data/raw/ground_truth_masks/coronacases_002.nii.gz,PASSED
P_coronacases_002_coronacases_002_z0116,P_coronacases_002,coronacases_002,116,512x512,0.6836,0.6836,1.5,122858,1,845,data/raw/ct_volumes/coronacases_002.nii.gz,data/raw/ground_truth_masks/coronacases_002.nii.gz,PASSED
P_coronacases_002_coronacases_002_z0118,P_coronacases_002,coronacases_002,118,512x512,0.6836,0.6836,1.5,121924,1,1279,data/raw/ct_volumes/coronacases_002.nii.gz,data/raw/ground_truth_masks/coronacases_002.nii.gz,PASSED
P_coronacases_002_coronacases_002_z0119,P_coronacases_002,coronacases_002,119,512x512,0.6836,0.6836,1.5,122011,1,1708,data/raw/ct_volumes/coronacases_002.nii.gz,data/raw/ground_truth_masks/coronacases_002.nii.gz,PASSED
P_coronacases_002_coronacases_002_z0120,P_coronacases_002,coronacases_002,120,512x512,0.6836,0.6836,1.5,121837,1,2071,data/raw/ct_volumes/coronacases_002.nii.gz,data/raw/ground_truth_masks/coronacases_002.nii.gz,PASSED
P_coronacases_002_coronacases_002_z0121,P_coronacases_002,coronacases_002,121,512x512,0.6836,0.6836,1.5,121689,1,3047,data/raw/ct_volumes/coronacases_002.nii.gz,data/raw/ground_truth_masks/coronacases_002.nii.gz,PASSED
P_coronacases_002_coronacases_002_z0123,P_coronacases_002,coronacases_002,123,512x512,0.6836,0.6836,1.5,122159,1,3366,data/raw/ct_volumes/coronacases_002.nii.gz,data/raw/ground_truth_masks/coronacases_002.nii.gz,PASSED
P_coronacases_002_coronacases_002_z0124,P_coronacases_002,coronacases_002,124,512x512,0.6836,0.6836,1.5,122424,1,3453,data/raw/ct_volumes/coronacases_002.nii.gz,data/raw/ground_truth_masks/coronacases_002.nii.gz,PASSED
P_coronacases_002_coronacases_002_z0125,P_coronacases_002,coronacases_002,125,512x512,0.6836,0.6836,1.5,122308,1,2859,data/raw/ct_volumes/coronacases_002.nii.gz,data/raw/ground_truth_masks/coronacases_002.nii.gz,PASSED
P_coronacases_002_coronacases_002_z0126,P_coronacases_002,coronacases_002,126,512x512,0.6836,0.6836,1.5,122705,1,2970,data/raw/ct_volumes/coronacases_002.nii.gz,data/raw/ground_truth_masks/coronacases_002.nii.gz,PASSED
P_coronacases_002_coronacases_002_z0128,P_coronacases_002,coronacases_002,128,512x512,0.6836,0.6836,1.5,122021,1,2843,data/raw/ct_volumes/coronacases_002.nii.gz,data/raw/ground_truth_masks/coronacases_002.nii.gz,PASSED
P_coronacases_002_coronacases_002_z0129,P_coronacases_002,coronacases_002,129,512x512,0.6836,0.6836,1.5,122478,1,3237,data/raw/ct_volumes/coronacases_002.nii.gz,data/raw/ground_truth_masks/coronacases_002.nii.gz,PASSED
P_coronacases_002_coronacases_002_z0130,P_coronacases_002,coronacases_002,130,512x512,0.6836,0.6836,1.5,122998,1,3133,data/raw/ct_volumes/coronacases_002.nii.gz,data/raw/ground_truth_masks/coronacases_002.nii.gz,PASSED
P_coronacases_002_coronacases_002_z0132,P_coronacases_002,coronacases_002,132,512x512,0.6836,0.6836,1.5,124299,1,3525,data/raw/ct_volumes/coronacases_002.nii.gz,data/raw/ground_truth_masks/coronacases_002.nii.gz,PASSED
P_coronacases_002_coronacases_002_z0133,P_coronacases_002,coronacases_002,133,512x512,0.6836,0.6836,1.5,124334,1,3286,data/raw/ct_volumes/coronacases_002.nii.gz,data/raw/ground_truth_masks/coronacases_002.nii.gz,PASSED
P_coronacases_002_coronacases_002_z0134,P_coronacases_002,coronacases_002,134,512x512,0.6836,0.6836,1.5,123876,1,3289,data/raw/ct_volumes/coronacases_002.nii.gz,data/raw/ground_truth_masks/coronacases_002.nii.gz,PASSED
P_coronacases_002_coronacases_002_z0135,P_coronacases_002,coronacases_002,135,512x512,0.6836,0.6836,1.5,122922,1,3379,data/raw/ct_volumes/coronacases_002.nii.gz,data/raw/ground_truth_masks/coronacases_002.nii.gz,PASSED
P_coronacases_002_coronacases_002_z0137,P_coronacases_002,coronacases_002,137,512x512,0.6836,0.6836,1.5,122660,1,3908,data/raw/ct_volumes/coronacases_002.nii.gz,data/raw/ground_truth_masks/coronacases_002.nii.gz,PASSED
P_coronacases_002_coronacases_002_z0138,P_coronacases_002,coronacases_002,138,512x512,0.6836,0.6836,1.5,122738,1,3817,data/raw/ct_volumes/coronacases_002.nii.gz,data/raw/ground_truth_masks/coronacases_002.nii.gz,PASSED
P_coronacases_002_coronacases_002_z0139,P_coronacases_002,coronacases_002,139,512x512,0.6836,0.6836,1.5,122747,1,3290,data/raw/ct_volumes/coronacases_002.nii.gz,data/raw/ground_truth_masks/coronacases_002.nii.gz,PASSED
P_coronacases_002_coronacases_002_z0140,P_coronacases_002,coronacases_002,140,512x512,0.6836,0.6836,1.5,121982,1,3738,data/raw/ct_volumes/coronacases_002.nii.gz,data/raw/ground_truth_masks/coronacases_002.nii.gz,PASSED
P_coronacases_002_coronacases_002_z0142,P_coronacases_002,coronacases_002,142,512x512,0.6836,0.6836,1.5,120299,1,3268,data/raw/ct_volumes/coronacases_002.nii.gz,data/raw/ground_truth_masks/coronacases_002.nii.gz,PASSED
P_coronacases_002_coronacases_002_z0143,P_coronacases_002,coronacases_002,143,512x512,0.6836,0.6836,1.5,118876,1,3397,data/raw/ct_volumes/coronacases_002.nii.gz,data/raw/ground_truth_masks/coronacases_002.nii.gz,PASSED
P_coronacases_002_coronacases_002_z0144,P_coronacases_002,coronacases_002,144,512x512,0.6836,0.6836,1.5,117653,1,3485,data/raw/ct_volumes/coronacases_002.nii.gz,data/raw/ground_truth_masks/coronacases_002.nii.gz,PASSED
P_coronacases_002_coronacases_002_z0145,P_coronacases_002,coronacases_002,145,512x512,0.6836,0.6836,1.5,116299,1,3547,data/raw/ct_volumes/coronacases_002.nii.gz,data/raw/ground_truth_masks/coronacases_002.nii.gz,PASSED
P_coronacases_002_coronacases_002_z0147,P_coronacases_002,coronacases_002,147,512x512,0.6836,0.6836,1.5,115039,1,3751,data/raw/ct_volumes/coronacases_002.nii.gz,data/raw/ground_truth_masks/coronacases_002.nii.gz,PASSED
P_coronacases_002_coronacases_002_z0148,P_coronacases_002,coronacases_002,148,512x512,0.6836,0.6836,1.5,113579,1,3589,data/raw/ct_volumes/coronacases_002.nii.gz,data/raw/ground_truth_masks/coronacases_002.nii.gz,PASSED
P_coronacases_002_coronacases_002_z0149,P_coronacases_002,coronacases_002,149,512x512,0.6836,0.6836,1.5,111879,1,3640,data/raw/ct_volumes/coronacases_002.nii.gz,data/raw/ground_truth_masks/coronacases_002.nii.gz,PASSED
P_coronacases_002_coronacases_002_z0151,P_coronacases_002,coronacases_002,151,512x512,0.6836,0.6836,1.5,108231,1,3026,data/raw/ct_volumes/coronacases_002.nii.gz,data/raw/ground_truth_masks/coronacases_002.nii.gz,PASSED
P_coronacases_002_coronacases_002_z0152,P_coronacases_002,coronacases_002,152,512x512,0.6836,0.6836,1.5,106839,1,3113,data/raw/ct_volumes/coronacases_002.nii.gz,data/raw/ground_truth_masks/coronacases_002.nii.gz,PASSED
P_coronacases_002_coronacases_002_z0153,P_coronacases_002,coronacases_002,153,512x512,0.6836,0.6836,1.5,105648,1,2541,data/raw/ct_volumes/coronacases_002.nii.gz,data/raw/ground_truth_masks/coronacases_002.nii.gz,PASSED
P_coronacases_002_coronacases_002_z0154,P_coronacases_002,coronacases_002,154,512x512,0.6836,0.6836,1.5,104528,1,2134,data/raw/ct_volumes/coronacases_002.nii.gz,data/raw/ground_truth_masks/coronacases_002.nii.gz,PASSED
P_coronacases_002_coronacases_002_z0156,P_coronacases_002,coronacases_002,156,512x512,0.6836,0.6836,1.5,102890,1,1501,data/raw/ct_volumes/coronacases_002.nii.gz,data/raw/ground_truth_masks/coronacases_002.nii.gz,PASSED
P_coronacases_002_coronacases_002_z0157,P_coronacases_002,coronacases_002,157,512x512,0.6836,0.6836,1.5,101372,1,1188,data/raw/ct_volumes/coronacases_002.nii.gz,data/raw/ground_truth_masks/coronacases_002.nii.gz,PASSED
P_coronacases_002_coronacases_002_z0158,P_coronacases_002,coronacases_002,158,512x512,0.6836,0.6836,1.5,99937,1,1173,data/raw/ct_volumes/coronacases_002.nii.gz,data/raw/ground_truth_masks/coronacases_002.nii.gz,PASSED
P_coronacases_002_coronacases_002_z0159,P_coronacases_002,coronacases_002,159,512x512,0.6836,0.6836,1.5,99564,1,899,data/raw/ct_volumes/coronacases_002.nii.gz,data/raw/ground_truth_masks/coronacases_002.nii.gz,PASSED
P_coronacases_002_coronacases_002_z0161,P_coronacases_002,coronacases_002,161,512x512,0.6836,0.6836,1.5,96724,1,311,data/raw/ct_volumes/coronacases_002.nii.gz,data/raw/ground_truth_masks/coronacases_002.nii.gz,PASSED
P_coronacases_002_coronacases_002_z0162,P_coronacases_002,coronacases_002,162,512x512,0.6836,0.6836,1.5,96793,1,360,data/raw/ct_volumes/coronacases_002.nii.gz,data/raw/ground_truth_masks/coronacases_002.nii.gz,PASSED
P_coronacases_002_coronacases_002_z0163,P_coronacases_002,coronacases_002,163,512x512,0.6836,0.6836,1.5,95363,1,371,data/raw/ct_volumes/coronacases_002.nii.gz,data/raw/ground_truth_masks/coronacases_002.nii.gz,PASSED
P_coronacases_002_coronacases_002_z0164,P_coronacases_002,coronacases_002,164,512x512,0.6836,0.6836,1.5,93823,1,307,data/raw/ct_volumes/coronacases_002.nii.gz,data/raw/ground_truth_masks/coronacases_002.nii.gz,PASSED
P_coronacases_002_coronacases_002_z0166,P_coronacases_002,coronacases_002,166,512x512,0.6836,0.6836,1.5,91003,1,188,data/raw/ct_volumes/coronacases_002.nii.gz,data/raw/ground_truth_masks/coronacases_002.nii.gz,PASSED
P_coronacases_002_coronacases_002_z0167,P_coronacases_002,coronacases_002,167,512x512,0.6836,0.6836,1.5,89401,1,119,data/raw/ct_volumes/coronacases_002.nii.gz,data/raw/ground_truth_masks/coronacases_002.nii.gz,PASSED
P_coronacases_002_coronacases_002_z0170,P_coronacases_002,coronacases_002,170,512x512,0.6836,0.6836,1.5,85539,0,0,data/raw/ct_volumes/coronacases_002.nii.gz,data/raw/ground_truth_masks/coronacases_002.nii.gz,PASSED
P_coronacases_002_coronacases_002_z0175,P_coronacases_002,coronacases_002,175,512x512,0.6836,0.6836,1.5,82816,0,0,data/raw/ct_volumes/coronacases_002.nii.gz,data/raw/ground_truth_masks/coronacases_002.nii.gz,PASSED
P_coronacases_002_coronacases_002_z0180,P_coronacases_002,coronacases_002,180,512x512,0.6836,0.6836,1.5,80760,0,0,data/raw/ct_volumes/coronacases_002.nii.gz,data/raw/ground_truth_masks/coronacases_002.nii.gz,PASSED
P_coronacases_002_coronacases_002_z0185,P_coronacases_002,coronacases_002,185,512x512,0.6836,0.6836,1.5,84776,0,0,data/raw/ct_volumes/coronacases_002.nii.gz,data/raw/ground_truth_masks/coronacases_002.nii.gz,PASSED
P_coronacases_002_coronacases_002_z0190,P_coronacases_002,coronacases_002,190,512x512,0.6836,0.6836,1.5,92017,0,0,data/raw/ct_volumes/coronacases_002.nii.gz,data/raw/ground_truth_masks/coronacases_002.nii.gz,PASSED
P_coronacases_002_coronacases_002_z0195,P_coronacases_002,coronacases_002,195,512x512,0.6836,0.6836,1.5,97884,0,0,data/raw/ct_volumes/coronacases_002.nii.gz,data/raw/ground_truth_masks/coronacases_002.nii.gz,PASSED
P_coronacases_003_coronacases_003_z0000,P_coronacases_003,coronacases_003,0,512x512,0.7363,0.7363,1.5,91396,0,0,data/raw/ct_volumes/coronacases_003.nii.gz,data/raw/ground_truth_masks/coronacases_003.nii.gz,PASSED
P_coronacases_003_coronacases_003_z0005,P_coronacases_003,coronacases_003,5,512x512,0.7363,0.7363,1.5,90579,0,0,data/raw/ct_volumes/coronacases_003.nii.gz,data/raw/ground_truth_masks/coronacases_003.nii.gz,PASSED
P_coronacases_003_coronacases_003_z0010,P_coronacases_003,coronacases_003,10,512x512,0.7363,0.7363,1.5,89496,0,0,data/raw/ct_volumes/coronacases_003.nii.gz,data/raw/ground_truth_masks/coronacases_003.nii.gz,PASSED
P_coronacases_003_coronacases_003_z0015,P_coronacases_003,coronacases_003,15,512x512,0.7363,0.7363,1.5,88345,0,0,data/raw/ct_volumes/coronacases_003.nii.gz,data/raw/ground_truth_masks/coronacases_003.nii.gz,PASSED
P_coronacases_003_coronacases_003_z0020,P_coronacases_003,coronacases_003,20,512x512,0.7363,0.7363,1.5,87502,0,0,data/raw/ct_volumes/coronacases_003.nii.gz,data/raw/ground_truth_masks/coronacases_003.nii.gz,PASSED
P_coronacases_003_coronacases_003_z0025,P_coronacases_003,coronacases_003,25,512x512,0.7363,0.7363,1.5,85529,0,0,data/raw/ct_volumes/coronacases_003.nii.gz,data/raw/ground_truth_masks/coronacases_003.nii.gz,PASSED
P_coronacases_003_coronacases_003_z0030,P_coronacases_003,coronacases_003,30,512x512,0.7363,0.7363,1.5,85554,0,0,data/raw/ct_volumes/coronacases_003.nii.gz,data/raw/ground_truth_masks/coronacases_003.nii.gz,PASSED
P_coronacases_003_coronacases_003_z0035,P_coronacases_003,coronacases_003,35,512x512,0.7363,0.7363,1.5,85144,0,0,data/raw/ct_volumes/coronacases_003.nii.gz,data/raw/ground_truth_masks/coronacases_003.nii.gz,PASSED
P_coronacases_003_coronacases_003_z0040,P_coronacases_003,coronacases_003,40,512x512,0.7363,0.7363,1.5,84605,0,0,data/raw/ct_volumes/coronacases_003.nii.gz,data/raw/ground_truth_masks/coronacases_003.nii.gz,PASSED
P_coronacases_003_coronacases_003_z0042,P_coronacases_003,coronacases_003,42,512x512,0.7363,0.7363,1.5,83855,1,309,data/raw/ct_volumes/coronacases_003.nii.gz,data/raw/ground_truth_masks/coronacases_003.nii.gz,PASSED
P_coronacases_003_coronacases_003_z0043,P_coronacases_003,coronacases_003,43,512x512,0.7363,0.7363,1.5,84078,1,303,data/raw/ct_volumes/coronacases_003.nii.gz,data/raw/ground_truth_masks/coronacases_003.nii.gz,PASSED
P_coronacases_003_coronacases_003_z0045,P_coronacases_003,coronacases_003,45,512x512,0.7363,0.7363,1.5,86533,1,312,data/raw/ct_volumes/coronacases_003.nii.gz,data/raw/ground_truth_masks/coronacases_003.nii.gz,PASSED
P_coronacases_003_coronacases_003_z0046,P_coronacases_003,coronacases_003,46,512x512,0.7363,0.7363,1.5,86190,1,519,data/raw/ct_volumes/coronacases_003.nii.gz,data/raw/ground_truth_masks/coronacases_003.nii.gz,PASSED
P_coronacases_003_coronacases_003_z0047,P_coronacases_003,coronacases_003,47,512x512,0.7363,0.7363,1.5,86424,1,555,data/raw/ct_volumes/coronacases_003.nii.gz,data/raw/ground_truth_masks/coronacases_003.nii.gz,PASSED
P_coronacases_003_coronacases_003_z0049,P_coronacases_003,coronacases_003,49,512x512,0.7363,0.7363,1.5,87586,1,1030,data/raw/ct_volumes/coronacases_003.nii.gz,data/raw/ground_truth_masks/coronacases_003.nii.gz,PASSED
P_coronacases_003_coronacases_003_z0050,P_coronacases_003,coronacases_003,50,512x512,0.7363,0.7363,1.5,87514,1,1282,data/raw/ct_volumes/coronacases_003.nii.gz,data/raw/ground_truth_masks/coronacases_003.nii.gz,PASSED
P_coronacases_003_coronacases_003_z0051,P_coronacases_003,coronacases_003,51,512x512,0.7363,0.7363,1.5,88130,1,1607,data/raw/ct_volumes/coronacases_003.nii.gz,data/raw/ground_truth_masks/coronacases_003.nii.gz,PASSED
P_coronacases_003_coronacases_003_z0052,P_coronacases_003,coronacases_003,52,512x512,0.7363,0.7363,1.5,89355,1,2708,data/raw/ct_volumes/coronacases_003.nii.gz,data/raw/ground_truth_masks/coronacases_003.nii.gz,PASSED
P_coronacases_003_coronacases_003_z0054,P_coronacases_003,coronacases_003,54,512x512,0.7363,0.7363,1.5,89849,1,3720,data/raw/ct_volumes/coronacases_003.nii.gz,data/raw/ground_truth_masks/coronacases_003.nii.gz,PASSED
P_coronacases_003_coronacases_003_z0055,P_coronacases_003,coronacases_003,55,512x512,0.7363,0.7363,1.5,90552,1,3839,data/raw/ct_volumes/coronacases_003.nii.gz,data/raw/ground_truth_masks/coronacases_003.nii.gz,PASSED
P_coronacases_003_coronacases_003_z0056,P_coronacases_003,coronacases_003,56,512x512,0.7363,0.7363,1.5,89891,1,4978,data/raw/ct_volumes/coronacases_003.nii.gz,data/raw/ground_truth_masks/coronacases_003.nii.gz,PASSED
P_coronacases_003_coronacases_003_z0057,P_coronacases_003,coronacases_003,57,512x512,0.7363,0.7363,1.5,91133,1,5662,data/raw/ct_volumes/coronacases_003.nii.gz,data/raw/ground_truth_masks/coronacases_003.nii.gz,PASSED
P_coronacases_003_coronacases_003_z0059,P_coronacases_003,coronacases_003,59,512x512,0.7363,0.7363,1.5,93516,1,6453,data/raw/ct_volumes/coronacases_003.nii.gz,data/raw/ground_truth_masks/coronacases_003.nii.gz,PASSED
P_coronacases_003_coronacases_003_z0060,P_coronacases_003,coronacases_003,60,512x512,0.7363,0.7363,1.5,95980,1,7081,data/raw/ct_volumes/coronacases_003.nii.gz,data/raw/ground_truth_masks/coronacases_003.nii.gz,PASSED
P_coronacases_003_coronacases_003_z0061,P_coronacases_003,coronacases_003,61,512x512,0.7363,0.7363,1.5,96437,1,7964,data/raw/ct_volumes/coronacases_003.nii.gz,data/raw/ground_truth_masks/coronacases_003.nii.gz,PASSED
P_coronacases_003_coronacases_003_z0062,P_coronacases_003,coronacases_003,62,512x512,0.7363,0.7363,1.5,98169,1,8687,data/raw/ct_volumes/coronacases_003.nii.gz,data/raw/ground_truth_masks/coronacases_003.nii.gz,PASSED
P_coronacases_003_coronacases_003_z0064,P_coronacases_003,coronacases_003,64,512x512,0.7363,0.7363,1.5,101093,1,10629,data/raw/ct_volumes/coronacases_003.nii.gz,data/raw/ground_truth_masks/coronacases_003.nii.gz,PASSED
P_coronacases_003_coronacases_003_z0065,P_coronacases_003,coronacases_003,65,512x512,0.7363,0.7363,1.5,101385,1,11657,data/raw/ct_volumes/coronacases_003.nii.gz,data/raw/ground_truth_masks/coronacases_003.nii.gz,PASSED
P_coronacases_003_coronacases_003_z0066,P_coronacases_003,coronacases_003,66,512x512,0.7363,0.7363,1.5,103539,1,12303,data/raw/ct_volumes/coronacases_003.nii.gz,data/raw/ground_truth_masks/coronacases_003.nii.gz,PASSED
P_coronacases_003_coronacases_003_z0067,P_coronacases_003,coronacases_003,67,512x512,0.7363,0.7363,1.5,105696,1,13436,data/raw/ct_volumes/coronacases_003.nii.gz,data/raw/ground_truth_masks/coronacases_003.nii.gz,PASSED
P_coronacases_003_coronacases_003_z0069,P_coronacases_003,coronacases_003,69,512x512,0.7363,0.7363,1.5,108162,1,14937,data/raw/ct_volumes/coronacases_003.nii.gz,data/raw/ground_truth_masks/coronacases_003.nii.gz,PASSED
P_coronacases_003_coronacases_003_z0070,P_coronacases_003,coronacases_003,70,512x512,0.7363,0.7363,1.5,110228,1,15532,data/raw/ct_volumes/coronacases_003.nii.gz,data/raw/ground_truth_masks/coronacases_003.nii.gz,PASSED
P_coronacases_003_coronacases_003_z0071,P_coronacases_003,coronacases_003,71,512x512,0.7363,0.7363,1.5,110836,1,15150,data/raw/ct_volumes/coronacases_003.nii.gz,data/raw/ground_truth_masks/coronacases_003.nii.gz,PASSED
P_coronacases_003_coronacases_003_z0073,P_coronacases_003,coronacases_003,73,512x512,0.7363,0.7363,1.5,119444,1,15770,data/raw/ct_volumes/coronacases_003.nii.gz,data/raw/ground_truth_masks/coronacases_003.nii.gz,PASSED
P_coronacases_003_coronacases_003_z0074,P_coronacases_003,coronacases_003,74,512x512,0.7363,0.7363,1.5,120742,1,16787,data/raw/ct_volumes/coronacases_003.nii.gz,data/raw/ground_truth_masks/coronacases_003.nii.gz,PASSED
P_coronacases_003_coronacases_003_z0075,P_coronacases_003,coronacases_003,75,512x512,0.7363,0.7363,1.5,121565,1,17785,data/raw/ct_volumes/coronacases_003.nii.gz,data/raw/ground_truth_masks/coronacases_003.nii.gz,PASSED
P_coronacases_003_coronacases_003_z0076,P_coronacases_003,coronacases_003,76,512x512,0.7363,0.7363,1.5,122855,1,18397,data/raw/ct_volumes/coronacases_003.nii.gz,data/raw/ground_truth_masks/coronacases_003.nii.gz,PASSED
P_coronacases_003_coronacases_003_z0078,P_coronacases_003,coronacases_003,78,512x512,0.7363,0.7363,1.5,124736,1,20352,data/raw/ct_volumes/coronacases_003.nii.gz,data/raw/ground_truth_masks/coronacases_003.nii.gz,PASSED
P_coronacases_003_coronacases_003_z0079,P_coronacases_003,coronacases_003,79,512x512,0.7363,0.7363,1.5,127562,1,20486,data/raw/ct_volumes/coronacases_003.nii.gz,data/raw/ground_truth_masks/coronacases_003.nii.gz,PASSED
P_coronacases_003_coronacases_003_z0080,P_coronacases_003,coronacases_003,80,512x512,0.7363,0.7363,1.5,129451,1,20528,data/raw/ct_volumes/coronacases_003.nii.gz,data/raw/ground_truth_masks/coronacases_003.nii.gz,PASSED
P_coronacases_003_coronacases_003_z0081,P_coronacases_003,coronacases_003,81,512x512,0.7363,0.7363,1.5,129020,1,22038,data/raw/ct_volumes/coronacases_003.nii.gz,data/raw/ground_truth_masks/coronacases_003.nii.gz,PASSED
P_coronacases_003_coronacases_003_z0083,P_coronacases_003,coronacases_003,83,512x512,0.7363,0.7363,1.5,128287,1,18353,data/raw/ct_volumes/coronacases_003.nii.gz,data/raw/ground_truth_masks/coronacases_003.nii.gz,PASSED
P_coronacases_003_coronacases_003_z0084,P_coronacases_003,coronacases_003,84,512x512,0.7363,0.7363,1.5,127301,1,16492,data/raw/ct_volumes/coronacases_003.nii.gz,data/raw/ground_truth_masks/coronacases_003.nii.gz,PASSED
P_coronacases_003_coronacases_003_z0085,P_coronacases_003,coronacases_003,85,512x512,0.7363,0.7363,1.5,126619,1,17271,data/raw/ct_volumes/coronacases_003.nii.gz,data/raw/ground_truth_masks/coronacases_003.nii.gz,PASSED
P_coronacases_003_coronacases_003_z0086,P_coronacases_003,coronacases_003,86,512x512,0.7363,0.7363,1.5,126246,1,15508,data/raw/ct_volumes/coronacases_003.nii.gz,data/raw/ground_truth_masks/coronacases_003.nii.gz,PASSED
P_coronacases_003_coronacases_003_z0088,P_coronacases_003,coronacases_003,88,512x512,0.7363,0.7363,1.5,125291,1,14368,data/raw/ct_volumes/coronacases_003.nii.gz,data/raw/ground_truth_masks/coronacases_003.nii.gz,PASSED
P_coronacases_003_coronacases_003_z0089,P_coronacases_003,coronacases_003,89,512x512,0.7363,0.7363,1.5,125408,1,15179,data/raw/ct_volumes/coronacases_003.nii.gz,data/raw/ground_truth_masks/coronacases_003.nii.gz,PASSED
P_coronacases_003_coronacases_003_z0090,P_coronacases_003,coronacases_003,90,512x512,0.7363,0.7363,1.5,123515,1,13969,data/raw/ct_volumes/coronacases_003.nii.gz,data/raw/ground_truth_masks/coronacases_003.nii.gz,PASSED
P_coronacases_003_coronacases_003_z0092,P_coronacases_003,coronacases_003,92,512x512,0.7363,0.7363,1.5,123659,1,15278,data/raw/ct_volumes/coronacases_003.nii.gz,data/raw/ground_truth_masks/coronacases_003.nii.gz,PASSED
P_coronacases_003_coronacases_003_z0093,P_coronacases_003,coronacases_003,93,512x512,0.7363,0.7363,1.5,122397,1,15681,data/raw/ct_volumes/coronacases_003.nii.gz,data/raw/ground_truth_masks/coronacases_003.nii.gz,PASSED
P_coronacases_003_coronacases_003_z0094,P_coronacases_003,coronacases_003,94,512x512,0.7363,0.7363,1.5,121824,1,15853,data/raw/ct_volumes/coronacases_003.nii.gz,data/raw/ground_truth_masks/coronacases_003.nii.gz,PASSED
P_coronacases_003_coronacases_003_z0095,P_coronacases_003,coronacases_003,95,512x512,0.7363,0.7363,1.5,121233,1,16814,data/raw/ct_volumes/coronacases_003.nii.gz,data/raw/ground_truth_masks/coronacases_003.nii.gz,PASSED
P_coronacases_003_coronacases_003_z0097,P_coronacases_003,coronacases_003,97,512x512,0.7363,0.7363,1.5,121771,1,17612,data/raw/ct_volumes/coronacases_003.nii.gz,data/raw/ground_truth_masks/coronacases_003.nii.gz,PASSED
P_coronacases_003_coronacases_003_z0098,P_coronacases_003,coronacases_003,98,512x512,0.7363,0.7363,1.5,121822,1,16248,data/raw/ct_volumes/coronacases_003.nii.gz,data/raw/ground_truth_masks/coronacases_003.nii.gz,PASSED
P_coronacases_003_coronacases_003_z0099,P_coronacases_003,coronacases_003,99,512x512,0.7363,0.7363,1.5,122200,1,16882,data/raw/ct_volumes/coronacases_003.nii.gz,data/raw/ground_truth_masks/coronacases_003.nii.gz,PASSED
P_coronacases_003_coronacases_003_z0100,P_coronacases_003,coronacases_003,100,512x512,0.7363,0.7363,1.5,120934,1,16552,data/raw/ct_volumes/coronacases_003.nii.gz,data/raw/ground_truth_masks/coronacases_003.nii.gz,PASSED
P_coronacases_003_coronacases_003_z0102,P_coronacases_003,coronacases_003,102,512x512,0.7363,0.7363,1.5,121976,1,15536,data/raw/ct_volumes/coronacases_003.nii.gz,data/raw/ground_truth_masks/coronacases_003.nii.gz,PASSED
P_coronacases_003_coronacases_003_z0103,P_coronacases_003,coronacases_003,103,512x512,0.7363,0.7363,1.5,121206,1,15157,data/raw/ct_volumes/coronacases_003.nii.gz,data/raw/ground_truth_masks/coronacases_003.nii.gz,PASSED
P_coronacases_003_coronacases_003_z0104,P_coronacases_003,coronacases_003,104,512x512,0.7363,0.7363,1.5,120008,1,14328,data/raw/ct_volumes/coronacases_003.nii.gz,data/raw/ground_truth_masks/coronacases_003.nii.gz,PASSED
P_coronacases_003_coronacases_003_z0105,P_coronacases_003,coronacases_003,105,512x512,0.7363,0.7363,1.5,120245,1,13756,data/raw/ct_volumes/coronacases_003.nii.gz,data/raw/ground_truth_masks/coronacases_003.nii.gz,PASSED
P_coronacases_003_coronacases_003_z0107,P_coronacases_003,coronacases_003,107,512x512,0.7363,0.7363,1.5,121140,1,14160,data/raw/ct_volumes/coronacases_003.nii.gz,data/raw/ground_truth_masks/coronacases_003.nii.gz,PASSED
P_coronacases_003_coronacases_003_z0108,P_coronacases_003,coronacases_003,108,512x512,0.7363,0.7363,1.5,121429,1,14283,data/raw/ct_volumes/coronacases_003.nii.gz,data/raw/ground_truth_masks/coronacases_003.nii.gz,PASSED
P_coronacases_003_coronacases_003_z0109,P_coronacases_003,coronacases_003,109,512x512,0.7363,0.7363,1.5,121037,1,14847,data/raw/ct_volumes/coronacases_003.nii.gz,data/raw/ground_truth_masks/coronacases_003.nii.gz,PASSED
P_coronacases_003_coronacases_003_z0110,P_coronacases_003,coronacases_003,110,512x512,0.7363,0.7363,1.5,120344,1,15067,data/raw/ct_volumes/coronacases_003.nii.gz,data/raw/ground_truth_masks/coronacases_003.nii.gz,PASSED
P_coronacases_003_coronacases_003_z0112,P_coronacases_003,coronacases_003,112,512x512,0.7363,0.7363,1.5,120840,1,14924,data/raw/ct_volumes/coronacases_003.nii.gz,data/raw/ground_truth_masks/coronacases_003.nii.gz,PASSED
P_coronacases_003_coronacases_003_z0113,P_coronacases_003,coronacases_003,113,512x512,0.7363,0.7363,1.5,120919,1,14337,data/raw/ct_volumes/coronacases_003.nii.gz,data/raw/ground_truth_masks/coronacases_003.nii.gz,PASSED
P_coronacases_003_coronacases_003_z0114,P_coronacases_003,coronacases_003,114,512x512,0.7363,0.7363,1.5,121842,1,14047,data/raw/ct_volumes/coronacases_003.nii.gz,data/raw/ground_truth_masks/coronacases_003.nii.gz,PASSED
P_coronacases_003_coronacases_003_z0116,P_coronacases_003,coronacases_003,116,512x512,0.7363,0.7363,1.5,121630,1,14138,data/raw/ct_volumes/coronacases_003.nii.gz,data/raw/ground_truth_masks/coronacases_003.nii.gz,PASSED
P_coronacases_003_coronacases_003_z0117,P_coronacases_003,coronacases_003,117,512x512,0.7363,0.7363,1.5,120803,1,13556,data/raw/ct_volumes/coronacases_003.nii.gz,data/raw/ground_truth_masks/coronacases_003.nii.gz,PASSED
P_coronacases_003_coronacases_003_z0118,P_coronacases_003,coronacases_003,118,512x512,0.7363,0.7363,1.5,120707,1,14068,data/raw/ct_volumes/coronacases_003.nii.gz,data/raw/ground_truth_masks/coronacases_003.nii.gz,PASSED
P_coronacases_003_coronacases_003_z0119,P_coronacases_003,coronacases_003,119,512x512,0.7363,0.7363,1.5,120414,1,13968,data/raw/ct_volumes/coronacases_003.nii.gz,data/raw/ground_truth_masks/coronacases_003.nii.gz,PASSED
P_coronacases_003_coronacases_003_z0121,P_coronacases_003,coronacases_003,121,512x512,0.7363,0.7363,1.5,120914,1,13949,data/raw/ct_volumes/coronacases_003.nii.gz,data/raw/ground_truth_masks/coronacases_003.nii.gz,PASSED
P_coronacases_003_coronacases_003_z0122,P_coronacases_003,coronacases_003,122,512x512,0.7363,0.7363,1.5,120854,1,12946,data/raw/ct_volumes/coronacases_003.nii.gz,data/raw/ground_truth_masks/coronacases_003.nii.gz,PASSED
P_coronacases_003_coronacases_003_z0123,P_coronacases_003,coronacases_003,123,512x512,0.7363,0.7363,1.5,122725,1,12343,data/raw/ct_volumes/coronacases_003.nii.gz,data/raw/ground_truth_masks/coronacases_003.nii.gz,PASSED
P_coronacases_003_coronacases_003_z0124,P_coronacases_003,coronacases_003,124,512x512,0.7363,0.7363,1.5,121528,1,12505,data/raw/ct_volumes/coronacases_003.nii.gz,data/raw/ground_truth_masks/coronacases_003.nii.gz,PASSED
P_coronacases_003_coronacases_003_z0126,P_coronacases_003,coronacases_003,126,512x512,0.7363,0.7363,1.5,121186,1,11699,data/raw/ct_volumes/coronacases_003.nii.gz,data/raw/ground_truth_masks/coronacases_003.nii.gz,PASSED
P_coronacases_003_coronacases_003_z0127,P_coronacases_003,coronacases_003,127,512x512,0.7363,0.7363,1.5,121488,1,10692,data/raw/ct_volumes/coronacases_003.nii.gz,data/raw/ground_truth_masks/coronacases_003.nii.gz,PASSED
P_coronacases_003_coronacases_003_z0128,P_coronacases_003,coronacases_003,128,512x512,0.7363,0.7363,1.5,120924,1,10542,data/raw/ct_volumes/coronacases_003.nii.gz,data/raw/ground_truth_masks/coronacases_003.nii.gz,PASSED
P_coronacases_003_coronacases_003_z0129,P_coronacases_003,coronacases_003,129,512x512,0.7363,0.7363,1.5,120340,1,10001,data/raw/ct_volumes/coronacases_003.nii.gz,data/raw/ground_truth_masks/coronacases_003.nii.gz,PASSED
P_coronacases_003_coronacases_003_z0131,P_coronacases_003,coronacases_003,131,512x512,0.7363,0.7363,1.5,120016,1,9138,data/raw/ct_volumes/coronacases_003.nii.gz,data/raw/ground_truth_masks/coronacases_003.nii.gz,PASSED
P_coronacases_003_coronacases_003_z0132,P_coronacases_003,coronacases_003,132,512x512,0.7363,0.7363,1.5,120618,1,9165,data/raw/ct_volumes/coronacases_003.nii.gz,data/raw/ground_truth_masks/coronacases_003.nii.gz,PASSED
P_coronacases_003_coronacases_003_z0133,P_coronacases_003,coronacases_003,133,512x512,0.7363,0.7363,1.5,120671,1,8068,data/raw/ct_volumes/coronacases_003.nii.gz,data/raw/ground_truth_masks/coronacases_003.nii.gz,PASSED
P_coronacases_003_coronacases_003_z0134,P_coronacases_003,coronacases_003,134,512x512,0.7363,0.7363,1.5,118823,1,7951,data/raw/ct_volumes/coronacases_003.nii.gz,data/raw/ground_truth_masks/coronacases_003.nii.gz,PASSED
P_coronacases_003_coronacases_003_z0136,P_coronacases_003,coronacases_003,136,512x512,0.7363,0.7363,1.5,119136,1,7033,data/raw/ct_volumes/coronacases_003.nii.gz,data/raw/ground_truth_masks/coronacases_003.nii.gz,PASSED
P_coronacases_003_coronacases_003_z0137,P_coronacases_003,coronacases_003,137,512x512,0.7363,0.7363,1.5,118647,1,6785,data/raw/ct_volumes/coronacases_003.nii.gz,data/raw/ground_truth_masks/coronacases_003.nii.gz,PASSED
P_coronacases_003_coronacases_003_z0138,P_coronacases_003,coronacases_003,138,512x512,0.7363,0.7363,1.5,119061,1,6816,data/raw/ct_volumes/coronacases_003.nii.gz,data/raw/ground_truth_masks/coronacases_003.nii.gz,PASSED
P_coronacases_003_coronacases_003_z0140,P_coronacases_003,coronacases_003,140,512x512,0.7363,0.7363,1.5,119709,1,6876,data/raw/ct_volumes/coronacases_003.nii.gz,data/raw/ground_truth_masks/coronacases_003.nii.gz,PASSED
P_coronacases_003_coronacases_003_z0141,P_coronacases_003,coronacases_003,141,512x512,0.7363,0.7363,1.5,118129,1,6471,data/raw/ct_volumes/coronacases_003.nii.gz,data/raw/ground_truth_masks/coronacases_003.nii.gz,PASSED
P_coronacases_003_coronacases_003_z0142,P_coronacases_003,coronacases_003,142,512x512,0.7363,0.7363,1.5,118769,1,6400,data/raw/ct_volumes/coronacases_003.nii.gz,data/raw/ground_truth_masks/coronacases_003.nii.gz,PASSED
P_coronacases_003_coronacases_003_z0143,P_coronacases_003,coronacases_003,143,512x512,0.7363,0.7363,1.5,118747,1,6075,data/raw/ct_volumes/coronacases_003.nii.gz,data/raw/ground_truth_masks/coronacases_003.nii.gz,PASSED
P_coronacases_003_coronacases_003_z0145,P_coronacases_003,coronacases_003,145,512x512,0.7363,0.7363,1.5,114924,1,6134,data/raw/ct_volumes/coronacases_003.nii.gz,data/raw/ground_truth_masks/coronacases_003.nii.gz,PASSED
P_coronacases_003_coronacases_003_z0146,P_coronacases_003,coronacases_003,146,512x512,0.7363,0.7363,1.5,116371,1,6329,data/raw/ct_volumes/coronacases_003.nii.gz,data/raw/ground_truth_masks/coronacases_003.nii.gz,PASSED
P_coronacases_003_coronacases_003_z0147,P_coronacases_003,coronacases_003,147,512x512,0.7363,0.7363,1.5,114951,1,6000,data/raw/ct_volumes/coronacases_003.nii.gz,data/raw/ground_truth_masks/coronacases_003.nii.gz,PASSED
P_coronacases_003_coronacases_003_z0148,P_coronacases_003,coronacases_003,148,512x512,0.7363,0.7363,1.5,114173,1,5887,data/raw/ct_volumes/coronacases_003.nii.gz,data/raw/ground_truth_masks/coronacases_003.nii.gz,PASSED
P_coronacases_003_coronacases_003_z0150,P_coronacases_003,coronacases_003,150,512x512,0.7363,0.7363,1.5,110522,1,5290,data/raw/ct_volumes/coronacases_003.nii.gz,data/raw/ground_truth_masks/coronacases_003.nii.gz,PASSED
P_coronacases_003_coronacases_003_z0151,P_coronacases_003,coronacases_003,151,512x512,0.7363,0.7363,1.5,110042,1,4252,data/raw/ct_volumes/coronacases_003.nii.gz,data/raw/ground_truth_masks/coronacases_003.nii.gz,PASSED
P_coronacases_003_coronacases_003_z0152,P_coronacases_003,coronacases_003,152,512x512,0.7363,0.7363,1.5,109462,1,4256,data/raw/ct_volumes/coronacases_003.nii.gz,data/raw/ground_truth_masks/coronacases_003.nii.gz,PASSED
P_coronacases_003_coronacases_003_z0153,P_coronacases_003,coronacases_003,153,512x512,0.7363,0.7363,1.5,107731,1,4691,data/raw/ct_volumes/coronacases_003.nii.gz,data/raw/ground_truth_masks/coronacases_003.nii.gz,PASSED
P_coronacases_003_coronacases_003_z0155,P_coronacases_003,coronacases_003,155,512x512,0.7363,0.7363,1.5,107544,1,4278,data/raw/ct_volumes/coronacases_003.nii.gz,data/raw/ground_truth_masks/coronacases_003.nii.gz,PASSED
P_coronacases_003_coronacases_003_z0156,P_coronacases_003,coronacases_003,156,512x512,0.7363,0.7363,1.5,107785,1,3758,data/raw/ct_volumes/coronacases_003.nii.gz,data/raw/ground_truth_masks/coronacases_003.nii.gz,PASSED
P_coronacases_003_coronacases_003_z0157,P_coronacases_003,coronacases_003,157,512x512,0.7363,0.7363,1.5,106816,1,2507,data/raw/ct_volumes/coronacases_003.nii.gz,data/raw/ground_truth_masks/coronacases_003.nii.gz,PASSED
P_coronacases_003_coronacases_003_z0159,P_coronacases_003,coronacases_003,159,512x512,0.7363,0.7363,1.5,105890,1,1843,data/raw/ct_volumes/coronacases_003.nii.gz,data/raw/ground_truth_masks/coronacases_003.nii.gz,PASSED
P_coronacases_003_coronacases_003_z0160,P_coronacases_003,coronacases_003,160,512x512,0.7363,0.7363,1.5,104582,1,1541,data/raw/ct_volumes/coronacases_003.nii.gz,data/raw/ground_truth_masks/coronacases_003.nii.gz,PASSED
P_coronacases_003_coronacases_003_z0161,P_coronacases_003,coronacases_003,161,512x512,0.7363,0.7363,1.5,103801,1,2047,data/raw/ct_volumes/coronacases_003.nii.gz,data/raw/ground_truth_masks/coronacases_003.nii.gz,PASSED
P_coronacases_003_coronacases_003_z0162,P_coronacases_003,coronacases_003,162,512x512,0.7363,0.7363,1.5,104024,1,1962,data/raw/ct_volumes/coronacases_003.nii.gz,data/raw/ground_truth_masks/coronacases_003.nii.gz,PASSED
P_coronacases_003_coronacases_003_z0164,P_coronacases_003,coronacases_003,164,512x512,0.7363,0.7363,1.5,101469,1,1833,data/raw/ct_volumes/coronacases_003.nii.gz,data/raw/ground_truth_masks/coronacases_003.nii.gz,PASSED
P_coronacases_003_coronacases_003_z0165,P_coronacases_003,coronacases_003,165,512x512,0.7363,0.7363,1.5,99423,1,1720,data/raw/ct_volumes/coronacases_003.nii.gz,data/raw/ground_truth_masks/coronacases_003.nii.gz,PASSED
P_coronacases_003_coronacases_003_z0166,P_coronacases_003,coronacases_003,166,512x512,0.7363,0.7363,1.5,97951,1,1551,data/raw/ct_volumes/coronacases_003.nii.gz,data/raw/ground_truth_masks/coronacases_003.nii.gz,PASSED
P_coronacases_003_coronacases_003_z0167,P_coronacases_003,coronacases_003,167,512x512,0.7363,0.7363,1.5,96078,1,1393,data/raw/ct_volumes/coronacases_003.nii.gz,data/raw/ground_truth_masks/coronacases_003.nii.gz,PASSED
P_coronacases_003_coronacases_003_z0169,P_coronacases_003,coronacases_003,169,512x512,0.7363,0.7363,1.5,94156,1,1057,data/raw/ct_volumes/coronacases_003.nii.gz,data/raw/ground_truth_masks/coronacases_003.nii.gz,PASSED
P_coronacases_003_coronacases_003_z0170,P_coronacases_003,coronacases_003,170,512x512,0.7363,0.7363,1.5,93026,1,1243,data/raw/ct_volumes/coronacases_003.nii.gz,data/raw/ground_truth_masks/coronacases_003.nii.gz,PASSED
P_coronacases_003_coronacases_003_z0171,P_coronacases_003,coronacases_003,171,512x512,0.7363,0.7363,1.5,92208,1,1071,data/raw/ct_volumes/coronacases_003.nii.gz,data/raw/ground_truth_masks/coronacases_003.nii.gz,PASSED
P_coronacases_003_coronacases_003_z0172,P_coronacases_003,coronacases_003,172,512x512,0.7363,0.7363,1.5,91098,1,968,data/raw/ct_volumes/coronacases_003.nii.gz,data/raw/ground_truth_masks/coronacases_003.nii.gz,PASSED
P_coronacases_003_coronacases_003_z0174,P_coronacases_003,coronacases_003,174,512x512,0.7363,0.7363,1.5,88598,1,351,data/raw/ct_volumes/coronacases_003.nii.gz,data/raw/ground_truth_masks/coronacases_003.nii.gz,PASSED
P_coronacases_003_coronacases_003_z0175,P_coronacases_003,coronacases_003,175,512x512,0.7363,0.7363,1.5,88646,1,309,data/raw/ct_volumes/coronacases_003.nii.gz,data/raw/ground_truth_masks/coronacases_003.nii.gz,PASSED
P_coronacases_003_coronacases_003_z0176,P_coronacases_003,coronacases_003,176,512x512,0.7363,0.7363,1.5,87249,1,183,data/raw/ct_volumes/coronacases_003.nii.gz,data/raw/ground_truth_masks/coronacases_003.nii.gz,PASSED
P_coronacases_003_coronacases_003_z0177,P_coronacases_003,coronacases_003,177,512x512,0.7363,0.7363,1.5,87039,1,199,data/raw/ct_volumes/coronacases_003.nii.gz,data/raw/ground_truth_masks/coronacases_003.nii.gz,PASSED
P_coronacases_003_coronacases_003_z0183,P_coronacases_003,coronacases_003,183,512x512,0.7363,0.7363,1.5,85162,0,0,data/raw/ct_volumes/coronacases_003.nii.gz,data/raw/ground_truth_masks/coronacases_003.nii.gz,PASSED
P_coronacases_003_coronacases_003_z0188,P_coronacases_003,coronacases_003,188,512x512,0.7363,0.7363,1.5,88511,0,0,data/raw/ct_volumes/coronacases_003.nii.gz,data/raw/ground_truth_masks/coronacases_003.nii.gz,PASSED
P_coronacases_003_coronacases_003_z0193,P_coronacases_003,coronacases_003,193,512x512,0.7363,0.7363,1.5,94564,0,0,data/raw/ct_volumes/coronacases_003.nii.gz,data/raw/ground_truth_masks/coronacases_003.nii.gz,PASSED
P_coronacases_003_coronacases_003_z0198,P_coronacases_003,coronacases_003,198,512x512,0.7363,0.7363,1.5,101184,0,0,data/raw/ct_volumes/coronacases_003.nii.gz,data/raw/ground_truth_masks/coronacases_003.nii.gz,PASSED
P_coronacases_004_coronacases_004_z0003,P_coronacases_004,coronacases_004,3,512x512,0.6836,0.6836,1.0,101930,0,0,data/raw/ct_volumes/coronacases_004.nii.gz,data/raw/ground_truth_masks/coronacases_004.nii.gz,PASSED
P_coronacases_004_coronacases_004_z0008,P_coronacases_004,coronacases_004,8,512x512,0.6836,0.6836,1.0,104910,0,0,data/raw/ct_volumes/coronacases_004.nii.gz,data/raw/ground_truth_masks/coronacases_004.nii.gz,PASSED
P_coronacases_004_coronacases_004_z0013,P_coronacases_004,coronacases_004,13,512x512,0.6836,0.6836,1.0,107072,0,0,data/raw/ct_volumes/coronacases_004.nii.gz,data/raw/ground_truth_masks/coronacases_004.nii.gz,PASSED
P_coronacases_004_coronacases_004_z0018,P_coronacases_004,coronacases_004,18,512x512,0.6836,0.6836,1.0,110621,0,0,data/raw/ct_volumes/coronacases_004.nii.gz,data/raw/ground_truth_masks/coronacases_004.nii.gz,PASSED
P_coronacases_004_coronacases_004_z0023,P_coronacases_004,coronacases_004,23,512x512,0.6836,0.6836,1.0,113738,0,0,data/raw/ct_volumes/coronacases_004.nii.gz,data/raw/ground_truth_masks/coronacases_004.nii.gz,PASSED
P_coronacases_004_coronacases_004_z0028,P_coronacases_004,coronacases_004,28,512x512,0.6836,0.6836,1.0,116576,0,0,data/raw/ct_volumes/coronacases_004.nii.gz,data/raw/ground_truth_masks/coronacases_004.nii.gz,PASSED
P_coronacases_004_coronacases_004_z0033,P_coronacases_004,coronacases_004,33,512x512,0.6836,0.6836,1.0,119837,0,0,data/raw/ct_volumes/coronacases_004.nii.gz,data/raw/ground_truth_masks/coronacases_004.nii.gz,PASSED
P_coronacases_004_coronacases_004_z0038,P_coronacases_004,coronacases_004,38,512x512,0.6836,0.6836,1.0,124427,0,0,data/raw/ct_volumes/coronacases_004.nii.gz,data/raw/ground_truth_masks/coronacases_004.nii.gz,PASSED
P_coronacases_004_coronacases_004_z0043,P_coronacases_004,coronacases_004,43,512x512,0.6836,0.6836,1.0,130934,0,0,data/raw/ct_volumes/coronacases_004.nii.gz,data/raw/ground_truth_masks/coronacases_004.nii.gz,PASSED
P_coronacases_004_coronacases_004_z0048,P_coronacases_004,coronacases_004,48,512x512,0.6836,0.6836,1.0,139150,0,0,data/raw/ct_volumes/coronacases_004.nii.gz,data/raw/ground_truth_masks/coronacases_004.nii.gz,PASSED
P_coronacases_004_coronacases_004_z0053,P_coronacases_004,coronacases_004,53,512x512,0.6836,0.6836,1.0,145043,0,0,data/raw/ct_volumes/coronacases_004.nii.gz,data/raw/ground_truth_masks/coronacases_004.nii.gz,PASSED
P_coronacases_004_coronacases_004_z0055,P_coronacases_004,coronacases_004,55,512x512,0.6836,0.6836,1.0,146530,1,63,data/raw/ct_volumes/coronacases_004.nii.gz,data/raw/ground_truth_masks/coronacases_004.nii.gz,PASSED
P_coronacases_004_coronacases_004_z0056,P_coronacases_004,coronacases_004,56,512x512,0.6836,0.6836,1.0,146489,1,125,data/raw/ct_volumes/coronacases_004.nii.gz,data/raw/ground_truth_masks/coronacases_004.nii.gz,PASSED
P_coronacases_004_coronacases_004_z0057,P_coronacases_004,coronacases_004,57,512x512,0.6836,0.6836,1.0,146106,1,170,data/raw/ct_volumes/coronacases_004.nii.gz,data/raw/ground_truth_masks/coronacases_004.nii.gz,PASSED
P_coronacases_004_coronacases_004_z0059,P_coronacases_004,coronacases_004,59,512x512,0.6836,0.6836,1.0,149433,1,151,data/raw/ct_volumes/coronacases_004.nii.gz,data/raw/ground_truth_masks/coronacases_004.nii.gz,PASSED
P_coronacases_004_coronacases_004_z0060,P_coronacases_004,coronacases_004,60,512x512,0.6836,0.6836,1.0,149586,1,125,data/raw/ct_volumes/coronacases_004.nii.gz,data/raw/ground_truth_masks/coronacases_004.nii.gz,PASSED
P_coronacases_004_coronacases_004_z0061,P_coronacases_004,coronacases_004,61,512x512,0.6836,0.6836,1.0,149776,1,153,data/raw/ct_volumes/coronacases_004.nii.gz,data/raw/ground_truth_masks/coronacases_004.nii.gz,PASSED
P_coronacases_004_coronacases_004_z0066,P_coronacases_004,coronacases_004,66,512x512,0.6836,0.6836,1.0,149154,0,0,data/raw/ct_volumes/coronacases_004.nii.gz,data/raw/ground_truth_masks/coronacases_004.nii.gz,PASSED
P_coronacases_004_coronacases_004_z0069,P_coronacases_004,coronacases_004,69,512x512,0.6836,0.6836,1.0,148699,1,235,data/raw/ct_volumes/coronacases_004.nii.gz,data/raw/ground_truth_masks/coronacases_004.nii.gz,PASSED
P_coronacases_004_coronacases_004_z0071,P_coronacases_004,coronacases_004,71,512x512,0.6836,0.6836,1.0,148024,1,605,data/raw/ct_volumes/coronacases_004.nii.gz,data/raw/ground_truth_masks/coronacases_004.nii.gz,PASSED
P_coronacases_004_coronacases_004_z0072,P_coronacases_004,coronacases_004,72,512x512,0.6836,0.6836,1.0,147705,1,828,data/raw/ct_volumes/coronacases_004.nii.gz,data/raw/ground_truth_masks/coronacases_004.nii.gz,PASSED
P_coronacases_004_coronacases_004_z0073,P_coronacases_004,coronacases_004,73,512x512,0.6836,0.6836,1.0,147351,1,1025,data/raw/ct_volumes/coronacases_004.nii.gz,data/raw/ground_truth_masks/coronacases_004.nii.gz,PASSED
P_coronacases_004_coronacases_004_z0074,P_coronacases_004,coronacases_004,74,512x512,0.6836,0.6836,1.0,146906,1,1061,data/raw/ct_volumes/coronacases_004.nii.gz,data/raw/ground_truth_masks/coronacases_004.nii.gz,PASSED
P_coronacases_004_coronacases_004_z0076,P_coronacases_004,coronacases_004,76,512x512,0.6836,0.6836,1.0,145386,1,1101,data/raw/ct_volumes/coronacases_004.nii.gz,data/raw/ground_truth_masks/coronacases_004.nii.gz,PASSED
P_coronacases_004_coronacases_004_z0077,P_coronacases_004,coronacases_004,77,512x512,0.6836,0.6836,1.0,144976,1,1259,data/raw/ct_volumes/coronacases_004.nii.gz,data/raw/ground_truth_masks/coronacases_004.nii.gz,PASSED
P_coronacases_004_coronacases_004_z0078,P_coronacases_004,coronacases_004,78,512x512,0.6836,0.6836,1.0,144778,1,1391,data/raw/ct_volumes/coronacases_004.nii.gz,data/raw/ground_truth_masks/coronacases_004.nii.gz,PASSED
P_coronacases_004_coronacases_004_z0079,P_coronacases_004,coronacases_004,79,512x512,0.6836,0.6836,1.0,144486,1,2110,data/raw/ct_volumes/coronacases_004.nii.gz,data/raw/ground_truth_masks/coronacases_004.nii.gz,PASSED
P_coronacases_004_coronacases_004_z0081,P_coronacases_004,coronacases_004,81,512x512,0.6836,0.6836,1.0,143772,1,2787,data/raw/ct_volumes/coronacases_004.nii.gz,data/raw/ground_truth_masks/coronacases_004.nii.gz,PASSED
P_coronacases_004_coronacases_004_z0082,P_coronacases_004,coronacases_004,82,512x512,0.6836,0.6836,1.0,143422,1,3006,data/raw/ct_volumes/coronacases_004.nii.gz,data/raw/ground_truth_masks/coronacases_004.nii.gz,PASSED
P_coronacases_004_coronacases_004_z0083,P_coronacases_004,coronacases_004,83,512x512,0.6836,0.6836,1.0,143258,1,3046,data/raw/ct_volumes/coronacases_004.nii.gz,data/raw/ground_truth_masks/coronacases_004.nii.gz,PASSED
P_coronacases_004_coronacases_004_z0085,P_coronacases_004,coronacases_004,85,512x512,0.6836,0.6836,1.0,143086,1,2633,data/raw/ct_volumes/coronacases_004.nii.gz,data/raw/ground_truth_masks/coronacases_004.nii.gz,PASSED
P_coronacases_004_coronacases_004_z0086,P_coronacases_004,coronacases_004,86,512x512,0.6836,0.6836,1.0,142895,1,2131,data/raw/ct_volumes/coronacases_004.nii.gz,data/raw/ground_truth_masks/coronacases_004.nii.gz,PASSED
P_coronacases_004_coronacases_004_z0087,P_coronacases_004,coronacases_004,87,512x512,0.6836,0.6836,1.0,142984,1,1833,data/raw/ct_volumes/coronacases_004.nii.gz,data/raw/ground_truth_masks/coronacases_004.nii.gz,PASSED
P_coronacases_004_coronacases_004_z0088,P_coronacases_004,coronacases_004,88,512x512,0.6836,0.6836,1.0,142855,1,2129,data/raw/ct_volumes/coronacases_004.nii.gz,data/raw/ground_truth_masks/coronacases_004.nii.gz,PASSED
P_coronacases_004_coronacases_004_z0090,P_coronacases_004,coronacases_004,90,512x512,0.6836,0.6836,1.0,142307,1,1836,data/raw/ct_volumes/coronacases_004.nii.gz,data/raw/ground_truth_masks/coronacases_004.nii.gz,PASSED
P_coronacases_004_coronacases_004_z0091,P_coronacases_004,coronacases_004,91,512x512,0.6836,0.6836,1.0,142432,1,1219,data/raw/ct_volumes/coronacases_004.nii.gz,data/raw/ground_truth_masks/coronacases_004.nii.gz,PASSED
P_coronacases_004_coronacases_004_z0092,P_coronacases_004,coronacases_004,92,512x512,0.6836,0.6836,1.0,142335,1,1039,data/raw/ct_volumes/coronacases_004.nii.gz,data/raw/ground_truth_masks/coronacases_004.nii.gz,PASSED
P_coronacases_004_coronacases_004_z0093,P_coronacases_004,coronacases_004,93,512x512,0.6836,0.6836,1.0,142267,1,1301,data/raw/ct_volumes/coronacases_004.nii.gz,data/raw/ground_truth_masks/coronacases_004.nii.gz,PASSED
P_coronacases_004_coronacases_004_z0095,P_coronacases_004,coronacases_004,95,512x512,0.6836,0.6836,1.0,142227,1,1129,data/raw/ct_volumes/coronacases_004.nii.gz,data/raw/ground_truth_masks/coronacases_004.nii.gz,PASSED
P_coronacases_004_coronacases_004_z0096,P_coronacases_004,coronacases_004,96,512x512,0.6836,0.6836,1.0,142439,1,1058,data/raw/ct_volumes/coronacases_004.nii.gz,data/raw/ground_truth_masks/coronacases_004.nii.gz,PASSED
P_coronacases_004_coronacases_004_z0097,P_coronacases_004,coronacases_004,97,512x512,0.6836,0.6836,1.0,142244,1,1319,data/raw/ct_volumes/coronacases_004.nii.gz,data/raw/ground_truth_masks/coronacases_004.nii.gz,PASSED
P_coronacases_004_coronacases_004_z0098,P_coronacases_004,coronacases_004,98,512x512,0.6836,0.6836,1.0,142107,1,1422,data/raw/ct_volumes/coronacases_004.nii.gz,data/raw/ground_truth_masks/coronacases_004.nii.gz,PASSED
P_coronacases_004_coronacases_004_z0100,P_coronacases_004,coronacases_004,100,512x512,0.6836,0.6836,1.0,141886,1,858,data/raw/ct_volumes/coronacases_004.nii.gz,data/raw/ground_truth_masks/coronacases_004.nii.gz,PASSED
P_coronacases_004_coronacases_004_z0101,P_coronacases_004,coronacases_004,101,512x512,0.6836,0.6836,1.0,141639,1,814,data/raw/ct_volumes/coronacases_004.nii.gz,data/raw/ground_truth_masks/coronacases_004.nii.gz,PASSED
P_coronacases_004_coronacases_004_z0102,P_coronacases_004,coronacases_004,102,512x512,0.6836,0.6836,1.0,141508,1,781,data/raw/ct_volumes/coronacases_004.nii.gz,data/raw/ground_truth_masks/coronacases_004.nii.gz,PASSED
P_coronacases_004_coronacases_004_z0103,P_coronacases_004,coronacases_004,103,512x512,0.6836,0.6836,1.0,141448,1,774,data/raw/ct_volumes/coronacases_004.nii.gz,data/raw/ground_truth_masks/coronacases_004.nii.gz,PASSED
P_coronacases_004_coronacases_004_z0105,P_coronacases_004,coronacases_004,105,512x512,0.6836,0.6836,1.0,141668,1,797,data/raw/ct_volumes/coronacases_004.nii.gz,data/raw/ground_truth_masks/coronacases_004.nii.gz,PASSED
P_coronacases_004_coronacases_004_z0106,P_coronacases_004,coronacases_004,106,512x512,0.6836,0.6836,1.0,141481,1,743,data/raw/ct_volumes/coronacases_004.nii.gz,data/raw/ground_truth_masks/coronacases_004.nii.gz,PASSED
P_coronacases_004_coronacases_004_z0107,P_coronacases_004,coronacases_004,107,512x512,0.6836,0.6836,1.0,141333,1,632,data/raw/ct_volumes/coronacases_004.nii.gz,data/raw/ground_truth_masks/coronacases_004.nii.gz,PASSED
P_coronacases_004_coronacases_004_z0109,P_coronacases_004,coronacases_004,109,512x512,0.6836,0.6836,1.0,141118,1,1287,data/raw/ct_volumes/coronacases_004.nii.gz,data/raw/ground_truth_masks/coronacases_004.nii.gz,PASSED
P_coronacases_004_coronacases_004_z0110,P_coronacases_004,coronacases_004,110,512x512,0.6836,0.6836,1.0,141218,1,1025,data/raw/ct_volumes/coronacases_004.nii.gz,data/raw/ground_truth_masks/coronacases_004.nii.gz,PASSED
P_coronacases_004_coronacases_004_z0111,P_coronacases_004,coronacases_004,111,512x512,0.6836,0.6836,1.0,140828,1,1023,data/raw/ct_volumes/coronacases_004.nii.gz,data/raw/ground_truth_masks/coronacases_004.nii.gz,PASSED
P_coronacases_004_coronacases_004_z0112,P_coronacases_004,coronacases_004,112,512x512,0.6836,0.6836,1.0,140862,1,907,data/raw/ct_volumes/coronacases_004.nii.gz,data/raw/ground_truth_masks/coronacases_004.nii.gz,PASSED
P_coronacases_004_coronacases_004_z0114,P_coronacases_004,coronacases_004,114,512x512,0.6836,0.6836,1.0,140576,1,1031,data/raw/ct_volumes/coronacases_004.nii.gz,data/raw/ground_truth_masks/coronacases_004.nii.gz,PASSED
P_coronacases_004_coronacases_004_z0115,P_coronacases_004,coronacases_004,115,512x512,0.6836,0.6836,1.0,140158,1,1117,data/raw/ct_volumes/coronacases_004.nii.gz,data/raw/ground_truth_masks/coronacases_004.nii.gz,PASSED
P_coronacases_004_coronacases_004_z0116,P_coronacases_004,coronacases_004,116,512x512,0.6836,0.6836,1.0,140039,1,1197,data/raw/ct_volumes/coronacases_004.nii.gz,data/raw/ground_truth_masks/coronacases_004.nii.gz,PASSED
P_coronacases_004_coronacases_004_z0117,P_coronacases_004,coronacases_004,117,512x512,0.6836,0.6836,1.0,140079,1,954,data/raw/ct_volumes/coronacases_004.nii.gz,data/raw/ground_truth_masks/coronacases_004.nii.gz,PASSED
P_coronacases_004_coronacases_004_z0119,P_coronacases_004,coronacases_004,119,512x512,0.6836,0.6836,1.0,140092,1,1094,data/raw/ct_volumes/coronacases_004.nii.gz,data/raw/ground_truth_masks/coronacases_004.nii.gz,PASSED
P_coronacases_004_coronacases_004_z0120,P_coronacases_004,coronacases_004,120,512x512,0.6836,0.6836,1.0,140126,1,1245,data/raw/ct_volumes/coronacases_004.nii.gz,data/raw/ground_truth_masks/coronacases_004.nii.gz,PASSED
P_coronacases_004_coronacases_004_z0121,P_coronacases_004,coronacases_004,121,512x512,0.6836,0.6836,1.0,140036,1,1620,data/raw/ct_volumes/coronacases_004.nii.gz,data/raw/ground_truth_masks/coronacases_004.nii.gz,PASSED
P_coronacases_004_coronacases_004_z0122,P_coronacases_004,coronacases_004,122,512x512,0.6836,0.6836,1.0,139925,1,1607,data/raw/ct_volumes/coronacases_004.nii.gz,data/raw/ground_truth_masks/coronacases_004.nii.gz,PASSED
P_coronacases_004_coronacases_004_z0124,P_coronacases_004,coronacases_004,124,512x512,0.6836,0.6836,1.0,139576,1,1803,data/raw/ct_volumes/coronacases_004.nii.gz,data/raw/ground_truth_masks/coronacases_004.nii.gz,PASSED
P_coronacases_004_coronacases_004_z0125,P_coronacases_004,coronacases_004,125,512x512,0.6836,0.6836,1.0,139477,1,2023,data/raw/ct_volumes/coronacases_004.nii.gz,data/raw/ground_truth_masks/coronacases_004.nii.gz,PASSED
P_coronacases_004_coronacases_004_z0126,P_coronacases_004,coronacases_004,126,512x512,0.6836,0.6836,1.0,139114,1,1827,data/raw/ct_volumes/coronacases_004.nii.gz,data/raw/ground_truth_masks/coronacases_004.nii.gz,PASSED
P_coronacases_004_coronacases_004_z0127,P_coronacases_004,coronacases_004,127,512x512,0.6836,0.6836,1.0,138884,1,1608,data/raw/ct_volumes/coronacases_004.nii.gz,data/raw/ground_truth_masks/coronacases_004.nii.gz,PASSED
P_coronacases_004_coronacases_004_z0129,P_coronacases_004,coronacases_004,129,512x512,0.6836,0.6836,1.0,138818,1,1773,data/raw/ct_volumes/coronacases_004.nii.gz,data/raw/ground_truth_masks/coronacases_004.nii.gz,PASSED
P_coronacases_004_coronacases_004_z0130,P_coronacases_004,coronacases_004,130,512x512,0.6836,0.6836,1.0,138462,1,1670,data/raw/ct_volumes/coronacases_004.nii.gz,data/raw/ground_truth_masks/coronacases_004.nii.gz,PASSED
P_coronacases_004_coronacases_004_z0131,P_coronacases_004,coronacases_004,131,512x512,0.6836,0.6836,1.0,138565,1,1659,data/raw/ct_volumes/coronacases_004.nii.gz,data/raw/ground_truth_masks/coronacases_004.nii.gz,PASSED
P_coronacases_004_coronacases_004_z0133,P_coronacases_004,coronacases_004,133,512x512,0.6836,0.6836,1.0,138411,1,1570,data/raw/ct_volumes/coronacases_004.nii.gz,data/raw/ground_truth_masks/coronacases_004.nii.gz,PASSED
P_coronacases_004_coronacases_004_z0134,P_coronacases_004,coronacases_004,134,512x512,0.6836,0.6836,1.0,138472,1,1431,data/raw/ct_volumes/coronacases_004.nii.gz,data/raw/ground_truth_masks/coronacases_004.nii.gz,PASSED
P_coronacases_004_coronacases_004_z0135,P_coronacases_004,coronacases_004,135,512x512,0.6836,0.6836,1.0,138142,1,1339,data/raw/ct_volumes/coronacases_004.nii.gz,data/raw/ground_truth_masks/coronacases_004.nii.gz,PASSED
P_coronacases_004_coronacases_004_z0136,P_coronacases_004,coronacases_004,136,512x512,0.6836,0.6836,1.0,137723,1,1496,data/raw/ct_volumes/coronacases_004.nii.gz,data/raw/ground_truth_masks/coronacases_004.nii.gz,PASSED
P_coronacases_004_coronacases_004_z0138,P_coronacases_004,coronacases_004,138,512x512,0.6836,0.6836,1.0,137973,1,1689,data/raw/ct_volumes/coronacases_004.nii.gz,data/raw/ground_truth_masks/coronacases_004.nii.gz,PASSED
P_coronacases_004_coronacases_004_z0139,P_coronacases_004,coronacases_004,139,512x512,0.6836,0.6836,1.0,138226,1,1644,data/raw/ct_volumes/coronacases_004.nii.gz,data/raw/ground_truth_masks/coronacases_004.nii.gz,PASSED
P_coronacases_004_coronacases_004_z0140,P_coronacases_004,coronacases_004,140,512x512,0.6836,0.6836,1.0,138323,1,1663,data/raw/ct_volumes/coronacases_004.nii.gz,data/raw/ground_truth_masks/coronacases_004.nii.gz,PASSED
P_coronacases_004_coronacases_004_z0141,P_coronacases_004,coronacases_004,141,512x512,0.6836,0.6836,1.0,138400,1,1344,data/raw/ct_volumes/coronacases_004.nii.gz,data/raw/ground_truth_masks/coronacases_004.nii.gz,PASSED
P_coronacases_004_coronacases_004_z0143,P_coronacases_004,coronacases_004,143,512x512,0.6836,0.6836,1.0,138727,1,1363,data/raw/ct_volumes/coronacases_004.nii.gz,data/raw/ground_truth_masks/coronacases_004.nii.gz,PASSED
P_coronacases_004_coronacases_004_z0144,P_coronacases_004,coronacases_004,144,512x512,0.6836,0.6836,1.0,139215,1,1432,data/raw/ct_volumes/coronacases_004.nii.gz,data/raw/ground_truth_masks/coronacases_004.nii.gz,PASSED
P_coronacases_004_coronacases_004_z0145,P_coronacases_004,coronacases_004,145,512x512,0.6836,0.6836,1.0,139224,1,1453,data/raw/ct_volumes/coronacases_004.nii.gz,data/raw/ground_truth_masks/coronacases_004.nii.gz,PASSED
P_coronacases_004_coronacases_004_z0146,P_coronacases_004,coronacases_004,146,512x512,0.6836,0.6836,1.0,139416,1,1454,data/raw/ct_volumes/coronacases_004.nii.gz,data/raw/ground_truth_masks/coronacases_004.nii.gz,PASSED
P_coronacases_004_coronacases_004_z0148,P_coronacases_004,coronacases_004,148,512x512,0.6836,0.6836,1.0,139544,1,1303,data/raw/ct_volumes/coronacases_004.nii.gz,data/raw/ground_truth_masks/coronacases_004.nii.gz,PASSED
P_coronacases_004_coronacases_004_z0149,P_coronacases_004,coronacases_004,149,512x512,0.6836,0.6836,1.0,140123,1,1355,data/raw/ct_volumes/coronacases_004.nii.gz,data/raw/ground_truth_masks/coronacases_004.nii.gz,PASSED
P_coronacases_004_coronacases_004_z0150,P_coronacases_004,coronacases_004,150,512x512,0.6836,0.6836,1.0,139679,1,1265,data/raw/ct_volumes/coronacases_004.nii.gz,data/raw/ground_truth_masks/coronacases_004.nii.gz,PASSED
P_coronacases_004_coronacases_004_z0152,P_coronacases_004,coronacases_004,152,512x512,0.6836,0.6836,1.0,139498,1,1314,data/raw/ct_volumes/coronacases_004.nii.gz,data/raw/ground_truth_masks/coronacases_004.nii.gz,PASSED
P_coronacases_004_coronacases_004_z0153,P_coronacases_004,coronacases_004,153,512x512,0.6836,0.6836,1.0,139697,1,1223,data/raw/ct_volumes/coronacases_004.nii.gz,data/raw/ground_truth_masks/coronacases_004.nii.gz,PASSED
P_coronacases_004_coronacases_004_z0154,P_coronacases_004,coronacases_004,154,512x512,0.6836,0.6836,1.0,139444,1,1103,data/raw/ct_volumes/coronacases_004.nii.gz,data/raw/ground_truth_masks/coronacases_004.nii.gz,PASSED
P_coronacases_004_coronacases_004_z0155,P_coronacases_004,coronacases_004,155,512x512,0.6836,0.6836,1.0,138840,1,1097,data/raw/ct_volumes/coronacases_004.nii.gz,data/raw/ground_truth_masks/coronacases_004.nii.gz,PASSED
P_coronacases_004_coronacases_004_z0157,P_coronacases_004,coronacases_004,157,512x512,0.6836,0.6836,1.0,137446,1,934,data/raw/ct_volumes/coronacases_004.nii.gz,data/raw/ground_truth_masks/coronacases_004.nii.gz,PASSED
P_coronacases_004_coronacases_004_z0158,P_coronacases_004,coronacases_004,158,512x512,0.6836,0.6836,1.0,136775,1,970,data/raw/ct_volumes/coronacases_004.nii.gz,data/raw/ground_truth_masks/coronacases_004.nii.gz,PASSED
P_coronacases_004_coronacases_004_z0159,P_coronacases_004,coronacases_004,159,512x512,0.6836,0.6836,1.0,136488,1,993,data/raw/ct_volumes/coronacases_004.nii.gz,data/raw/ground_truth_masks/coronacases_004.nii.gz,PASSED
P_coronacases_004_coronacases_004_z0160,P_coronacases_004,coronacases_004,160,512x512,0.6836,0.6836,1.0,136194,1,923,data/raw/ct_volumes/coronacases_004.nii.gz,data/raw/ground_truth_masks/coronacases_004.nii.gz,PASSED
P_coronacases_004_coronacases_004_z0162,P_coronacases_004,coronacases_004,162,512x512,0.6836,0.6836,1.0,135565,1,877,data/raw/ct_volumes/coronacases_004.nii.gz,data/raw/ground_truth_masks/coronacases_004.nii.gz,PASSED
P_coronacases_004_coronacases_004_z0163,P_coronacases_004,coronacases_004,163,512x512,0.6836,0.6836,1.0,135717,1,947,data/raw/ct_volumes/coronacases_004.nii.gz,data/raw/ground_truth_masks/coronacases_004.nii.gz,PASSED
P_coronacases_004_coronacases_004_z0164,P_coronacases_004,coronacases_004,164,512x512,0.6836,0.6836,1.0,135762,1,973,data/raw/ct_volumes/coronacases_004.nii.gz,data/raw/ground_truth_masks/coronacases_004.nii.gz,PASSED
P_coronacases_004_coronacases_004_z0165,P_coronacases_004,coronacases_004,165,512x512,0.6836,0.6836,1.0,135715,1,1034,data/raw/ct_volumes/coronacases_004.nii.gz,data/raw/ground_truth_masks/coronacases_004.nii.gz,PASSED
P_coronacases_004_coronacases_004_z0167,P_coronacases_004,coronacases_004,167,512x512,0.6836,0.6836,1.0,135595,1,697,data/raw/ct_volumes/coronacases_004.nii.gz,data/raw/ground_truth_masks/coronacases_004.nii.gz,PASSED
P_coronacases_004_coronacases_004_z0168,P_coronacases_004,coronacases_004,168,512x512,0.6836,0.6836,1.0,135352,1,740,data/raw/ct_volumes/coronacases_004.nii.gz,data/raw/ground_truth_masks/coronacases_004.nii.gz,PASSED
P_coronacases_004_coronacases_004_z0169,P_coronacases_004,coronacases_004,169,512x512,0.6836,0.6836,1.0,135120,1,333,data/raw/ct_volumes/coronacases_004.nii.gz,data/raw/ground_truth_masks/coronacases_004.nii.gz,PASSED
P_coronacases_004_coronacases_004_z0170,P_coronacases_004,coronacases_004,170,512x512,0.6836,0.6836,1.0,135198,1,310,data/raw/ct_volumes/coronacases_004.nii.gz,data/raw/ground_truth_masks/coronacases_004.nii.gz,PASSED
P_coronacases_004_coronacases_004_z0172,P_coronacases_004,coronacases_004,172,512x512,0.6836,0.6836,1.0,134859,1,160,data/raw/ct_volumes/coronacases_004.nii.gz,data/raw/ground_truth_masks/coronacases_004.nii.gz,PASSED
P_coronacases_004_coronacases_004_z0173,P_coronacases_004,coronacases_004,173,512x512,0.6836,0.6836,1.0,135274,1,143,data/raw/ct_volumes/coronacases_004.nii.gz,data/raw/ground_truth_masks/coronacases_004.nii.gz,PASSED
P_coronacases_004_coronacases_004_z0174,P_coronacases_004,coronacases_004,174,512x512,0.6836,0.6836,1.0,135173,1,121,data/raw/ct_volumes/coronacases_004.nii.gz,data/raw/ground_truth_masks/coronacases_004.nii.gz,PASSED
P_coronacases_004_coronacases_004_z0177,P_coronacases_004,coronacases_004,177,512x512,0.6836,0.6836,1.0,134885,0,0,data/raw/ct_volumes/coronacases_004.nii.gz,data/raw/ground_truth_masks/coronacases_004.nii.gz,PASSED
P_coronacases_004_coronacases_004_z0182,P_coronacases_004,coronacases_004,182,512x512,0.6836,0.6836,1.0,134099,0,0,data/raw/ct_volumes/coronacases_004.nii.gz,data/raw/ground_truth_masks/coronacases_004.nii.gz,PASSED
P_coronacases_004_coronacases_004_z0187,P_coronacases_004,coronacases_004,187,512x512,0.6836,0.6836,1.0,132456,0,0,data/raw/ct_volumes/coronacases_004.nii.gz,data/raw/ground_truth_masks/coronacases_004.nii.gz,PASSED
P_coronacases_004_coronacases_004_z0192,P_coronacases_004,coronacases_004,192,512x512,0.6836,0.6836,1.0,130107,0,0,data/raw/ct_volumes/coronacases_004.nii.gz,data/raw/ground_truth_masks/coronacases_004.nii.gz,PASSED
P_coronacases_004_coronacases_004_z0197,P_coronacases_004,coronacases_004,197,512x512,0.6836,0.6836,1.0,128309,0,0,data/raw/ct_volumes/coronacases_004.nii.gz,data/raw/ground_truth_masks/coronacases_004.nii.gz,PASSED
P_coronacases_004_coronacases_004_z0202,P_coronacases_004,coronacases_004,202,512x512,0.6836,0.6836,1.0,125698,0,0,data/raw/ct_volumes/coronacases_004.nii.gz,data/raw/ground_truth_masks/coronacases_004.nii.gz,PASSED
P_coronacases_004_coronacases_004_z0207,P_coronacases_004,coronacases_004,207,512x512,0.6836,0.6836,1.0,122484,0,0,data/raw/ct_volumes/coronacases_004.nii.gz,data/raw/ground_truth_masks/coronacases_004.nii.gz,PASSED
P_coronacases_004_coronacases_004_z0212,P_coronacases_004,coronacases_004,212,512x512,0.6836,0.6836,1.0,119467,0,0,data/raw/ct_volumes/coronacases_004.nii.gz,data/raw/ground_truth_masks/coronacases_004.nii.gz,PASSED
P_coronacases_004_coronacases_004_z0217,P_coronacases_004,coronacases_004,217,512x512,0.6836,0.6836,1.0,115765,0,0,data/raw/ct_volumes/coronacases_004.nii.gz,data/raw/ground_truth_masks/coronacases_004.nii.gz,PASSED
P_coronacases_004_coronacases_004_z0222,P_coronacases_004,coronacases_004,222,512x512,0.6836,0.6836,1.0,113738,0,0,data/raw/ct_volumes/coronacases_004.nii.gz,data/raw/ground_truth_masks/coronacases_004.nii.gz,PASSED
P_coronacases_004_coronacases_004_z0227,P_coronacases_004,coronacases_004,227,512x512,0.6836,0.6836,1.0,109505,0,0,data/raw/ct_volumes/coronacases_004.nii.gz,data/raw/ground_truth_masks/coronacases_004.nii.gz,PASSED
P_coronacases_004_coronacases_004_z0232,P_coronacases_004,coronacases_004,232,512x512,0.6836,0.6836,1.0,104235,0,0,data/raw/ct_volumes/coronacases_004.nii.gz,data/raw/ground_truth_masks/coronacases_004.nii.gz,PASSED
P_coronacases_004_coronacases_004_z0237,P_coronacases_004,coronacases_004,237,512x512,0.6836,0.6836,1.0,99980,0,0,data/raw/ct_volumes/coronacases_004.nii.gz,data/raw/ground_truth_masks/coronacases_004.nii.gz,PASSED
P_coronacases_004_coronacases_004_z0242,P_coronacases_004,coronacases_004,242,512x512,0.6836,0.6836,1.0,98281,0,0,data/raw/ct_volumes/coronacases_004.nii.gz,data/raw/ground_truth_masks/coronacases_004.nii.gz,PASSED
P_coronacases_004_coronacases_004_z0247,P_coronacases_004,coronacases_004,247,512x512,0.6836,0.6836,1.0,98540,0,0,data/raw/ct_volumes/coronacases_004.nii.gz,data/raw/ground_truth_masks/coronacases_004.nii.gz,PASSED
P_coronacases_004_coronacases_004_z0253,P_coronacases_004,coronacases_004,253,512x512,0.6836,0.6836,1.0,102756,0,0,data/raw/ct_volumes/coronacases_004.nii.gz,data/raw/ground_truth_masks/coronacases_004.nii.gz,PASSED
P_coronacases_004_coronacases_004_z0258,P_coronacases_004,coronacases_004,258,512x512,0.6836,0.6836,1.0,106873,0,0,data/raw/ct_volumes/coronacases_004.nii.gz,data/raw/ground_truth_masks/coronacases_004.nii.gz,PASSED
P_coronacases_004_coronacases_004_z0263,P_coronacases_004,coronacases_004,263,512x512,0.6836,0.6836,1.0,110504,0,0,data/raw/ct_volumes/coronacases_004.nii.gz,data/raw/ground_truth_masks/coronacases_004.nii.gz,PASSED
P_coronacases_004_coronacases_004_z0268,P_coronacases_004,coronacases_004,268,512x512,0.6836,0.6836,1.0,114287,0,0,data/raw/ct_volumes/coronacases_004.nii.gz,data/raw/ground_truth_masks/coronacases_004.nii.gz,PASSED
P_coronacases_005_coronacases_005_z0003,P_coronacases_005,coronacases_005,3,512x512,0.6836,0.6836,1.0,92490,0,0,data/raw/ct_volumes/coronacases_005.nii.gz,data/raw/ground_truth_masks/coronacases_005.nii.gz,PASSED
P_coronacases_005_coronacases_005_z0008,P_coronacases_005,coronacases_005,8,512x512,0.6836,0.6836,1.0,92756,0,0,data/raw/ct_volumes/coronacases_005.nii.gz,data/raw/ground_truth_masks/coronacases_005.nii.gz,PASSED
P_coronacases_005_coronacases_005_z0013,P_coronacases_005,coronacases_005,13,512x512,0.6836,0.6836,1.0,93296,0,0,data/raw/ct_volumes/coronacases_005.nii.gz,data/raw/ground_truth_masks/coronacases_005.nii.gz,PASSED
P_coronacases_005_coronacases_005_z0018,P_coronacases_005,coronacases_005,18,512x512,0.6836,0.6836,1.0,93736,0,0,data/raw/ct_volumes/coronacases_005.nii.gz,data/raw/ground_truth_masks/coronacases_005.nii.gz,PASSED
P_coronacases_005_coronacases_005_z0023,P_coronacases_005,coronacases_005,23,512x512,0.6836,0.6836,1.0,95740,0,0,data/raw/ct_volumes/coronacases_005.nii.gz,data/raw/ground_truth_masks/coronacases_005.nii.gz,PASSED
P_coronacases_005_coronacases_005_z0028,P_coronacases_005,coronacases_005,28,512x512,0.6836,0.6836,1.0,98367,0,0,data/raw/ct_volumes/coronacases_005.nii.gz,data/raw/ground_truth_masks/coronacases_005.nii.gz,PASSED
P_coronacases_005_coronacases_005_z0033,P_coronacases_005,coronacases_005,33,512x512,0.6836,0.6836,1.0,101379,0,0,data/raw/ct_volumes/coronacases_005.nii.gz,data/raw/ground_truth_masks/coronacases_005.nii.gz,PASSED
P_coronacases_005_coronacases_005_z0038,P_coronacases_005,coronacases_005,38,512x512,0.6836,0.6836,1.0,105456,0,0,data/raw/ct_volumes/coronacases_005.nii.gz,data/raw/ground_truth_masks/coronacases_005.nii.gz,PASSED
P_coronacases_005_coronacases_005_z0043,P_coronacases_005,coronacases_005,43,512x512,0.6836,0.6836,1.0,110184,0,0,data/raw/ct_volumes/coronacases_005.nii.gz,data/raw/ground_truth_masks/coronacases_005.nii.gz,PASSED
P_coronacases_005_coronacases_005_z0048,P_coronacases_005,coronacases_005,48,512x512,0.6836,0.6836,1.0,115486,0,0,data/raw/ct_volumes/coronacases_005.nii.gz,data/raw/ground_truth_masks/coronacases_005.nii.gz,PASSED
P_coronacases_005_coronacases_005_z0053,P_coronacases_005,coronacases_005,53,512x512,0.6836,0.6836,1.0,120940,0,0,data/raw/ct_volumes/coronacases_005.nii.gz,data/raw/ground_truth_masks/coronacases_005.nii.gz,PASSED
P_coronacases_005_coronacases_005_z0058,P_coronacases_005,coronacases_005,58,512x512,0.6836,0.6836,1.0,127722,0,0,data/raw/ct_volumes/coronacases_005.nii.gz,data/raw/ground_truth_masks/coronacases_005.nii.gz,PASSED
P_coronacases_005_coronacases_005_z0060,P_coronacases_005,coronacases_005,60,512x512,0.6836,0.6836,1.0,131048,1,394,data/raw/ct_volumes/coronacases_005.nii.gz,data/raw/ground_truth_masks/coronacases_005.nii.gz,PASSED
P_coronacases_005_coronacases_005_z0061,P_coronacases_005,coronacases_005,61,512x512,0.6836,0.6836,1.0,133113,1,546,data/raw/ct_volumes/coronacases_005.nii.gz,data/raw/ground_truth_masks/coronacases_005.nii.gz,PASSED
P_coronacases_005_coronacases_005_z0062,P_coronacases_005,coronacases_005,62,512x512,0.6836,0.6836,1.0,134849,1,469,data/raw/ct_volumes/coronacases_005.nii.gz,data/raw/ground_truth_masks/coronacases_005.nii.gz,PASSED
P_coronacases_005_coronacases_005_z0063,P_coronacases_005,coronacases_005,63,512x512,0.6836,0.6836,1.0,136406,1,500,data/raw/ct_volumes/coronacases_005.nii.gz,data/raw/ground_truth_masks/coronacases_005.nii.gz,PASSED
P_coronacases_005_coronacases_005_z0065,P_coronacases_005,coronacases_005,65,512x512,0.6836,0.6836,1.0,138765,1,836,data/raw/ct_volumes/coronacases_005.nii.gz,data/raw/ground_truth_masks/coronacases_005.nii.gz,PASSED
P_coronacases_005_coronacases_005_z0066,P_coronacases_005,coronacases_005,66,512x512,0.6836,0.6836,1.0,139230,1,778,data/raw/ct_volumes/coronacases_005.nii.gz,data/raw/ground_truth_masks/coronacases_005.nii.gz,PASSED
P_coronacases_005_coronacases_005_z0067,P_coronacases_005,coronacases_005,67,512x512,0.6836,0.6836,1.0,139162,1,976,data/raw/ct_volumes/coronacases_005.nii.gz,data/raw/ground_truth_masks/coronacases_005.nii.gz,PASSED
P_coronacases_005_coronacases_005_z0068,P_coronacases_005,coronacases_005,68,512x512,0.6836,0.6836,1.0,139449,1,1022,data/raw/ct_volumes/coronacases_005.nii.gz,data/raw/ground_truth_masks/coronacases_005.nii.gz,PASSED
P_coronacases_005_coronacases_005_z0070,P_coronacases_005,coronacases_005,70,512x512,0.6836,0.6836,1.0,139423,1,979,data/raw/ct_volumes/coronacases_005.nii.gz,data/raw/ground_truth_masks/coronacases_005.nii.gz,PASSED
P_coronacases_005_coronacases_005_z0071,P_coronacases_005,coronacases_005,71,512x512,0.6836,0.6836,1.0,139770,1,1186,data/raw/ct_volumes/coronacases_005.nii.gz,data/raw/ground_truth_masks/coronacases_005.nii.gz,PASSED
P_coronacases_005_coronacases_005_z0072,P_coronacases_005,coronacases_005,72,512x512,0.6836,0.6836,1.0,139868,1,1317,data/raw/ct_volumes/coronacases_005.nii.gz,data/raw/ground_truth_masks/coronacases_005.nii.gz,PASSED
P_coronacases_005_coronacases_005_z0073,P_coronacases_005,coronacases_005,73,512x512,0.6836,0.6836,1.0,139980,1,1596,data/raw/ct_volumes/coronacases_005.nii.gz,data/raw/ground_truth_masks/coronacases_005.nii.gz,PASSED
P_coronacases_005_coronacases_005_z0075,P_coronacases_005,coronacases_005,75,512x512,0.6836,0.6836,1.0,139587,1,1756,data/raw/ct_volumes/coronacases_005.nii.gz,data/raw/ground_truth_masks/coronacases_005.nii.gz,PASSED
P_coronacases_005_coronacases_005_z0076,P_coronacases_005,coronacases_005,76,512x512,0.6836,0.6836,1.0,139627,1,1747,data/raw/ct_volumes/coronacases_005.nii.gz,data/raw/ground_truth_masks/coronacases_005.nii.gz,PASSED
P_coronacases_005_coronacases_005_z0077,P_coronacases_005,coronacases_005,77,512x512,0.6836,0.6836,1.0,140031,1,1856,data/raw/ct_volumes/coronacases_005.nii.gz,data/raw/ground_truth_masks/coronacases_005.nii.gz,PASSED
P_coronacases_005_coronacases_005_z0079,P_coronacases_005,coronacases_005,79,512x512,0.6836,0.6836,1.0,140759,1,1889,data/raw/ct_volumes/coronacases_005.nii.gz,data/raw/ground_truth_masks/coronacases_005.nii.gz,PASSED
P_coronacases_005_coronacases_005_z0080,P_coronacases_005,coronacases_005,80,512x512,0.6836,0.6836,1.0,141327,1,1818,data/raw/ct_volumes/coronacases_005.nii.gz,data/raw/ground_truth_masks/coronacases_005.nii.gz,PASSED
P_coronacases_005_coronacases_005_z0081,P_coronacases_005,coronacases_005,81,512x512,0.6836,0.6836,1.0,141264,1,1898,data/raw/ct_volumes/coronacases_005.nii.gz,data/raw/ground_truth_masks/coronacases_005.nii.gz,PASSED
P_coronacases_005_coronacases_005_z0082,P_coronacases_005,coronacases_005,82,512x512,0.6836,0.6836,1.0,141544,1,1994,data/raw/ct_volumes/coronacases_005.nii.gz,data/raw/ground_truth_masks/coronacases_005.nii.gz,PASSED
P_coronacases_005_coronacases_005_z0084,P_coronacases_005,coronacases_005,84,512x512,0.6836,0.6836,1.0,141271,1,1863,data/raw/ct_volumes/coronacases_005.nii.gz,data/raw/ground_truth_masks/coronacases_005.nii.gz,PASSED
P_coronacases_005_coronacases_005_z0085,P_coronacases_005,coronacases_005,85,512x512,0.6836,0.6836,1.0,141376,1,2048,data/raw/ct_volumes/coronacases_005.nii.gz,data/raw/ground_truth_masks/coronacases_005.nii.gz,PASSED
P_coronacases_005_coronacases_005_z0086,P_coronacases_005,coronacases_005,86,512x512,0.6836,0.6836,1.0,141271,1,1946,data/raw/ct_volumes/coronacases_005.nii.gz,data/raw/ground_truth_masks/coronacases_005.nii.gz,PASSED
P_coronacases_005_coronacases_005_z0087,P_coronacases_005,coronacases_005,87,512x512,0.6836,0.6836,1.0,141195,1,1981,data/raw/ct_volumes/coronacases_005.nii.gz,data/raw/ground_truth_masks/coronacases_005.nii.gz,PASSED
P_coronacases_005_coronacases_005_z0089,P_coronacases_005,coronacases_005,89,512x512,0.6836,0.6836,1.0,140932,1,2063,data/raw/ct_volumes/coronacases_005.nii.gz,data/raw/ground_truth_masks/coronacases_005.nii.gz,PASSED
P_coronacases_005_coronacases_005_z0090,P_coronacases_005,coronacases_005,90,512x512,0.6836,0.6836,1.0,140468,1,2131,data/raw/ct_volumes/coronacases_005.nii.gz,data/raw/ground_truth_masks/coronacases_005.nii.gz,PASSED
P_coronacases_005_coronacases_005_z0091,P_coronacases_005,coronacases_005,91,512x512,0.6836,0.6836,1.0,140492,1,2146,data/raw/ct_volumes/coronacases_005.nii.gz,data/raw/ground_truth_masks/coronacases_005.nii.gz,PASSED
P_coronacases_005_coronacases_005_z0092,P_coronacases_005,coronacases_005,92,512x512,0.6836,0.6836,1.0,140580,1,2085,data/raw/ct_volumes/coronacases_005.nii.gz,data/raw/ground_truth_masks/coronacases_005.nii.gz,PASSED
P_coronacases_005_coronacases_005_z0094,P_coronacases_005,coronacases_005,94,512x512,0.6836,0.6836,1.0,140794,1,2164,data/raw/ct_volumes/coronacases_005.nii.gz,data/raw/ground_truth_masks/coronacases_005.nii.gz,PASSED
P_coronacases_005_coronacases_005_z0095,P_coronacases_005,coronacases_005,95,512x512,0.6836,0.6836,1.0,140942,1,2210,data/raw/ct_volumes/coronacases_005.nii.gz,data/raw/ground_truth_masks/coronacases_005.nii.gz,PASSED
P_coronacases_005_coronacases_005_z0096,P_coronacases_005,coronacases_005,96,512x512,0.6836,0.6836,1.0,140988,1,2307,data/raw/ct_volumes/coronacases_005.nii.gz,data/raw/ground_truth_masks/coronacases_005.nii.gz,PASSED
P_coronacases_005_coronacases_005_z0097,P_coronacases_005,coronacases_005,97,512x512,0.6836,0.6836,1.0,141028,1,2207,data/raw/ct_volumes/coronacases_005.nii.gz,data/raw/ground_truth_masks/coronacases_005.nii.gz,PASSED
P_coronacases_005_coronacases_005_z0099,P_coronacases_005,coronacases_005,99,512x512,0.6836,0.6836,1.0,141308,1,1937,data/raw/ct_volumes/coronacases_005.nii.gz,data/raw/ground_truth_masks/coronacases_005.nii.gz,PASSED
P_coronacases_005_coronacases_005_z0100,P_coronacases_005,coronacases_005,100,512x512,0.6836,0.6836,1.0,141375,1,2177,data/raw/ct_volumes/coronacases_005.nii.gz,data/raw/ground_truth_masks/coronacases_005.nii.gz,PASSED
P_coronacases_005_coronacases_005_z0101,P_coronacases_005,coronacases_005,101,512x512,0.6836,0.6836,1.0,141165,1,2399,data/raw/ct_volumes/coronacases_005.nii.gz,data/raw/ground_truth_masks/coronacases_005.nii.gz,PASSED
P_coronacases_005_coronacases_005_z0103,P_coronacases_005,coronacases_005,103,512x512,0.6836,0.6836,1.0,140950,1,2188,data/raw/ct_volumes/coronacases_005.nii.gz,data/raw/ground_truth_masks/coronacases_005.nii.gz,PASSED
P_coronacases_005_coronacases_005_z0104,P_coronacases_005,coronacases_005,104,512x512,0.6836,0.6836,1.0,140932,1,2517,data/raw/ct_volumes/coronacases_005.nii.gz,data/raw/ground_truth_masks/coronacases_005.nii.gz,PASSED
P_coronacases_005_coronacases_005_z0105,P_coronacases_005,coronacases_005,105,512x512,0.6836,0.6836,1.0,140894,1,2632,data/raw/ct_volumes/coronacases_005.nii.gz,data/raw/ground_truth_masks/coronacases_005.nii.gz,PASSED
P_coronacases_005_coronacases_005_z0106,P_coronacases_005,coronacases_005,106,512x512,0.6836,0.6836,1.0,141049,1,2856,data/raw/ct_volumes/coronacases_005.nii.gz,data/raw/ground_truth_masks/coronacases_005.nii.gz,PASSED
P_coronacases_005_coronacases_005_z0108,P_coronacases_005,coronacases_005,108,512x512,0.6836,0.6836,1.0,140964,1,2747,data/raw/ct_volumes/coronacases_005.nii.gz,data/raw/ground_truth_masks/coronacases_005.nii.gz,PASSED
P_coronacases_005_coronacases_005_z0109,P_coronacases_005,coronacases_005,109,512x512,0.6836,0.6836,1.0,141027,1,2916,data/raw/ct_volumes/coronacases_005.nii.gz,data/raw/ground_truth_masks/coronacases_005.nii.gz,PASSED
P_coronacases_005_coronacases_005_z0110,P_coronacases_005,coronacases_005,110,512x512,0.6836,0.6836,1.0,141235,1,2916,data/raw/ct_volumes/coronacases_005.nii.gz,data/raw/ground_truth_masks/coronacases_005.nii.gz,PASSED
P_coronacases_005_coronacases_005_z0111,P_coronacases_005,coronacases_005,111,512x512,0.6836,0.6836,1.0,140891,1,2713,data/raw/ct_volumes/coronacases_005.nii.gz,data/raw/ground_truth_masks/coronacases_005.nii.gz,PASSED
P_coronacases_005_coronacases_005_z0113,P_coronacases_005,coronacases_005,113,512x512,0.6836,0.6836,1.0,140147,1,2299,data/raw/ct_volumes/coronacases_005.nii.gz,data/raw/ground_truth_masks/coronacases_005.nii.gz,PASSED
P_coronacases_005_coronacases_005_z0114,P_coronacases_005,coronacases_005,114,512x512,0.6836,0.6836,1.0,139682,1,2287,data/raw/ct_volumes/coronacases_005.nii.gz,data/raw/ground_truth_masks/coronacases_005.nii.gz,PASSED
P_coronacases_005_coronacases_005_z0115,P_coronacases_005,coronacases_005,115,512x512,0.6836,0.6836,1.0,139349,1,2322,data/raw/ct_volumes/coronacases_005.nii.gz,data/raw/ground_truth_masks/coronacases_005.nii.gz,PASSED
P_coronacases_005_coronacases_005_z0116,P_coronacases_005,coronacases_005,116,512x512,0.6836,0.6836,1.0,138091,1,2297,data/raw/ct_volumes/coronacases_005.nii.gz,data/raw/ground_truth_masks/coronacases_005.nii.gz,PASSED
P_coronacases_005_coronacases_005_z0118,P_coronacases_005,coronacases_005,118,512x512,0.6836,0.6836,1.0,138127,1,2399,data/raw/ct_volumes/coronacases_005.nii.gz,data/raw/ground_truth_masks/coronacases_005.nii.gz,PASSED
P_coronacases_005_coronacases_005_z0119,P_coronacases_005,coronacases_005,119,512x512,0.6836,0.6836,1.0,138316,1,2216,data/raw/ct_volumes/coronacases_005.nii.gz,data/raw/ground_truth_masks/coronacases_005.nii.gz,PASSED
P_coronacases_005_coronacases_005_z0120,P_coronacases_005,coronacases_005,120,512x512,0.6836,0.6836,1.0,138275,1,2020,data/raw/ct_volumes/coronacases_005.nii.gz,data/raw/ground_truth_masks/coronacases_005.nii.gz,PASSED
P_coronacases_005_coronacases_005_z0121,P_coronacases_005,coronacases_005,121,512x512,0.6836,0.6836,1.0,138324,1,2279,data/raw/ct_volumes/coronacases_005.nii.gz,data/raw/ground_truth_masks/coronacases_005.nii.gz,PASSED
P_coronacases_005_coronacases_005_z0123,P_coronacases_005,coronacases_005,123,512x512,0.6836,0.6836,1.0,138965,1,2399,data/raw/ct_volumes/coronacases_005.nii.gz,data/raw/ground_truth_masks/coronacases_005.nii.gz,PASSED
P_coronacases_005_coronacases_005_z0124,P_coronacases_005,coronacases_005,124,512x512,0.6836,0.6836,1.0,138997,1,2173,data/raw/ct_volumes/coronacases_005.nii.gz,data/raw/ground_truth_masks/coronacases_005.nii.gz,PASSED
P_coronacases_005_coronacases_005_z0125,P_coronacases_005,coronacases_005,125,512x512,0.6836,0.6836,1.0,139261,1,2165,data/raw/ct_volumes/coronacases_005.nii.gz,data/raw/ground_truth_masks/coronacases_005.nii.gz,PASSED
P_coronacases_005_coronacases_005_z0127,P_coronacases_005,coronacases_005,127,512x512,0.6836,0.6836,1.0,139372,1,1718,data/raw/ct_volumes/coronacases_005.nii.gz,data/raw/ground_truth_masks/coronacases_005.nii.gz,PASSED
P_coronacases_005_coronacases_005_z0128,P_coronacases_005,coronacases_005,128,512x512,0.6836,0.6836,1.0,139195,1,1628,data/raw/ct_volumes/coronacases_005.nii.gz,data/raw/ground_truth_masks/coronacases_005.nii.gz,PASSED
P_coronacases_005_coronacases_005_z0129,P_coronacases_005,coronacases_005,129,512x512,0.6836,0.6836,1.0,139169,1,1543,data/raw/ct_volumes/coronacases_005.nii.gz,data/raw/ground_truth_masks/coronacases_005.nii.gz,PASSED
P_coronacases_005_coronacases_005_z0130,P_coronacases_005,coronacases_005,130,512x512,0.6836,0.6836,1.0,138888,1,1338,data/raw/ct_volumes/coronacases_005.nii.gz,data/raw/ground_truth_masks/coronacases_005.nii.gz,PASSED
P_coronacases_005_coronacases_005_z0132,P_coronacases_005,coronacases_005,132,512x512,0.6836,0.6836,1.0,138830,1,1329,data/raw/ct_volumes/coronacases_005.nii.gz,data/raw/ground_truth_masks/coronacases_005.nii.gz,PASSED
P_coronacases_005_coronacases_005_z0133,P_coronacases_005,coronacases_005,133,512x512,0.6836,0.6836,1.0,138837,1,1276,data/raw/ct_volumes/coronacases_005.nii.gz,data/raw/ground_truth_masks/coronacases_005.nii.gz,PASSED
P_coronacases_005_coronacases_005_z0134,P_coronacases_005,coronacases_005,134,512x512,0.6836,0.6836,1.0,139014,1,1480,data/raw/ct_volumes/coronacases_005.nii.gz,data/raw/ground_truth_masks/coronacases_005.nii.gz,PASSED
P_coronacases_005_coronacases_005_z0135,P_coronacases_005,coronacases_005,135,512x512,0.6836,0.6836,1.0,138849,1,1427,data/raw/ct_volumes/coronacases_005.nii.gz,data/raw/ground_truth_masks/coronacases_005.nii.gz,PASSED
P_coronacases_005_coronacases_005_z0137,P_coronacases_005,coronacases_005,137,512x512,0.6836,0.6836,1.0,138512,1,1671,data/raw/ct_volumes/coronacases_005.nii.gz,data/raw/ground_truth_masks/coronacases_005.nii.gz,PASSED
P_coronacases_005_coronacases_005_z0138,P_coronacases_005,coronacases_005,138,512x512,0.6836,0.6836,1.0,138357,1,1523,data/raw/ct_volumes/coronacases_005.nii.gz,data/raw/ground_truth_masks/coronacases_005.nii.gz,PASSED
P_coronacases_005_coronacases_005_z0139,P_coronacases_005,coronacases_005,139,512x512,0.6836,0.6836,1.0,138395,1,1540,data/raw/ct_volumes/coronacases_005.nii.gz,data/raw/ground_truth_masks/coronacases_005.nii.gz,PASSED
P_coronacases_005_coronacases_005_z0140,P_coronacases_005,coronacases_005,140,512x512,0.6836,0.6836,1.0,138470,1,1467,data/raw/ct_volumes/coronacases_005.nii.gz,data/raw/ground_truth_masks/coronacases_005.nii.gz,PASSED
P_coronacases_005_coronacases_005_z0142,P_coronacases_005,coronacases_005,142,512x512,0.6836,0.6836,1.0,137759,1,1548,data/raw/ct_volumes/coronacases_005.nii.gz,data/raw/ground_truth_masks/coronacases_005.nii.gz,PASSED
P_coronacases_005_coronacases_005_z0143,P_coronacases_005,coronacases_005,143,512x512,0.6836,0.6836,1.0,137886,1,1477,data/raw/ct_volumes/coronacases_005.nii.gz,data/raw/ground_truth_masks/coronacases_005.nii.gz,PASSED
P_coronacases_005_coronacases_005_z0144,P_coronacases_005,coronacases_005,144,512x512,0.6836,0.6836,1.0,137694,1,1553,data/raw/ct_volumes/coronacases_005.nii.gz,data/raw/ground_truth_masks/coronacases_005.nii.gz,PASSED
P_coronacases_005_coronacases_005_z0146,P_coronacases_005,coronacases_005,146,512x512,0.6836,0.6836,1.0,137426,1,1487,data/raw/ct_volumes/coronacases_005.nii.gz,data/raw/ground_truth_masks/coronacases_005.nii.gz,PASSED
P_coronacases_005_coronacases_005_z0147,P_coronacases_005,coronacases_005,147,512x512,0.6836,0.6836,1.0,137286,1,1496,data/raw/ct_volumes/coronacases_005.nii.gz,data/raw/ground_truth_masks/coronacases_005.nii.gz,PASSED
P_coronacases_005_coronacases_005_z0148,P_coronacases_005,coronacases_005,148,512x512,0.6836,0.6836,1.0,137276,1,1637,data/raw/ct_volumes/coronacases_005.nii.gz,data/raw/ground_truth_masks/coronacases_005.nii.gz,PASSED
P_coronacases_005_coronacases_005_z0149,P_coronacases_005,coronacases_005,149,512x512,0.6836,0.6836,1.0,137257,1,1551,data/raw/ct_volumes/coronacases_005.nii.gz,data/raw/ground_truth_masks/coronacases_005.nii.gz,PASSED
P_coronacases_005_coronacases_005_z0151,P_coronacases_005,coronacases_005,151,512x512,0.6836,0.6836,1.0,137253,1,1074,data/raw/ct_volumes/coronacases_005.nii.gz,data/raw/ground_truth_masks/coronacases_005.nii.gz,PASSED
P_coronacases_005_coronacases_005_z0152,P_coronacases_005,coronacases_005,152,512x512,0.6836,0.6836,1.0,136551,1,1139,data/raw/ct_volumes/coronacases_005.nii.gz,data/raw/ground_truth_masks/coronacases_005.nii.gz,PASSED
P_coronacases_005_coronacases_005_z0153,P_coronacases_005,coronacases_005,153,512x512,0.6836,0.6836,1.0,136437,1,1221,data/raw/ct_volumes/coronacases_005.nii.gz,data/raw/ground_truth_masks/coronacases_005.nii.gz,PASSED
P_coronacases_005_coronacases_005_z0154,P_coronacases_005,coronacases_005,154,512x512,0.6836,0.6836,1.0,136585,1,886,data/raw/ct_volumes/coronacases_005.nii.gz,data/raw/ground_truth_masks/coronacases_005.nii.gz,PASSED
P_coronacases_005_coronacases_005_z0156,P_coronacases_005,coronacases_005,156,512x512,0.6836,0.6836,1.0,136080,1,857,data/raw/ct_volumes/coronacases_005.nii.gz,data/raw/ground_truth_masks/coronacases_005.nii.gz,PASSED
P_coronacases_005_coronacases_005_z0157,P_coronacases_005,coronacases_005,157,512x512,0.6836,0.6836,1.0,136132,1,830,data/raw/ct_volumes/coronacases_005.nii.gz,data/raw/ground_truth_masks/coronacases_005.nii.gz,PASSED
P_coronacases_005_coronacases_005_z0158,P_coronacases_005,coronacases_005,158,512x512,0.6836,0.6836,1.0,136240,1,669,data/raw/ct_volumes/coronacases_005.nii.gz,data/raw/ground_truth_masks/coronacases_005.nii.gz,PASSED
P_coronacases_005_coronacases_005_z0159,P_coronacases_005,coronacases_005,159,512x512,0.6836,0.6836,1.0,136671,1,597,data/raw/ct_volumes/coronacases_005.nii.gz,data/raw/ground_truth_masks/coronacases_005.nii.gz,PASSED
P_coronacases_005_coronacases_005_z0161,P_coronacases_005,coronacases_005,161,512x512,0.6836,0.6836,1.0,136640,1,442,data/raw/ct_volumes/coronacases_005.nii.gz,data/raw/ground_truth_masks/coronacases_005.nii.gz,PASSED
P_coronacases_005_coronacases_005_z0162,P_coronacases_005,coronacases_005,162,512x512,0.6836,0.6836,1.0,136702,1,421,data/raw/ct_volumes/coronacases_005.nii.gz,data/raw/ground_truth_masks/coronacases_005.nii.gz,PASSED
P_coronacases_005_coronacases_005_z0163,P_coronacases_005,coronacases_005,163,512x512,0.6836,0.6836,1.0,136865,1,389,data/raw/ct_volumes/coronacases_005.nii.gz,data/raw/ground_truth_masks/coronacases_005.nii.gz,PASSED
P_coronacases_005_coronacases_005_z0164,P_coronacases_005,coronacases_005,164,512x512,0.6836,0.6836,1.0,136653,1,384,data/raw/ct_volumes/coronacases_005.nii.gz,data/raw/ground_truth_masks/coronacases_005.nii.gz,PASSED
P_coronacases_005_coronacases_005_z0166,P_coronacases_005,coronacases_005,166,512x512,0.6836,0.6836,1.0,136639,1,249,data/raw/ct_volumes/coronacases_005.nii.gz,data/raw/ground_truth_masks/coronacases_005.nii.gz,PASSED
P_coronacases_005_coronacases_005_z0167,P_coronacases_005,coronacases_005,167,512x512,0.6836,0.6836,1.0,136331,1,283,data/raw/ct_volumes/coronacases_005.nii.gz,data/raw/ground_truth_masks/coronacases_005.nii.gz,PASSED
P_coronacases_005_coronacases_005_z0168,P_coronacases_005,coronacases_005,168,512x512,0.6836,0.6836,1.0,136180,1,195,data/raw/ct_volumes/coronacases_005.nii.gz,data/raw/ground_truth_masks/coronacases_005.nii.gz,PASSED
P_coronacases_005_coronacases_005_z0175,P_coronacases_005,coronacases_005,175,512x512,0.6836,0.6836,1.0,135357,1,126,data/raw/ct_volumes/coronacases_005.nii.gz,data/raw/ground_truth_masks/coronacases_005.nii.gz,PASSED
P_coronacases_005_coronacases_005_z0176,P_coronacases_005,coronacases_005,176,512x512,0.6836,0.6836,1.0,135317,1,127,data/raw/ct_volumes/coronacases_005.nii.gz,data/raw/ground_truth_masks/coronacases_005.nii.gz,PASSED
P_coronacases_005_coronacases_005_z0177,P_coronacases_005,coronacases_005,177,512x512,0.6836,0.6836,1.0,135439,1,72,data/raw/ct_volumes/coronacases_005.nii.gz,data/raw/ground_truth_masks/coronacases_005.nii.gz,PASSED
P_coronacases_005_coronacases_005_z0178,P_coronacases_005,coronacases_005,178,512x512,0.6836,0.6836,1.0,135405,1,70,data/raw/ct_volumes/coronacases_005.nii.gz,data/raw/ground_truth_masks/coronacases_005.nii.gz,PASSED
P_coronacases_005_coronacases_005_z0180,P_coronacases_005,coronacases_005,180,512x512,0.6836,0.6836,1.0,135904,0,0,data/raw/ct_volumes/coronacases_005.nii.gz,data/raw/ground_truth_masks/coronacases_005.nii.gz,PASSED
P_coronacases_005_coronacases_005_z0185,P_coronacases_005,coronacases_005,185,512x512,0.6836,0.6836,1.0,136369,0,0,data/raw/ct_volumes/coronacases_005.nii.gz,data/raw/ground_truth_masks/coronacases_005.nii.gz,PASSED
P_coronacases_005_coronacases_005_z0190,P_coronacases_005,coronacases_005,190,512x512,0.6836,0.6836,1.0,135750,0,0,data/raw/ct_volumes/coronacases_005.nii.gz,data/raw/ground_truth_masks/coronacases_005.nii.gz,PASSED
P_coronacases_005_coronacases_005_z0195,P_coronacases_005,coronacases_005,195,512x512,0.6836,0.6836,1.0,133751,0,0,data/raw/ct_volumes/coronacases_005.nii.gz,data/raw/ground_truth_masks/coronacases_005.nii.gz,PASSED
P_coronacases_005_coronacases_005_z0200,P_coronacases_005,coronacases_005,200,512x512,0.6836,0.6836,1.0,132036,0,0,data/raw/ct_volumes/coronacases_005.nii.gz,data/raw/ground_truth_masks/coronacases_005.nii.gz,PASSED
P_coronacases_005_coronacases_005_z0205,P_coronacases_005,coronacases_005,205,512x512,0.6836,0.6836,1.0,132599,0,0,data/raw/ct_volumes/coronacases_005.nii.gz,data/raw/ground_truth_masks/coronacases_005.nii.gz,PASSED
P_coronacases_005_coronacases_005_z0210,P_coronacases_005,coronacases_005,210,512x512,0.6836,0.6836,1.0,131745,0,0,data/raw/ct_volumes/coronacases_005.nii.gz,data/raw/ground_truth_masks/coronacases_005.nii.gz,PASSED
P_coronacases_005_coronacases_005_z0215,P_coronacases_005,coronacases_005,215,512x512,0.6836,0.6836,1.0,128084,0,0,data/raw/ct_volumes/coronacases_005.nii.gz,data/raw/ground_truth_masks/coronacases_005.nii.gz,PASSED
P_coronacases_005_coronacases_005_z0220,P_coronacases_005,coronacases_005,220,512x512,0.6836,0.6836,1.0,124534,0,0,data/raw/ct_volumes/coronacases_005.nii.gz,data/raw/ground_truth_masks/coronacases_005.nii.gz,PASSED
P_coronacases_005_coronacases_005_z0225,P_coronacases_005,coronacases_005,225,512x512,0.6836,0.6836,1.0,120366,0,0,data/raw/ct_volumes/coronacases_005.nii.gz,data/raw/ground_truth_masks/coronacases_005.nii.gz,PASSED
P_coronacases_005_coronacases_005_z0230,P_coronacases_005,coronacases_005,230,512x512,0.6836,0.6836,1.0,117518,0,0,data/raw/ct_volumes/coronacases_005.nii.gz,data/raw/ground_truth_masks/coronacases_005.nii.gz,PASSED
P_coronacases_005_coronacases_005_z0235,P_coronacases_005,coronacases_005,235,512x512,0.6836,0.6836,1.0,114643,0,0,data/raw/ct_volumes/coronacases_005.nii.gz,data/raw/ground_truth_masks/coronacases_005.nii.gz,PASSED
P_coronacases_005_coronacases_005_z0240,P_coronacases_005,coronacases_005,240,512x512,0.6836,0.6836,1.0,111531,0,0,data/raw/ct_volumes/coronacases_005.nii.gz,data/raw/ground_truth_masks/coronacases_005.nii.gz,PASSED
P_coronacases_005_coronacases_005_z0245,P_coronacases_005,coronacases_005,245,512x512,0.6836,0.6836,1.0,109364,0,0,data/raw/ct_volumes/coronacases_005.nii.gz,data/raw/ground_truth_masks/coronacases_005.nii.gz,PASSED
P_coronacases_005_coronacases_005_z0250,P_coronacases_005,coronacases_005,250,512x512,0.6836,0.6836,1.0,108565,0,0,data/raw/ct_volumes/coronacases_005.nii.gz,data/raw/ground_truth_masks/coronacases_005.nii.gz,PASSED
P_coronacases_005_coronacases_005_z0255,P_coronacases_005,coronacases_005,255,512x512,0.6836,0.6836,1.0,105306,0,0,data/raw/ct_volumes/coronacases_005.nii.gz,data/raw/ground_truth_masks/coronacases_005.nii.gz,PASSED
P_coronacases_005_coronacases_005_z0261,P_coronacases_005,coronacases_005,261,512x512,0.6836,0.6836,1.0,101834,0,0,data/raw/ct_volumes/coronacases_005.nii.gz,data/raw/ground_truth_masks/coronacases_005.nii.gz,PASSED
P_coronacases_005_coronacases_005_z0266,P_coronacases_005,coronacases_005,266,512x512,0.6836,0.6836,1.0,100606,0,0,data/raw/ct_volumes/coronacases_005.nii.gz,data/raw/ground_truth_masks/coronacases_005.nii.gz,PASSED
P_coronacases_005_coronacases_005_z0271,P_coronacases_005,coronacases_005,271,512x512,0.6836,0.6836,1.0,101545,0,0,data/raw/ct_volumes/coronacases_005.nii.gz,data/raw/ground_truth_masks/coronacases_005.nii.gz,PASSED
P_coronacases_005_coronacases_005_z0276,P_coronacases_005,coronacases_005,276,512x512,0.6836,0.6836,1.0,102385,0,0,data/raw/ct_volumes/coronacases_005.nii.gz,data/raw/ground_truth_masks/coronacases_005.nii.gz,PASSED
P_coronacases_005_coronacases_005_z0281,P_coronacases_005,coronacases_005,281,512x512,0.6836,0.6836,1.0,104374,0,0,data/raw/ct_volumes/coronacases_005.nii.gz,data/raw/ground_truth_masks/coronacases_005.nii.gz,PASSED
P_coronacases_005_coronacases_005_z0286,P_coronacases_005,coronacases_005,286,512x512,0.6836,0.6836,1.0,110386,0,0,data/raw/ct_volumes/coronacases_005.nii.gz,data/raw/ground_truth_masks/coronacases_005.nii.gz,PASSED
P_coronacases_006_coronacases_006_z0001,P_coronacases_006,coronacases_006,1,512x512,0.7598,0.7598,1.5,91529,0,0,data/raw/ct_volumes/coronacases_006.nii.gz,data/raw/ground_truth_masks/coronacases_006.nii.gz,PASSED
P_coronacases_006_coronacases_006_z0006,P_coronacases_006,coronacases_006,6,512x512,0.7598,0.7598,1.5,90460,0,0,data/raw/ct_volumes/coronacases_006.nii.gz,data/raw/ground_truth_masks/coronacases_006.nii.gz,PASSED
P_coronacases_006_coronacases_006_z0011,P_coronacases_006,coronacases_006,11,512x512,0.7598,0.7598,1.5,93174,0,0,data/raw/ct_volumes/coronacases_006.nii.gz,data/raw/ground_truth_masks/coronacases_006.nii.gz,PASSED
P_coronacases_006_coronacases_006_z0016,P_coronacases_006,coronacases_006,16,512x512,0.7598,0.7598,1.5,91879,0,0,data/raw/ct_volumes/coronacases_006.nii.gz,data/raw/ground_truth_masks/coronacases_006.nii.gz,PASSED
P_coronacases_006_coronacases_006_z0021,P_coronacases_006,coronacases_006,21,512x512,0.7598,0.7598,1.5,90035,0,0,data/raw/ct_volumes/coronacases_006.nii.gz,data/raw/ground_truth_masks/coronacases_006.nii.gz,PASSED
P_coronacases_006_coronacases_006_z0026,P_coronacases_006,coronacases_006,26,512x512,0.7598,0.7598,1.5,93578,0,0,data/raw/ct_volumes/coronacases_006.nii.gz,data/raw/ground_truth_masks/coronacases_006.nii.gz,PASSED
P_coronacases_006_coronacases_006_z0031,P_coronacases_006,coronacases_006,31,512x512,0.7598,0.7598,1.5,93547,0,0,data/raw/ct_volumes/coronacases_006.nii.gz,data/raw/ground_truth_masks/coronacases_006.nii.gz,PASSED
P_coronacases_006_coronacases_006_z0036,P_coronacases_006,coronacases_006,36,512x512,0.7598,0.7598,1.5,95517,0,0,data/raw/ct_volumes/coronacases_006.nii.gz,data/raw/ground_truth_masks/coronacases_006.nii.gz,PASSED
P_coronacases_006_coronacases_006_z0041,P_coronacases_006,coronacases_006,41,512x512,0.7598,0.7598,1.5,98575,0,0,data/raw/ct_volumes/coronacases_006.nii.gz,data/raw/ground_truth_masks/coronacases_006.nii.gz,PASSED
P_coronacases_006_coronacases_006_z0045,P_coronacases_006,coronacases_006,45,512x512,0.7598,0.7598,1.5,101019,1,44,data/raw/ct_volumes/coronacases_006.nii.gz,data/raw/ground_truth_masks/coronacases_006.nii.gz,PASSED
P_coronacases_006_coronacases_006_z0046,P_coronacases_006,coronacases_006,46,512x512,0.7598,0.7598,1.5,101041,1,80,data/raw/ct_volumes/coronacases_006.nii.gz,data/raw/ground_truth_masks/coronacases_006.nii.gz,PASSED
P_coronacases_006_coronacases_006_z0047,P_coronacases_006,coronacases_006,47,512x512,0.7598,0.7598,1.5,102205,1,110,data/raw/ct_volumes/coronacases_006.nii.gz,data/raw/ground_truth_masks/coronacases_006.nii.gz,PASSED
P_coronacases_006_coronacases_006_z0048,P_coronacases_006,coronacases_006,48,512x512,0.7598,0.7598,1.5,102317,1,139,data/raw/ct_volumes/coronacases_006.nii.gz,data/raw/ground_truth_masks/coronacases_006.nii.gz,PASSED
P_coronacases_006_coronacases_006_z0050,P_coronacases_006,coronacases_006,50,512x512,0.7598,0.7598,1.5,104232,1,368,data/raw/ct_volumes/coronacases_006.nii.gz,data/raw/ground_truth_masks/coronacases_006.nii.gz,PASSED
P_coronacases_006_coronacases_006_z0051,P_coronacases_006,coronacases_006,51,512x512,0.7598,0.7598,1.5,104897,1,577,data/raw/ct_volumes/coronacases_006.nii.gz,data/raw/ground_truth_masks/coronacases_006.nii.gz,PASSED
P_coronacases_006_coronacases_006_z0052,P_coronacases_006,coronacases_006,52,512x512,0.7598,0.7598,1.5,105821,1,409,data/raw/ct_volumes/coronacases_006.nii.gz,data/raw/ground_truth_masks/coronacases_006.nii.gz,PASSED
P_coronacases_006_coronacases_006_z0053,P_coronacases_006,coronacases_006,53,512x512,0.7598,0.7598,1.5,107238,1,350,data/raw/ct_volumes/coronacases_006.nii.gz,data/raw/ground_truth_masks/coronacases_006.nii.gz,PASSED
P_coronacases_006_coronacases_006_z0055,P_coronacases_006,coronacases_006,55,512x512,0.7598,0.7598,1.5,108809,1,384,data/raw/ct_volumes/coronacases_006.nii.gz,data/raw/ground_truth_masks/coronacases_006.nii.gz,PASSED
P_coronacases_006_coronacases_006_z0056,P_coronacases_006,coronacases_006,56,512x512,0.7598,0.7598,1.5,110903,1,704,data/raw/ct_volumes/coronacases_006.nii.gz,data/raw/ground_truth_masks/coronacases_006.nii.gz,PASSED
P_coronacases_006_coronacases_006_z0057,P_coronacases_006,coronacases_006,57,512x512,0.7598,0.7598,1.5,112171,1,704,data/raw/ct_volumes/coronacases_006.nii.gz,data/raw/ground_truth_masks/coronacases_006.nii.gz,PASSED
P_coronacases_006_coronacases_006_z0058,P_coronacases_006,coronacases_006,58,512x512,0.7598,0.7598,1.5,111670,1,711,data/raw/ct_volumes/coronacases_006.nii.gz,data/raw/ground_truth_masks/coronacases_006.nii.gz,PASSED
P_coronacases_006_coronacases_006_z0060,P_coronacases_006,coronacases_006,60,512x512,0.7598,0.7598,1.5,113256,1,1196,data/raw/ct_volumes/coronacases_006.nii.gz,data/raw/ground_truth_masks/coronacases_006.nii.gz,PASSED
P_coronacases_006_coronacases_006_z0061,P_coronacases_006,coronacases_006,61,512x512,0.7598,0.7598,1.5,115186,1,1761,data/raw/ct_volumes/coronacases_006.nii.gz,data/raw/ground_truth_masks/coronacases_006.nii.gz,PASSED
P_coronacases_006_coronacases_006_z0062,P_coronacases_006,coronacases_006,62,512x512,0.7598,0.7598,1.5,115687,1,2219,data/raw/ct_volumes/coronacases_006.nii.gz,data/raw/ground_truth_masks/coronacases_006.nii.gz,PASSED
P_coronacases_006_coronacases_006_z0064,P_coronacases_006,coronacases_006,64,512x512,0.7598,0.7598,1.5,118192,1,2331,data/raw/ct_volumes/coronacases_006.nii.gz,data/raw/ground_truth_masks/coronacases_006.nii.gz,PASSED
P_coronacases_006_coronacases_006_z0065,P_coronacases_006,coronacases_006,65,512x512,0.7598,0.7598,1.5,118597,1,2904,data/raw/ct_volumes/coronacases_006.nii.gz,data/raw/ground_truth_masks/coronacases_006.nii.gz,PASSED
P_coronacases_006_coronacases_006_z0066,P_coronacases_006,coronacases_006,66,512x512,0.7598,0.7598,1.5,120665,1,2936,data/raw/ct_volumes/coronacases_006.nii.gz,data/raw/ground_truth_masks/coronacases_006.nii.gz,PASSED
P_coronacases_006_coronacases_006_z0067,P_coronacases_006,coronacases_006,67,512x512,0.7598,0.7598,1.5,120876,1,3350,data/raw/ct_volumes/coronacases_006.nii.gz,data/raw/ground_truth_masks/coronacases_006.nii.gz,PASSED
P_coronacases_006_coronacases_006_z0069,P_coronacases_006,coronacases_006,69,512x512,0.7598,0.7598,1.5,121816,1,3506,data/raw/ct_volumes/coronacases_006.nii.gz,data/raw/ground_truth_masks/coronacases_006.nii.gz,PASSED
P_coronacases_006_coronacases_006_z0070,P_coronacases_006,coronacases_006,70,512x512,0.7598,0.7598,1.5,124212,1,3920,data/raw/ct_volumes/coronacases_006.nii.gz,data/raw/ground_truth_masks/coronacases_006.nii.gz,PASSED
P_coronacases_006_coronacases_006_z0071,P_coronacases_006,coronacases_006,71,512x512,0.7598,0.7598,1.5,125539,1,4539,data/raw/ct_volumes/coronacases_006.nii.gz,data/raw/ground_truth_masks/coronacases_006.nii.gz,PASSED
P_coronacases_006_coronacases_006_z0072,P_coronacases_006,coronacases_006,72,512x512,0.7598,0.7598,1.5,125668,1,3968,data/raw/ct_volumes/coronacases_006.nii.gz,data/raw/ground_truth_masks/coronacases_006.nii.gz,PASSED
P_coronacases_006_coronacases_006_z0074,P_coronacases_006,coronacases_006,74,512x512,0.7598,0.7598,1.5,126176,1,3760,data/raw/ct_volumes/coronacases_006.nii.gz,data/raw/ground_truth_masks/coronacases_006.nii.gz,PASSED
P_coronacases_006_coronacases_006_z0075,P_coronacases_006,coronacases_006,75,512x512,0.7598,0.7598,1.5,125071,1,3743,data/raw/ct_volumes/coronacases_006.nii.gz,data/raw/ground_truth_masks/coronacases_006.nii.gz,PASSED
P_coronacases_006_coronacases_006_z0076,P_coronacases_006,coronacases_006,76,512x512,0.7598,0.7598,1.5,125362,1,3828,data/raw/ct_volumes/coronacases_006.nii.gz,data/raw/ground_truth_masks/coronacases_006.nii.gz,PASSED
P_coronacases_006_coronacases_006_z0077,P_coronacases_006,coronacases_006,77,512x512,0.7598,0.7598,1.5,125685,1,3970,data/raw/ct_volumes/coronacases_006.nii.gz,data/raw/ground_truth_masks/coronacases_006.nii.gz,PASSED
P_coronacases_006_coronacases_006_z0079,P_coronacases_006,coronacases_006,79,512x512,0.7598,0.7598,1.5,128297,1,4012,data/raw/ct_volumes/coronacases_006.nii.gz,data/raw/ground_truth_masks/coronacases_006.nii.gz,PASSED
P_coronacases_006_coronacases_006_z0080,P_coronacases_006,coronacases_006,80,512x512,0.7598,0.7598,1.5,130964,1,4117,data/raw/ct_volumes/coronacases_006.nii.gz,data/raw/ground_truth_masks/coronacases_006.nii.gz,PASSED
P_coronacases_006_coronacases_006_z0081,P_coronacases_006,coronacases_006,81,512x512,0.7598,0.7598,1.5,129876,1,3884,data/raw/ct_volumes/coronacases_006.nii.gz,data/raw/ground_truth_masks/coronacases_006.nii.gz,PASSED
P_coronacases_006_coronacases_006_z0083,P_coronacases_006,coronacases_006,83,512x512,0.7598,0.7598,1.5,129497,1,3672,data/raw/ct_volumes/coronacases_006.nii.gz,data/raw/ground_truth_masks/coronacases_006.nii.gz,PASSED
P_coronacases_006_coronacases_006_z0084,P_coronacases_006,coronacases_006,84,512x512,0.7598,0.7598,1.5,130500,1,3742,data/raw/ct_volumes/coronacases_006.nii.gz,data/raw/ground_truth_masks/coronacases_006.nii.gz,PASSED
P_coronacases_006_coronacases_006_z0085,P_coronacases_006,coronacases_006,85,512x512,0.7598,0.7598,1.5,131811,1,3645,data/raw/ct_volumes/coronacases_006.nii.gz,data/raw/ground_truth_masks/coronacases_006.nii.gz,PASSED
P_coronacases_006_coronacases_006_z0086,P_coronacases_006,coronacases_006,86,512x512,0.7598,0.7598,1.5,133648,1,3844,data/raw/ct_volumes/coronacases_006.nii.gz,data/raw/ground_truth_masks/coronacases_006.nii.gz,PASSED
P_coronacases_006_coronacases_006_z0088,P_coronacases_006,coronacases_006,88,512x512,0.7598,0.7598,1.5,134412,1,3614,data/raw/ct_volumes/coronacases_006.nii.gz,data/raw/ground_truth_masks/coronacases_006.nii.gz,PASSED
P_coronacases_006_coronacases_006_z0089,P_coronacases_006,coronacases_006,89,512x512,0.7598,0.7598,1.5,134075,1,3408,data/raw/ct_volumes/coronacases_006.nii.gz,data/raw/ground_truth_masks/coronacases_006.nii.gz,PASSED
P_coronacases_006_coronacases_006_z0090,P_coronacases_006,coronacases_006,90,512x512,0.7598,0.7598,1.5,132944,1,3374,data/raw/ct_volumes/coronacases_006.nii.gz,data/raw/ground_truth_masks/coronacases_006.nii.gz,PASSED
P_coronacases_006_coronacases_006_z0091,P_coronacases_006,coronacases_006,91,512x512,0.7598,0.7598,1.5,131202,1,3212,data/raw/ct_volumes/coronacases_006.nii.gz,data/raw/ground_truth_masks/coronacases_006.nii.gz,PASSED
P_coronacases_006_coronacases_006_z0093,P_coronacases_006,coronacases_006,93,512x512,0.7598,0.7598,1.5,130479,1,2879,data/raw/ct_volumes/coronacases_006.nii.gz,data/raw/ground_truth_masks/coronacases_006.nii.gz,PASSED
P_coronacases_006_coronacases_006_z0094,P_coronacases_006,coronacases_006,94,512x512,0.7598,0.7598,1.5,132837,1,2153,data/raw/ct_volumes/coronacases_006.nii.gz,data/raw/ground_truth_masks/coronacases_006.nii.gz,PASSED
P_coronacases_006_coronacases_006_z0095,P_coronacases_006,coronacases_006,95,512x512,0.7598,0.7598,1.5,129982,1,2048,data/raw/ct_volumes/coronacases_006.nii.gz,data/raw/ground_truth_masks/coronacases_006.nii.gz,PASSED
P_coronacases_006_coronacases_006_z0096,P_coronacases_006,coronacases_006,96,512x512,0.7598,0.7598,1.5,130194,1,1644,data/raw/ct_volumes/coronacases_006.nii.gz,data/raw/ground_truth_masks/coronacases_006.nii.gz,PASSED
P_coronacases_006_coronacases_006_z0098,P_coronacases_006,coronacases_006,98,512x512,0.7598,0.7598,1.5,130455,1,1770,data/raw/ct_volumes/coronacases_006.nii.gz,data/raw/ground_truth_masks/coronacases_006.nii.gz,PASSED
P_coronacases_006_coronacases_006_z0099,P_coronacases_006,coronacases_006,99,512x512,0.7598,0.7598,1.5,129856,1,1803,data/raw/ct_volumes/coronacases_006.nii.gz,data/raw/ground_truth_masks/coronacases_006.nii.gz,PASSED
P_coronacases_006_coronacases_006_z0100,P_coronacases_006,coronacases_006,100,512x512,0.7598,0.7598,1.5,127453,1,1706,data/raw/ct_volumes/coronacases_006.nii.gz,data/raw/ground_truth_masks/coronacases_006.nii.gz,PASSED
P_coronacases_006_coronacases_006_z0101,P_coronacases_006,coronacases_006,101,512x512,0.7598,0.7598,1.5,128064,1,1494,data/raw/ct_volumes/coronacases_006.nii.gz,data/raw/ground_truth_masks/coronacases_006.nii.gz,PASSED
P_coronacases_006_coronacases_006_z0103,P_coronacases_006,coronacases_006,103,512x512,0.7598,0.7598,1.5,127379,1,1363,data/raw/ct_volumes/coronacases_006.nii.gz,data/raw/ground_truth_masks/coronacases_006.nii.gz,PASSED
P_coronacases_006_coronacases_006_z0104,P_coronacases_006,coronacases_006,104,512x512,0.7598,0.7598,1.5,128077,1,1462,data/raw/ct_volumes/coronacases_006.nii.gz,data/raw/ground_truth_masks/coronacases_006.nii.gz,PASSED
P_coronacases_006_coronacases_006_z0105,P_coronacases_006,coronacases_006,105,512x512,0.7598,0.7598,1.5,128216,1,1415,data/raw/ct_volumes/coronacases_006.nii.gz,data/raw/ground_truth_masks/coronacases_006.nii.gz,PASSED
P_coronacases_006_coronacases_006_z0107,P_coronacases_006,coronacases_006,107,512x512,0.7598,0.7598,1.5,124774,1,1514,data/raw/ct_volumes/coronacases_006.nii.gz,data/raw/ground_truth_masks/coronacases_006.nii.gz,PASSED
P_coronacases_006_coronacases_006_z0108,P_coronacases_006,coronacases_006,108,512x512,0.7598,0.7598,1.5,126075,1,1430,data/raw/ct_volumes/coronacases_006.nii.gz,data/raw/ground_truth_masks/coronacases_006.nii.gz,PASSED
P_coronacases_006_coronacases_006_z0109,P_coronacases_006,coronacases_006,109,512x512,0.7598,0.7598,1.5,126502,1,1166,data/raw/ct_volumes/coronacases_006.nii.gz,data/raw/ground_truth_masks/coronacases_006.nii.gz,PASSED
P_coronacases_006_coronacases_006_z0110,P_coronacases_006,coronacases_006,110,512x512,0.7598,0.7598,1.5,123366,1,986,data/raw/ct_volumes/coronacases_006.nii.gz,data/raw/ground_truth_masks/coronacases_006.nii.gz,PASSED
P_coronacases_006_coronacases_006_z0112,P_coronacases_006,coronacases_006,112,512x512,0.7598,0.7598,1.5,125108,1,593,data/raw/ct_volumes/coronacases_006.nii.gz,data/raw/ground_truth_masks/coronacases_006.nii.gz,PASSED
P_coronacases_006_coronacases_006_z0113,P_coronacases_006,coronacases_006,113,512x512,0.7598,0.7598,1.5,124685,1,344,data/raw/ct_volumes/coronacases_006.nii.gz,data/raw/ground_truth_masks/coronacases_006.nii.gz,PASSED
P_coronacases_006_coronacases_006_z0114,P_coronacases_006,coronacases_006,114,512x512,0.7598,0.7598,1.5,124921,1,256,data/raw/ct_volumes/coronacases_006.nii.gz,data/raw/ground_truth_masks/coronacases_006.nii.gz,PASSED
P_coronacases_006_coronacases_006_z0117,P_coronacases_006,coronacases_006,117,512x512,0.7598,0.7598,1.5,124988,0,0,data/raw/ct_volumes/coronacases_006.nii.gz,data/raw/ground_truth_masks/coronacases_006.nii.gz,PASSED
P_coronacases_006_coronacases_006_z0122,P_coronacases_006,coronacases_006,122,512x512,0.7598,0.7598,1.5,125584,0,0,data/raw/ct_volumes/coronacases_006.nii.gz,data/raw/ground_truth_masks/coronacases_006.nii.gz,PASSED
P_coronacases_006_coronacases_006_z0127,P_coronacases_006,coronacases_006,127,512x512,0.7598,0.7598,1.5,125269,0,0,data/raw/ct_volumes/coronacases_006.nii.gz,data/raw/ground_truth_masks/coronacases_006.nii.gz,PASSED
P_coronacases_006_coronacases_006_z0132,P_coronacases_006,coronacases_006,132,512x512,0.7598,0.7598,1.5,121839,0,0,data/raw/ct_volumes/coronacases_006.nii.gz,data/raw/ground_truth_masks/coronacases_006.nii.gz,PASSED
P_coronacases_006_coronacases_006_z0137,P_coronacases_006,coronacases_006,137,512x512,0.7598,0.7598,1.5,123735,0,0,data/raw/ct_volumes/coronacases_006.nii.gz,data/raw/ground_truth_masks/coronacases_006.nii.gz,PASSED
P_coronacases_006_coronacases_006_z0142,P_coronacases_006,coronacases_006,142,512x512,0.7598,0.7598,1.5,120782,0,0,data/raw/ct_volumes/coronacases_006.nii.gz,data/raw/ground_truth_masks/coronacases_006.nii.gz,PASSED
P_coronacases_006_coronacases_006_z0147,P_coronacases_006,coronacases_006,147,512x512,0.7598,0.7598,1.5,118186,0,0,data/raw/ct_volumes/coronacases_006.nii.gz,data/raw/ground_truth_masks/coronacases_006.nii.gz,PASSED
P_coronacases_006_coronacases_006_z0152,P_coronacases_006,coronacases_006,152,512x512,0.7598,0.7598,1.5,120316,0,0,data/raw/ct_volumes/coronacases_006.nii.gz,data/raw/ground_truth_masks/coronacases_006.nii.gz,PASSED
P_coronacases_006_coronacases_006_z0157,P_coronacases_006,coronacases_006,157,512x512,0.7598,0.7598,1.5,114759,0,0,data/raw/ct_volumes/coronacases_006.nii.gz,data/raw/ground_truth_masks/coronacases_006.nii.gz,PASSED
P_coronacases_006_coronacases_006_z0162,P_coronacases_006,coronacases_006,162,512x512,0.7598,0.7598,1.5,109086,0,0,data/raw/ct_volumes/coronacases_006.nii.gz,data/raw/ground_truth_masks/coronacases_006.nii.gz,PASSED
P_coronacases_006_coronacases_006_z0167,P_coronacases_006,coronacases_006,167,512x512,0.7598,0.7598,1.5,108200,0,0,data/raw/ct_volumes/coronacases_006.nii.gz,data/raw/ground_truth_masks/coronacases_006.nii.gz,PASSED
P_coronacases_006_coronacases_006_z0172,P_coronacases_006,coronacases_006,172,512x512,0.7598,0.7598,1.5,105533,0,0,data/raw/ct_volumes/coronacases_006.nii.gz,data/raw/ground_truth_masks/coronacases_006.nii.gz,PASSED
P_coronacases_006_coronacases_006_z0177,P_coronacases_006,coronacases_006,177,512x512,0.7598,0.7598,1.5,95375,0,0,data/raw/ct_volumes/coronacases_006.nii.gz,data/raw/ground_truth_masks/coronacases_006.nii.gz,PASSED
P_coronacases_006_coronacases_006_z0182,P_coronacases_006,coronacases_006,182,512x512,0.7598,0.7598,1.5,91291,0,0,data/raw/ct_volumes/coronacases_006.nii.gz,data/raw/ground_truth_masks/coronacases_006.nii.gz,PASSED
P_coronacases_006_coronacases_006_z0187,P_coronacases_006,coronacases_006,187,512x512,0.7598,0.7598,1.5,86564,0,0,data/raw/ct_volumes/coronacases_006.nii.gz,data/raw/ground_truth_masks/coronacases_006.nii.gz,PASSED
P_coronacases_006_coronacases_006_z0192,P_coronacases_006,coronacases_006,192,512x512,0.7598,0.7598,1.5,84507,0,0,data/raw/ct_volumes/coronacases_006.nii.gz,data/raw/ground_truth_masks/coronacases_006.nii.gz,PASSED
P_coronacases_006_coronacases_006_z0198,P_coronacases_006,coronacases_006,198,512x512,0.7598,0.7598,1.5,91228,0,0,data/raw/ct_volumes/coronacases_006.nii.gz,data/raw/ground_truth_masks/coronacases_006.nii.gz,PASSED
P_coronacases_006_coronacases_006_z0203,P_coronacases_006,coronacases_006,203,512x512,0.7598,0.7598,1.5,93436,0,0,data/raw/ct_volumes/coronacases_006.nii.gz,data/raw/ground_truth_masks/coronacases_006.nii.gz,PASSED
P_coronacases_006_coronacases_006_z0208,P_coronacases_006,coronacases_006,208,512x512,0.7598,0.7598,1.5,100398,0,0,data/raw/ct_volumes/coronacases_006.nii.gz,data/raw/ground_truth_masks/coronacases_006.nii.gz,PASSED
P_coronacases_007_coronacases_007_z0000,P_coronacases_007,coronacases_007,0,512x512,0.7129,0.7129,1.0,97381,0,0,data/raw/ct_volumes/coronacases_007.nii.gz,data/raw/ground_truth_masks/coronacases_007.nii.gz,PASSED
P_coronacases_007_coronacases_007_z0005,P_coronacases_007,coronacases_007,5,512x512,0.7129,0.7129,1.0,96834,0,0,data/raw/ct_volumes/coronacases_007.nii.gz,data/raw/ground_truth_masks/coronacases_007.nii.gz,PASSED
P_coronacases_007_coronacases_007_z0010,P_coronacases_007,coronacases_007,10,512x512,0.7129,0.7129,1.0,97014,0,0,data/raw/ct_volumes/coronacases_007.nii.gz,data/raw/ground_truth_masks/coronacases_007.nii.gz,PASSED
P_coronacases_007_coronacases_007_z0015,P_coronacases_007,coronacases_007,15,512x512,0.7129,0.7129,1.0,97448,0,0,data/raw/ct_volumes/coronacases_007.nii.gz,data/raw/ground_truth_masks/coronacases_007.nii.gz,PASSED
P_coronacases_007_coronacases_007_z0020,P_coronacases_007,coronacases_007,20,512x512,0.7129,0.7129,1.0,97145,0,0,data/raw/ct_volumes/coronacases_007.nii.gz,data/raw/ground_truth_masks/coronacases_007.nii.gz,PASSED
P_coronacases_007_coronacases_007_z0025,P_coronacases_007,coronacases_007,25,512x512,0.7129,0.7129,1.0,97969,0,0,data/raw/ct_volumes/coronacases_007.nii.gz,data/raw/ground_truth_masks/coronacases_007.nii.gz,PASSED
P_coronacases_007_coronacases_007_z0030,P_coronacases_007,coronacases_007,30,512x512,0.7129,0.7129,1.0,99028,0,0,data/raw/ct_volumes/coronacases_007.nii.gz,data/raw/ground_truth_masks/coronacases_007.nii.gz,PASSED
P_coronacases_007_coronacases_007_z0035,P_coronacases_007,coronacases_007,35,512x512,0.7129,0.7129,1.0,101105,0,0,data/raw/ct_volumes/coronacases_007.nii.gz,data/raw/ground_truth_masks/coronacases_007.nii.gz,PASSED
P_coronacases_007_coronacases_007_z0040,P_coronacases_007,coronacases_007,40,512x512,0.7129,0.7129,1.0,104694,0,0,data/raw/ct_volumes/coronacases_007.nii.gz,data/raw/ground_truth_masks/coronacases_007.nii.gz,PASSED
P_coronacases_007_coronacases_007_z0045,P_coronacases_007,coronacases_007,45,512x512,0.7129,0.7129,1.0,108450,0,0,data/raw/ct_volumes/coronacases_007.nii.gz,data/raw/ground_truth_masks/coronacases_007.nii.gz,PASSED
P_coronacases_007_coronacases_007_z0050,P_coronacases_007,coronacases_007,50,512x512,0.7129,0.7129,1.0,113459,0,0,data/raw/ct_volumes/coronacases_007.nii.gz,data/raw/ground_truth_masks/coronacases_007.nii.gz,PASSED
P_coronacases_007_coronacases_007_z0055,P_coronacases_007,coronacases_007,55,512x512,0.7129,0.7129,1.0,117123,0,0,data/raw/ct_volumes/coronacases_007.nii.gz,data/raw/ground_truth_masks/coronacases_007.nii.gz,PASSED
P_coronacases_007_coronacases_007_z0058,P_coronacases_007,coronacases_007,58,512x512,0.7129,0.7129,1.0,118235,1,74,data/raw/ct_volumes/coronacases_007.nii.gz,data/raw/ground_truth_masks/coronacases_007.nii.gz,PASSED
P_coronacases_007_coronacases_007_z0060,P_coronacases_007,coronacases_007,60,512x512,0.7129,0.7129,1.0,119660,1,62,data/raw/ct_volumes/coronacases_007.nii.gz,data/raw/ground_truth_masks/coronacases_007.nii.gz,PASSED
P_coronacases_007_coronacases_007_z0061,P_coronacases_007,coronacases_007,61,512x512,0.7129,0.7129,1.0,120608,1,70,data/raw/ct_volumes/coronacases_007.nii.gz,data/raw/ground_truth_masks/coronacases_007.nii.gz,PASSED
P_coronacases_007_coronacases_007_z0062,P_coronacases_007,coronacases_007,62,512x512,0.7129,0.7129,1.0,121240,1,71,data/raw/ct_volumes/coronacases_007.nii.gz,data/raw/ground_truth_masks/coronacases_007.nii.gz,PASSED
P_coronacases_007_coronacases_007_z0063,P_coronacases_007,coronacases_007,63,512x512,0.7129,0.7129,1.0,121971,1,51,data/raw/ct_volumes/coronacases_007.nii.gz,data/raw/ground_truth_masks/coronacases_007.nii.gz,PASSED
P_coronacases_007_coronacases_007_z0066,P_coronacases_007,coronacases_007,66,512x512,0.7129,0.7129,1.0,123895,0,0,data/raw/ct_volumes/coronacases_007.nii.gz,data/raw/ground_truth_masks/coronacases_007.nii.gz,PASSED
P_coronacases_007_coronacases_007_z0072,P_coronacases_007,coronacases_007,72,512x512,0.7129,0.7129,1.0,126034,0,0,data/raw/ct_volumes/coronacases_007.nii.gz,data/raw/ground_truth_masks/coronacases_007.nii.gz,PASSED
P_coronacases_007_coronacases_007_z0075,P_coronacases_007,coronacases_007,75,512x512,0.7129,0.7129,1.0,126494,1,67,data/raw/ct_volumes/coronacases_007.nii.gz,data/raw/ground_truth_masks/coronacases_007.nii.gz,PASSED
P_coronacases_007_coronacases_007_z0076,P_coronacases_007,coronacases_007,76,512x512,0.7129,0.7129,1.0,126169,1,231,data/raw/ct_volumes/coronacases_007.nii.gz,data/raw/ground_truth_masks/coronacases_007.nii.gz,PASSED
P_coronacases_007_coronacases_007_z0077,P_coronacases_007,coronacases_007,77,512x512,0.7129,0.7129,1.0,126310,1,232,data/raw/ct_volumes/coronacases_007.nii.gz,data/raw/ground_truth_masks/coronacases_007.nii.gz,PASSED
P_coronacases_007_coronacases_007_z0079,P_coronacases_007,coronacases_007,79,512x512,0.7129,0.7129,1.0,126814,1,252,data/raw/ct_volumes/coronacases_007.nii.gz,data/raw/ground_truth_masks/coronacases_007.nii.gz,PASSED
P_coronacases_007_coronacases_007_z0080,P_coronacases_007,coronacases_007,80,512x512,0.7129,0.7129,1.0,127142,1,246,data/raw/ct_volumes/coronacases_007.nii.gz,data/raw/ground_truth_masks/coronacases_007.nii.gz,PASSED
P_coronacases_007_coronacases_007_z0081,P_coronacases_007,coronacases_007,81,512x512,0.7129,0.7129,1.0,127262,1,318,data/raw/ct_volumes/coronacases_007.nii.gz,data/raw/ground_truth_masks/coronacases_007.nii.gz,PASSED
P_coronacases_007_coronacases_007_z0082,P_coronacases_007,coronacases_007,82,512x512,0.7129,0.7129,1.0,127841,1,386,data/raw/ct_volumes/coronacases_007.nii.gz,data/raw/ground_truth_masks/coronacases_007.nii.gz,PASSED
P_coronacases_007_coronacases_007_z0084,P_coronacases_007,coronacases_007,84,512x512,0.7129,0.7129,1.0,128112,1,348,data/raw/ct_volumes/coronacases_007.nii.gz,data/raw/ground_truth_masks/coronacases_007.nii.gz,PASSED
P_coronacases_007_coronacases_007_z0085,P_coronacases_007,coronacases_007,85,512x512,0.7129,0.7129,1.0,128362,1,398,data/raw/ct_volumes/coronacases_007.nii.gz,data/raw/ground_truth_masks/coronacases_007.nii.gz,PASSED
P_coronacases_007_coronacases_007_z0086,P_coronacases_007,coronacases_007,86,512x512,0.7129,0.7129,1.0,128881,1,849,data/raw/ct_volumes/coronacases_007.nii.gz,data/raw/ground_truth_masks/coronacases_007.nii.gz,PASSED
P_coronacases_007_coronacases_007_z0087,P_coronacases_007,coronacases_007,87,512x512,0.7129,0.7129,1.0,129292,1,1261,data/raw/ct_volumes/coronacases_007.nii.gz,data/raw/ground_truth_masks/coronacases_007.nii.gz,PASSED
P_coronacases_007_coronacases_007_z0089,P_coronacases_007,coronacases_007,89,512x512,0.7129,0.7129,1.0,129701,1,1889,data/raw/ct_volumes/coronacases_007.nii.gz,data/raw/ground_truth_masks/coronacases_007.nii.gz,PASSED
P_coronacases_007_coronacases_007_z0090,P_coronacases_007,coronacases_007,90,512x512,0.7129,0.7129,1.0,129610,1,1606,data/raw/ct_volumes/coronacases_007.nii.gz,data/raw/ground_truth_masks/coronacases_007.nii.gz,PASSED
P_coronacases_007_coronacases_007_z0091,P_coronacases_007,coronacases_007,91,512x512,0.7129,0.7129,1.0,128941,1,1693,data/raw/ct_volumes/coronacases_007.nii.gz,data/raw/ground_truth_masks/coronacases_007.nii.gz,PASSED
P_coronacases_007_coronacases_007_z0092,P_coronacases_007,coronacases_007,92,512x512,0.7129,0.7129,1.0,128558,1,2421,data/raw/ct_volumes/coronacases_007.nii.gz,data/raw/ground_truth_masks/coronacases_007.nii.gz,PASSED
P_coronacases_007_coronacases_007_z0094,P_coronacases_007,coronacases_007,94,512x512,0.7129,0.7129,1.0,128609,1,2446,data/raw/ct_volumes/coronacases_007.nii.gz,data/raw/ground_truth_masks/coronacases_007.nii.gz,PASSED
P_coronacases_007_coronacases_007_z0095,P_coronacases_007,coronacases_007,95,512x512,0.7129,0.7129,1.0,127905,1,2527,data/raw/ct_volumes/coronacases_007.nii.gz,data/raw/ground_truth_masks/coronacases_007.nii.gz,PASSED
P_coronacases_007_coronacases_007_z0096,P_coronacases_007,coronacases_007,96,512x512,0.7129,0.7129,1.0,127742,1,2408,data/raw/ct_volumes/coronacases_007.nii.gz,data/raw/ground_truth_masks/coronacases_007.nii.gz,PASSED
P_coronacases_007_coronacases_007_z0097,P_coronacases_007,coronacases_007,97,512x512,0.7129,0.7129,1.0,127492,1,2854,data/raw/ct_volumes/coronacases_007.nii.gz,data/raw/ground_truth_masks/coronacases_007.nii.gz,PASSED
P_coronacases_007_coronacases_007_z0099,P_coronacases_007,coronacases_007,99,512x512,0.7129,0.7129,1.0,127446,1,2680,data/raw/ct_volumes/coronacases_007.nii.gz,data/raw/ground_truth_masks/coronacases_007.nii.gz,PASSED
P_coronacases_007_coronacases_007_z0100,P_coronacases_007,coronacases_007,100,512x512,0.7129,0.7129,1.0,127210,1,2151,data/raw/ct_volumes/coronacases_007.nii.gz,data/raw/ground_truth_masks/coronacases_007.nii.gz,PASSED
P_coronacases_007_coronacases_007_z0101,P_coronacases_007,coronacases_007,101,512x512,0.7129,0.7129,1.0,127182,1,2152,data/raw/ct_volumes/coronacases_007.nii.gz,data/raw/ground_truth_masks/coronacases_007.nii.gz,PASSED
P_coronacases_007_coronacases_007_z0103,P_coronacases_007,coronacases_007,103,512x512,0.7129,0.7129,1.0,127026,1,2436,data/raw/ct_volumes/coronacases_007.nii.gz,data/raw/ground_truth_masks/coronacases_007.nii.gz,PASSED
P_coronacases_007_coronacases_007_z0104,P_coronacases_007,coronacases_007,104,512x512,0.7129,0.7129,1.0,126796,1,2514,data/raw/ct_volumes/coronacases_007.nii.gz,data/raw/ground_truth_masks/coronacases_007.nii.gz,PASSED
P_coronacases_007_coronacases_007_z0105,P_coronacases_007,coronacases_007,105,512x512,0.7129,0.7129,1.0,126697,1,2535,data/raw/ct_volumes/coronacases_007.nii.gz,data/raw/ground_truth_masks/coronacases_007.nii.gz,PASSED
P_coronacases_007_coronacases_007_z0106,P_coronacases_007,coronacases_007,106,512x512,0.7129,0.7129,1.0,126396,1,2400,data/raw/ct_volumes/coronacases_007.nii.gz,data/raw/ground_truth_masks/coronacases_007.nii.gz,PASSED
P_coronacases_007_coronacases_007_z0108,P_coronacases_007,coronacases_007,108,512x512,0.7129,0.7129,1.0,126207,1,2505,data/raw/ct_volumes/coronacases_007.nii.gz,data/raw/ground_truth_masks/coronacases_007.nii.gz,PASSED
P_coronacases_007_coronacases_007_z0109,P_coronacases_007,coronacases_007,109,512x512,0.7129,0.7129,1.0,126496,1,2442,data/raw/ct_volumes/coronacases_007.nii.gz,data/raw/ground_truth_masks/coronacases_007.nii.gz,PASSED
P_coronacases_007_coronacases_007_z0110,P_coronacases_007,coronacases_007,110,512x512,0.7129,0.7129,1.0,125856,1,2321,data/raw/ct_volumes/coronacases_007.nii.gz,data/raw/ground_truth_masks/coronacases_007.nii.gz,PASSED
P_coronacases_007_coronacases_007_z0111,P_coronacases_007,coronacases_007,111,512x512,0.7129,0.7129,1.0,126264,1,2153,data/raw/ct_volumes/coronacases_007.nii.gz,data/raw/ground_truth_masks/coronacases_007.nii.gz,PASSED
P_coronacases_007_coronacases_007_z0113,P_coronacases_007,coronacases_007,113,512x512,0.7129,0.7129,1.0,126628,1,2020,data/raw/ct_volumes/coronacases_007.nii.gz,data/raw/ground_truth_masks/coronacases_007.nii.gz,PASSED
P_coronacases_007_coronacases_007_z0114,P_coronacases_007,coronacases_007,114,512x512,0.7129,0.7129,1.0,126746,1,2456,data/raw/ct_volumes/coronacases_007.nii.gz,data/raw/ground_truth_masks/coronacases_007.nii.gz,PASSED
P_coronacases_007_coronacases_007_z0115,P_coronacases_007,coronacases_007,115,512x512,0.7129,0.7129,1.0,126448,1,2786,data/raw/ct_volumes/coronacases_007.nii.gz,data/raw/ground_truth_masks/coronacases_007.nii.gz,PASSED
P_coronacases_007_coronacases_007_z0116,P_coronacases_007,coronacases_007,116,512x512,0.7129,0.7129,1.0,126433,1,2789,data/raw/ct_volumes/coronacases_007.nii.gz,data/raw/ground_truth_masks/coronacases_007.nii.gz,PASSED
P_coronacases_007_coronacases_007_z0118,P_coronacases_007,coronacases_007,118,512x512,0.7129,0.7129,1.0,126964,1,2978,data/raw/ct_volumes/coronacases_007.nii.gz,data/raw/ground_truth_masks/coronacases_007.nii.gz,PASSED
P_coronacases_007_coronacases_007_z0119,P_coronacases_007,coronacases_007,119,512x512,0.7129,0.7129,1.0,127189,1,2892,data/raw/ct_volumes/coronacases_007.nii.gz,data/raw/ground_truth_masks/coronacases_007.nii.gz,PASSED
P_coronacases_007_coronacases_007_z0120,P_coronacases_007,coronacases_007,120,512x512,0.7129,0.7129,1.0,127144,1,2895,data/raw/ct_volumes/coronacases_007.nii.gz,data/raw/ground_truth_masks/coronacases_007.nii.gz,PASSED
P_coronacases_007_coronacases_007_z0121,P_coronacases_007,coronacases_007,121,512x512,0.7129,0.7129,1.0,127026,1,2919,data/raw/ct_volumes/coronacases_007.nii.gz,data/raw/ground_truth_masks/coronacases_007.nii.gz,PASSED
P_coronacases_007_coronacases_007_z0123,P_coronacases_007,coronacases_007,123,512x512,0.7129,0.7129,1.0,127080,1,2593,data/raw/ct_volumes/coronacases_007.nii.gz,data/raw/ground_truth_masks/coronacases_007.nii.gz,PASSED
P_coronacases_007_coronacases_007_z0124,P_coronacases_007,coronacases_007,124,512x512,0.7129,0.7129,1.0,126789,1,2878,data/raw/ct_volumes/coronacases_007.nii.gz,data/raw/ground_truth_masks/coronacases_007.nii.gz,PASSED
P_coronacases_007_coronacases_007_z0125,P_coronacases_007,coronacases_007,125,512x512,0.7129,0.7129,1.0,127030,1,2842,data/raw/ct_volumes/coronacases_007.nii.gz,data/raw/ground_truth_masks/coronacases_007.nii.gz,PASSED
P_coronacases_007_coronacases_007_z0127,P_coronacases_007,coronacases_007,127,512x512,0.7129,0.7129,1.0,126866,1,3081,data/raw/ct_volumes/coronacases_007.nii.gz,data/raw/ground_truth_masks/coronacases_007.nii.gz,PASSED
P_coronacases_007_coronacases_007_z0128,P_coronacases_007,coronacases_007,128,512x512,0.7129,0.7129,1.0,126924,1,3438,data/raw/ct_volumes/coronacases_007.nii.gz,data/raw/ground_truth_masks/coronacases_007.nii.gz,PASSED
P_coronacases_007_coronacases_007_z0129,P_coronacases_007,coronacases_007,129,512x512,0.7129,0.7129,1.0,126614,1,3283,data/raw/ct_volumes/coronacases_007.nii.gz,data/raw/ground_truth_masks/coronacases_007.nii.gz,PASSED
P_coronacases_007_coronacases_007_z0130,P_coronacases_007,coronacases_007,130,512x512,0.7129,0.7129,1.0,126578,1,3339,data/raw/ct_volumes/coronacases_007.nii.gz,data/raw/ground_truth_masks/coronacases_007.nii.gz,PASSED
P_coronacases_007_coronacases_007_z0132,P_coronacases_007,coronacases_007,132,512x512,0.7129,0.7129,1.0,126143,1,2996,data/raw/ct_volumes/coronacases_007.nii.gz,data/raw/ground_truth_masks/coronacases_007.nii.gz,PASSED
P_coronacases_007_coronacases_007_z0133,P_coronacases_007,coronacases_007,133,512x512,0.7129,0.7129,1.0,126264,1,2970,data/raw/ct_volumes/coronacases_007.nii.gz,data/raw/ground_truth_masks/coronacases_007.nii.gz,PASSED
P_coronacases_007_coronacases_007_z0134,P_coronacases_007,coronacases_007,134,512x512,0.7129,0.7129,1.0,126361,1,2955,data/raw/ct_volumes/coronacases_007.nii.gz,data/raw/ground_truth_masks/coronacases_007.nii.gz,PASSED
P_coronacases_007_coronacases_007_z0135,P_coronacases_007,coronacases_007,135,512x512,0.7129,0.7129,1.0,126561,1,2842,data/raw/ct_volumes/coronacases_007.nii.gz,data/raw/ground_truth_masks/coronacases_007.nii.gz,PASSED
P_coronacases_007_coronacases_007_z0137,P_coronacases_007,coronacases_007,137,512x512,0.7129,0.7129,1.0,126317,1,3149,data/raw/ct_volumes/coronacases_007.nii.gz,data/raw/ground_truth_masks/coronacases_007.nii.gz,PASSED
P_coronacases_007_coronacases_007_z0138,P_coronacases_007,coronacases_007,138,512x512,0.7129,0.7129,1.0,126357,1,3239,data/raw/ct_volumes/coronacases_007.nii.gz,data/raw/ground_truth_masks/coronacases_007.nii.gz,PASSED
P_coronacases_007_coronacases_007_z0139,P_coronacases_007,coronacases_007,139,512x512,0.7129,0.7129,1.0,125645,1,2864,data/raw/ct_volumes/coronacases_007.nii.gz,data/raw/ground_truth_masks/coronacases_007.nii.gz,PASSED
P_coronacases_007_coronacases_007_z0140,P_coronacases_007,coronacases_007,140,512x512,0.7129,0.7129,1.0,125571,1,3003,data/raw/ct_volumes/coronacases_007.nii.gz,data/raw/ground_truth_masks/coronacases_007.nii.gz,PASSED
P_coronacases_007_coronacases_007_z0142,P_coronacases_007,coronacases_007,142,512x512,0.7129,0.7129,1.0,125376,1,2850,data/raw/ct_volumes/coronacases_007.nii.gz,data/raw/ground_truth_masks/coronacases_007.nii.gz,PASSED
P_coronacases_007_coronacases_007_z0143,P_coronacases_007,coronacases_007,143,512x512,0.7129,0.7129,1.0,125508,1,2842,data/raw/ct_volumes/coronacases_007.nii.gz,data/raw/ground_truth_masks/coronacases_007.nii.gz,PASSED
P_coronacases_007_coronacases_007_z0144,P_coronacases_007,coronacases_007,144,512x512,0.7129,0.7129,1.0,125879,1,2593,data/raw/ct_volumes/coronacases_007.nii.gz,data/raw/ground_truth_masks/coronacases_007.nii.gz,PASSED
P_coronacases_007_coronacases_007_z0146,P_coronacases_007,coronacases_007,146,512x512,0.7129,0.7129,1.0,125325,1,2027,data/raw/ct_volumes/coronacases_007.nii.gz,data/raw/ground_truth_masks/coronacases_007.nii.gz,PASSED
P_coronacases_007_coronacases_007_z0147,P_coronacases_007,coronacases_007,147,512x512,0.7129,0.7129,1.0,125036,1,1815,data/raw/ct_volumes/coronacases_007.nii.gz,data/raw/ground_truth_masks/coronacases_007.nii.gz,PASSED
P_coronacases_007_coronacases_007_z0148,P_coronacases_007,coronacases_007,148,512x512,0.7129,0.7129,1.0,124819,1,1786,data/raw/ct_volumes/coronacases_007.nii.gz,data/raw/ground_truth_masks/coronacases_007.nii.gz,PASSED
P_coronacases_007_coronacases_007_z0149,P_coronacases_007,coronacases_007,149,512x512,0.7129,0.7129,1.0,124576,1,1681,data/raw/ct_volumes/coronacases_007.nii.gz,data/raw/ground_truth_masks/coronacases_007.nii.gz,PASSED
P_coronacases_007_coronacases_007_z0151,P_coronacases_007,coronacases_007,151,512x512,0.7129,0.7129,1.0,124182,1,1944,data/raw/ct_volumes/coronacases_007.nii.gz,data/raw/ground_truth_masks/coronacases_007.nii.gz,PASSED
P_coronacases_007_coronacases_007_z0152,P_coronacases_007,coronacases_007,152,512x512,0.7129,0.7129,1.0,124119,1,2401,data/raw/ct_volumes/coronacases_007.nii.gz,data/raw/ground_truth_masks/coronacases_007.nii.gz,PASSED
P_coronacases_007_coronacases_007_z0153,P_coronacases_007,coronacases_007,153,512x512,0.7129,0.7129,1.0,123433,1,1989,data/raw/ct_volumes/coronacases_007.nii.gz,data/raw/ground_truth_masks/coronacases_007.nii.gz,PASSED
P_coronacases_007_coronacases_007_z0154,P_coronacases_007,coronacases_007,154,512x512,0.7129,0.7129,1.0,123148,1,1982,data/raw/ct_volumes/coronacases_007.nii.gz,data/raw/ground_truth_masks/coronacases_007.nii.gz,PASSED
P_coronacases_007_coronacases_007_z0156,P_coronacases_007,coronacases_007,156,512x512,0.7129,0.7129,1.0,122533,1,1344,data/raw/ct_volumes/coronacases_007.nii.gz,data/raw/ground_truth_masks/coronacases_007.nii.gz,PASSED
P_coronacases_007_coronacases_007_z0157,P_coronacases_007,coronacases_007,157,512x512,0.7129,0.7129,1.0,122638,1,816,data/raw/ct_volumes/coronacases_007.nii.gz,data/raw/ground_truth_masks/coronacases_007.nii.gz,PASSED
P_coronacases_007_coronacases_007_z0158,P_coronacases_007,coronacases_007,158,512x512,0.7129,0.7129,1.0,122274,1,914,data/raw/ct_volumes/coronacases_007.nii.gz,data/raw/ground_truth_masks/coronacases_007.nii.gz,PASSED
P_coronacases_007_coronacases_007_z0159,P_coronacases_007,coronacases_007,159,512x512,0.7129,0.7129,1.0,122019,1,304,data/raw/ct_volumes/coronacases_007.nii.gz,data/raw/ground_truth_masks/coronacases_007.nii.gz,PASSED
P_coronacases_007_coronacases_007_z0164,P_coronacases_007,coronacases_007,164,512x512,0.7129,0.7129,1.0,119388,0,0,data/raw/ct_volumes/coronacases_007.nii.gz,data/raw/ground_truth_masks/coronacases_007.nii.gz,PASSED
P_coronacases_007_coronacases_007_z0169,P_coronacases_007,coronacases_007,169,512x512,0.7129,0.7129,1.0,118222,0,0,data/raw/ct_volumes/coronacases_007.nii.gz,data/raw/ground_truth_masks/coronacases_007.nii.gz,PASSED
P_coronacases_007_coronacases_007_z0174,P_coronacases_007,coronacases_007,174,512x512,0.7129,0.7129,1.0,115501,0,0,data/raw/ct_volumes/coronacases_007.nii.gz,data/raw/ground_truth_masks/coronacases_007.nii.gz,PASSED
P_coronacases_007_coronacases_007_z0179,P_coronacases_007,coronacases_007,179,512x512,0.7129,0.7129,1.0,111841,0,0,data/raw/ct_volumes/coronacases_007.nii.gz,data/raw/ground_truth_masks/coronacases_007.nii.gz,PASSED
P_coronacases_007_coronacases_007_z0184,P_coronacases_007,coronacases_007,184,512x512,0.7129,0.7129,1.0,109587,0,0,data/raw/ct_volumes/coronacases_007.nii.gz,data/raw/ground_truth_masks/coronacases_007.nii.gz,PASSED
P_coronacases_007_coronacases_007_z0189,P_coronacases_007,coronacases_007,189,512x512,0.7129,0.7129,1.0,109399,0,0,data/raw/ct_volumes/coronacases_007.nii.gz,data/raw/ground_truth_masks/coronacases_007.nii.gz,PASSED
P_coronacases_007_coronacases_007_z0194,P_coronacases_007,coronacases_007,194,512x512,0.7129,0.7129,1.0,105814,0,0,data/raw/ct_volumes/coronacases_007.nii.gz,data/raw/ground_truth_masks/coronacases_007.nii.gz,PASSED
P_coronacases_007_coronacases_007_z0199,P_coronacases_007,coronacases_007,199,512x512,0.7129,0.7129,1.0,99914,0,0,data/raw/ct_volumes/coronacases_007.nii.gz,data/raw/ground_truth_masks/coronacases_007.nii.gz,PASSED
P_coronacases_007_coronacases_007_z0204,P_coronacases_007,coronacases_007,204,512x512,0.7129,0.7129,1.0,94451,0,0,data/raw/ct_volumes/coronacases_007.nii.gz,data/raw/ground_truth_masks/coronacases_007.nii.gz,PASSED
P_coronacases_007_coronacases_007_z0209,P_coronacases_007,coronacases_007,209,512x512,0.7129,0.7129,1.0,92043,0,0,data/raw/ct_volumes/coronacases_007.nii.gz,data/raw/ground_truth_masks/coronacases_007.nii.gz,PASSED
P_coronacases_007_coronacases_007_z0214,P_coronacases_007,coronacases_007,214,512x512,0.7129,0.7129,1.0,90160,0,0,data/raw/ct_volumes/coronacases_007.nii.gz,data/raw/ground_truth_masks/coronacases_007.nii.gz,PASSED
P_coronacases_007_coronacases_007_z0219,P_coronacases_007,coronacases_007,219,512x512,0.7129,0.7129,1.0,89776,0,0,data/raw/ct_volumes/coronacases_007.nii.gz,data/raw/ground_truth_masks/coronacases_007.nii.gz,PASSED
P_coronacases_007_coronacases_007_z0224,P_coronacases_007,coronacases_007,224,512x512,0.7129,0.7129,1.0,90861,0,0,data/raw/ct_volumes/coronacases_007.nii.gz,data/raw/ground_truth_masks/coronacases_007.nii.gz,PASSED
P_coronacases_007_coronacases_007_z0229,P_coronacases_007,coronacases_007,229,512x512,0.7129,0.7129,1.0,93723,0,0,data/raw/ct_volumes/coronacases_007.nii.gz,data/raw/ground_truth_masks/coronacases_007.nii.gz,PASSED
P_coronacases_007_coronacases_007_z0234,P_coronacases_007,coronacases_007,234,512x512,0.7129,0.7129,1.0,99234,0,0,data/raw/ct_volumes/coronacases_007.nii.gz,data/raw/ground_truth_masks/coronacases_007.nii.gz,PASSED
P_coronacases_007_coronacases_007_z0240,P_coronacases_007,coronacases_007,240,512x512,0.7129,0.7129,1.0,102236,0,0,data/raw/ct_volumes/coronacases_007.nii.gz,data/raw/ground_truth_masks/coronacases_007.nii.gz,PASSED
P_coronacases_007_coronacases_007_z0245,P_coronacases_007,coronacases_007,245,512x512,0.7129,0.7129,1.0,107914,0,0,data/raw/ct_volumes/coronacases_007.nii.gz,data/raw/ground_truth_masks/coronacases_007.nii.gz,PASSED
P_coronacases_008_coronacases_008_z0001,P_coronacases_008,coronacases_008,1,512x512,0.7246,0.7246,1.0,98461,0,0,data/raw/ct_volumes/coronacases_008.nii.gz,data/raw/ground_truth_masks/coronacases_008.nii.gz,PASSED
P_coronacases_008_coronacases_008_z0006,P_coronacases_008,coronacases_008,6,512x512,0.7246,0.7246,1.0,98778,0,0,data/raw/ct_volumes/coronacases_008.nii.gz,data/raw/ground_truth_masks/coronacases_008.nii.gz,PASSED
P_coronacases_008_coronacases_008_z0011,P_coronacases_008,coronacases_008,11,512x512,0.7246,0.7246,1.0,96770,0,0,data/raw/ct_volumes/coronacases_008.nii.gz,data/raw/ground_truth_masks/coronacases_008.nii.gz,PASSED
P_coronacases_008_coronacases_008_z0016,P_coronacases_008,coronacases_008,16,512x512,0.7246,0.7246,1.0,96360,0,0,data/raw/ct_volumes/coronacases_008.nii.gz,data/raw/ground_truth_masks/coronacases_008.nii.gz,PASSED
P_coronacases_008_coronacases_008_z0021,P_coronacases_008,coronacases_008,21,512x512,0.7246,0.7246,1.0,96577,0,0,data/raw/ct_volumes/coronacases_008.nii.gz,data/raw/ground_truth_masks/coronacases_008.nii.gz,PASSED
P_coronacases_008_coronacases_008_z0026,P_coronacases_008,coronacases_008,26,512x512,0.7246,0.7246,1.0,95049,0,0,data/raw/ct_volumes/coronacases_008.nii.gz,data/raw/ground_truth_masks/coronacases_008.nii.gz,PASSED
P_coronacases_008_coronacases_008_z0031,P_coronacases_008,coronacases_008,31,512x512,0.7246,0.7246,1.0,95611,0,0,data/raw/ct_volumes/coronacases_008.nii.gz,data/raw/ground_truth_masks/coronacases_008.nii.gz,PASSED
P_coronacases_008_coronacases_008_z0036,P_coronacases_008,coronacases_008,36,512x512,0.7246,0.7246,1.0,96354,0,0,data/raw/ct_volumes/coronacases_008.nii.gz,data/raw/ground_truth_masks/coronacases_008.nii.gz,PASSED
P_coronacases_008_coronacases_008_z0041,P_coronacases_008,coronacases_008,41,512x512,0.7246,0.7246,1.0,97961,0,0,data/raw/ct_volumes/coronacases_008.nii.gz,data/raw/ground_truth_masks/coronacases_008.nii.gz,PASSED
P_coronacases_008_coronacases_008_z0046,P_coronacases_008,coronacases_008,46,512x512,0.7246,0.7246,1.0,100132,0,0,data/raw/ct_volumes/coronacases_008.nii.gz,data/raw/ground_truth_masks/coronacases_008.nii.gz,PASSED
P_coronacases_008_coronacases_008_z0048,P_coronacases_008,coronacases_008,48,512x512,0.7246,0.7246,1.0,100154,1,66,data/raw/ct_volumes/coronacases_008.nii.gz,data/raw/ground_truth_masks/coronacases_008.nii.gz,PASSED
P_coronacases_008_coronacases_008_z0049,P_coronacases_008,coronacases_008,49,512x512,0.7246,0.7246,1.0,100212,1,97,data/raw/ct_volumes/coronacases_008.nii.gz,data/raw/ground_truth_masks/coronacases_008.nii.gz,PASSED
P_coronacases_008_coronacases_008_z0050,P_coronacases_008,coronacases_008,50,512x512,0.7246,0.7246,1.0,100597,1,128,data/raw/ct_volumes/coronacases_008.nii.gz,data/raw/ground_truth_masks/coronacases_008.nii.gz,PASSED
P_coronacases_008_coronacases_008_z0051,P_coronacases_008,coronacases_008,51,512x512,0.7246,0.7246,1.0,100827,1,129,data/raw/ct_volumes/coronacases_008.nii.gz,data/raw/ground_truth_masks/coronacases_008.nii.gz,PASSED
P_coronacases_008_coronacases_008_z0053,P_coronacases_008,coronacases_008,53,512x512,0.7246,0.7246,1.0,101536,1,156,data/raw/ct_volumes/coronacases_008.nii.gz,data/raw/ground_truth_masks/coronacases_008.nii.gz,PASSED
P_coronacases_008_coronacases_008_z0054,P_coronacases_008,coronacases_008,54,512x512,0.7246,0.7246,1.0,101688,1,138,data/raw/ct_volumes/coronacases_008.nii.gz,data/raw/ground_truth_masks/coronacases_008.nii.gz,PASSED
P_coronacases_008_coronacases_008_z0055,P_coronacases_008,coronacases_008,55,512x512,0.7246,0.7246,1.0,102483,1,314,data/raw/ct_volumes/coronacases_008.nii.gz,data/raw/ground_truth_masks/coronacases_008.nii.gz,PASSED
P_coronacases_008_coronacases_008_z0057,P_coronacases_008,coronacases_008,57,512x512,0.7246,0.7246,1.0,102749,1,859,data/raw/ct_volumes/coronacases_008.nii.gz,data/raw/ground_truth_masks/coronacases_008.nii.gz,PASSED
P_coronacases_008_coronacases_008_z0058,P_coronacases_008,coronacases_008,58,512x512,0.7246,0.7246,1.0,103274,1,945,data/raw/ct_volumes/coronacases_008.nii.gz,data/raw/ground_truth_masks/coronacases_008.nii.gz,PASSED
P_coronacases_008_coronacases_008_z0059,P_coronacases_008,coronacases_008,59,512x512,0.7246,0.7246,1.0,103413,1,878,data/raw/ct_volumes/coronacases_008.nii.gz,data/raw/ground_truth_masks/coronacases_008.nii.gz,PASSED
P_coronacases_008_coronacases_008_z0060,P_coronacases_008,coronacases_008,60,512x512,0.7246,0.7246,1.0,104357,1,777,data/raw/ct_volumes/coronacases_008.nii.gz,data/raw/ground_truth_masks/coronacases_008.nii.gz,PASSED
P_coronacases_008_coronacases_008_z0062,P_coronacases_008,coronacases_008,62,512x512,0.7246,0.7246,1.0,105000,1,1192,data/raw/ct_volumes/coronacases_008.nii.gz,data/raw/ground_truth_masks/coronacases_008.nii.gz,PASSED
P_coronacases_008_coronacases_008_z0063,P_coronacases_008,coronacases_008,63,512x512,0.7246,0.7246,1.0,105331,1,1272,data/raw/ct_volumes/coronacases_008.nii.gz,data/raw/ground_truth_masks/coronacases_008.nii.gz,PASSED
P_coronacases_008_coronacases_008_z0064,P_coronacases_008,coronacases_008,64,512x512,0.7246,0.7246,1.0,105942,1,1677,data/raw/ct_volumes/coronacases_008.nii.gz,data/raw/ground_truth_masks/coronacases_008.nii.gz,PASSED
P_coronacases_008_coronacases_008_z0065,P_coronacases_008,coronacases_008,65,512x512,0.7246,0.7246,1.0,106581,1,1647,data/raw/ct_volumes/coronacases_008.nii.gz,data/raw/ground_truth_masks/coronacases_008.nii.gz,PASSED
P_coronacases_008_coronacases_008_z0067,P_coronacases_008,coronacases_008,67,512x512,0.7246,0.7246,1.0,107475,1,1473,data/raw/ct_volumes/coronacases_008.nii.gz,data/raw/ground_truth_masks/coronacases_008.nii.gz,PASSED
P_coronacases_008_coronacases_008_z0068,P_coronacases_008,coronacases_008,68,512x512,0.7246,0.7246,1.0,108702,1,1806,data/raw/ct_volumes/coronacases_008.nii.gz,data/raw/ground_truth_masks/coronacases_008.nii.gz,PASSED
P_coronacases_008_coronacases_008_z0069,P_coronacases_008,coronacases_008,69,512x512,0.7246,0.7246,1.0,109233,1,2010,data/raw/ct_volumes/coronacases_008.nii.gz,data/raw/ground_truth_masks/coronacases_008.nii.gz,PASSED
P_coronacases_008_coronacases_008_z0070,P_coronacases_008,coronacases_008,70,512x512,0.7246,0.7246,1.0,109807,1,2478,data/raw/ct_volumes/coronacases_008.nii.gz,data/raw/ground_truth_masks/coronacases_008.nii.gz,PASSED
P_coronacases_008_coronacases_008_z0072,P_coronacases_008,coronacases_008,72,512x512,0.7246,0.7246,1.0,111295,1,2573,data/raw/ct_volumes/coronacases_008.nii.gz,data/raw/ground_truth_masks/coronacases_008.nii.gz,PASSED
P_coronacases_008_coronacases_008_z0073,P_coronacases_008,coronacases_008,73,512x512,0.7246,0.7246,1.0,111823,1,3166,data/raw/ct_volumes/coronacases_008.nii.gz,data/raw/ground_truth_masks/coronacases_008.nii.gz,PASSED
P_coronacases_008_coronacases_008_z0074,P_coronacases_008,coronacases_008,74,512x512,0.7246,0.7246,1.0,112750,1,3160,data/raw/ct_volumes/coronacases_008.nii.gz,data/raw/ground_truth_masks/coronacases_008.nii.gz,PASSED
P_coronacases_008_coronacases_008_z0076,P_coronacases_008,coronacases_008,76,512x512,0.7246,0.7246,1.0,115138,1,3093,data/raw/ct_volumes/coronacases_008.nii.gz,data/raw/ground_truth_masks/coronacases_008.nii.gz,PASSED
P_coronacases_008_coronacases_008_z0077,P_coronacases_008,coronacases_008,77,512x512,0.7246,0.7246,1.0,115168,1,3161,data/raw/ct_volumes/coronacases_008.nii.gz,data/raw/ground_truth_masks/coronacases_008.nii.gz,PASSED
P_coronacases_008_coronacases_008_z0078,P_coronacases_008,coronacases_008,78,512x512,0.7246,0.7246,1.0,115734,1,3358,data/raw/ct_volumes/coronacases_008.nii.gz,data/raw/ground_truth_masks/coronacases_008.nii.gz,PASSED
P_coronacases_008_coronacases_008_z0079,P_coronacases_008,coronacases_008,79,512x512,0.7246,0.7246,1.0,116634,1,3273,data/raw/ct_volumes/coronacases_008.nii.gz,data/raw/ground_truth_masks/coronacases_008.nii.gz,PASSED
P_coronacases_008_coronacases_008_z0081,P_coronacases_008,coronacases_008,81,512x512,0.7246,0.7246,1.0,118381,1,3103,data/raw/ct_volumes/coronacases_008.nii.gz,data/raw/ground_truth_masks/coronacases_008.nii.gz,PASSED
P_coronacases_008_coronacases_008_z0082,P_coronacases_008,coronacases_008,82,512x512,0.7246,0.7246,1.0,119584,1,3080,data/raw/ct_volumes/coronacases_008.nii.gz,data/raw/ground_truth_masks/coronacases_008.nii.gz,PASSED
P_coronacases_008_coronacases_008_z0083,P_coronacases_008,coronacases_008,83,512x512,0.7246,0.7246,1.0,120251,1,3109,data/raw/ct_volumes/coronacases_008.nii.gz,data/raw/ground_truth_masks/coronacases_008.nii.gz,PASSED
P_coronacases_008_coronacases_008_z0084,P_coronacases_008,coronacases_008,84,512x512,0.7246,0.7246,1.0,121334,1,3204,data/raw/ct_volumes/coronacases_008.nii.gz,data/raw/ground_truth_masks/coronacases_008.nii.gz,PASSED
P_coronacases_008_coronacases_008_z0086,P_coronacases_008,coronacases_008,86,512x512,0.7246,0.7246,1.0,123750,1,2798,data/raw/ct_volumes/coronacases_008.nii.gz,data/raw/ground_truth_masks/coronacases_008.nii.gz,PASSED
P_coronacases_008_coronacases_008_z0087,P_coronacases_008,coronacases_008,87,512x512,0.7246,0.7246,1.0,125105,1,3515,data/raw/ct_volumes/coronacases_008.nii.gz,data/raw/ground_truth_masks/coronacases_008.nii.gz,PASSED
P_coronacases_008_coronacases_008_z0088,P_coronacases_008,coronacases_008,88,512x512,0.7246,0.7246,1.0,126692,1,3518,data/raw/ct_volumes/coronacases_008.nii.gz,data/raw/ground_truth_masks/coronacases_008.nii.gz,PASSED
P_coronacases_008_coronacases_008_z0089,P_coronacases_008,coronacases_008,89,512x512,0.7246,0.7246,1.0,128674,1,3681,data/raw/ct_volumes/coronacases_008.nii.gz,data/raw/ground_truth_masks/coronacases_008.nii.gz,PASSED
P_coronacases_008_coronacases_008_z0091,P_coronacases_008,coronacases_008,91,512x512,0.7246,0.7246,1.0,133047,1,3759,data/raw/ct_volumes/coronacases_008.nii.gz,data/raw/ground_truth_masks/coronacases_008.nii.gz,PASSED
P_coronacases_008_coronacases_008_z0092,P_coronacases_008,coronacases_008,92,512x512,0.7246,0.7246,1.0,134303,1,4380,data/raw/ct_volumes/coronacases_008.nii.gz,data/raw/ground_truth_masks/coronacases_008.nii.gz,PASSED
P_coronacases_008_coronacases_008_z0093,P_coronacases_008,coronacases_008,93,512x512,0.7246,0.7246,1.0,135536,1,4399,data/raw/ct_volumes/coronacases_008.nii.gz,data/raw/ground_truth_masks/coronacases_008.nii.gz,PASSED
P_coronacases_008_coronacases_008_z0094,P_coronacases_008,coronacases_008,94,512x512,0.7246,0.7246,1.0,136845,1,4445,data/raw/ct_volumes/coronacases_008.nii.gz,data/raw/ground_truth_masks/coronacases_008.nii.gz,PASSED
P_coronacases_008_coronacases_008_z0096,P_coronacases_008,coronacases_008,96,512x512,0.7246,0.7246,1.0,139497,1,4887,data/raw/ct_volumes/coronacases_008.nii.gz,data/raw/ground_truth_masks/coronacases_008.nii.gz,PASSED
P_coronacases_008_coronacases_008_z0097,P_coronacases_008,coronacases_008,97,512x512,0.7246,0.7246,1.0,139180,1,4871,data/raw/ct_volumes/coronacases_008.nii.gz,data/raw/ground_truth_masks/coronacases_008.nii.gz,PASSED
P_coronacases_008_coronacases_008_z0098,P_coronacases_008,coronacases_008,98,512x512,0.7246,0.7246,1.0,138775,1,5148,data/raw/ct_volumes/coronacases_008.nii.gz,data/raw/ground_truth_masks/coronacases_008.nii.gz,PASSED
P_coronacases_008_coronacases_008_z0100,P_coronacases_008,coronacases_008,100,512x512,0.7246,0.7246,1.0,138326,1,4816,data/raw/ct_volumes/coronacases_008.nii.gz,data/raw/ground_truth_masks/coronacases_008.nii.gz,PASSED
P_coronacases_008_coronacases_008_z0101,P_coronacases_008,coronacases_008,101,512x512,0.7246,0.7246,1.0,137870,1,5387,data/raw/ct_volumes/coronacases_008.nii.gz,data/raw/ground_truth_masks/coronacases_008.nii.gz,PASSED
P_coronacases_008_coronacases_008_z0102,P_coronacases_008,coronacases_008,102,512x512,0.7246,0.7246,1.0,137525,1,5344,data/raw/ct_volumes/coronacases_008.nii.gz,data/raw/ground_truth_masks/coronacases_008.nii.gz,PASSED
P_coronacases_008_coronacases_008_z0103,P_coronacases_008,coronacases_008,103,512x512,0.7246,0.7246,1.0,137763,1,6452,data/raw/ct_volumes/coronacases_008.nii.gz,data/raw/ground_truth_masks/coronacases_008.nii.gz,PASSED
P_coronacases_008_coronacases_008_z0105,P_coronacases_008,coronacases_008,105,512x512,0.7246,0.7246,1.0,137155,1,6391,data/raw/ct_volumes/coronacases_008.nii.gz,data/raw/ground_truth_masks/coronacases_008.nii.gz,PASSED
P_coronacases_008_coronacases_008_z0106,P_coronacases_008,coronacases_008,106,512x512,0.7246,0.7246,1.0,136455,1,6297,data/raw/ct_volumes/coronacases_008.nii.gz,data/raw/ground_truth_masks/coronacases_008.nii.gz,PASSED
P_coronacases_008_coronacases_008_z0107,P_coronacases_008,coronacases_008,107,512x512,0.7246,0.7246,1.0,135965,1,6457,data/raw/ct_volumes/coronacases_008.nii.gz,data/raw/ground_truth_masks/coronacases_008.nii.gz,PASSED
P_coronacases_008_coronacases_008_z0108,P_coronacases_008,coronacases_008,108,512x512,0.7246,0.7246,1.0,135329,1,7033,data/raw/ct_volumes/coronacases_008.nii.gz,data/raw/ground_truth_masks/coronacases_008.nii.gz,PASSED
P_coronacases_008_coronacases_008_z0110,P_coronacases_008,coronacases_008,110,512x512,0.7246,0.7246,1.0,134923,1,7936,data/raw/ct_volumes/coronacases_008.nii.gz,data/raw/ground_truth_masks/coronacases_008.nii.gz,PASSED
P_coronacases_008_coronacases_008_z0111,P_coronacases_008,coronacases_008,111,512x512,0.7246,0.7246,1.0,134790,1,7229,data/raw/ct_volumes/coronacases_008.nii.gz,data/raw/ground_truth_masks/coronacases_008.nii.gz,PASSED
P_coronacases_008_coronacases_008_z0112,P_coronacases_008,coronacases_008,112,512x512,0.7246,0.7246,1.0,134279,1,7684,data/raw/ct_volumes/coronacases_008.nii.gz,data/raw/ground_truth_masks/coronacases_008.nii.gz,PASSED
P_coronacases_008_coronacases_008_z0113,P_coronacases_008,coronacases_008,113,512x512,0.7246,0.7246,1.0,134358,1,7889,data/raw/ct_volumes/coronacases_008.nii.gz,data/raw/ground_truth_masks/coronacases_008.nii.gz,PASSED
P_coronacases_008_coronacases_008_z0115,P_coronacases_008,coronacases_008,115,512x512,0.7246,0.7246,1.0,133936,1,6646,data/raw/ct_volumes/coronacases_008.nii.gz,data/raw/ground_truth_masks/coronacases_008.nii.gz,PASSED
P_coronacases_008_coronacases_008_z0116,P_coronacases_008,coronacases_008,116,512x512,0.7246,0.7246,1.0,134201,1,5785,data/raw/ct_volumes/coronacases_008.nii.gz,data/raw/ground_truth_masks/coronacases_008.nii.gz,PASSED
P_coronacases_008_coronacases_008_z0117,P_coronacases_008,coronacases_008,117,512x512,0.7246,0.7246,1.0,134907,1,5051,data/raw/ct_volumes/coronacases_008.nii.gz,data/raw/ground_truth_masks/coronacases_008.nii.gz,PASSED
P_coronacases_008_coronacases_008_z0118,P_coronacases_008,coronacases_008,118,512x512,0.7246,0.7246,1.0,134967,1,5158,data/raw/ct_volumes/coronacases_008.nii.gz,data/raw/ground_truth_masks/coronacases_008.nii.gz,PASSED
P_coronacases_008_coronacases_008_z0120,P_coronacases_008,coronacases_008,120,512x512,0.7246,0.7246,1.0,134439,1,5021,data/raw/ct_volumes/coronacases_008.nii.gz,data/raw/ground_truth_masks/coronacases_008.nii.gz,PASSED
P_coronacases_008_coronacases_008_z0121,P_coronacases_008,coronacases_008,121,512x512,0.7246,0.7246,1.0,134192,1,5215,data/raw/ct_volumes/coronacases_008.nii.gz,data/raw/ground_truth_masks/coronacases_008.nii.gz,PASSED
P_coronacases_008_coronacases_008_z0122,P_coronacases_008,coronacases_008,122,512x512,0.7246,0.7246,1.0,134355,1,6007,data/raw/ct_volumes/coronacases_008.nii.gz,data/raw/ground_truth_masks/coronacases_008.nii.gz,PASSED
P_coronacases_008_coronacases_008_z0124,P_coronacases_008,coronacases_008,124,512x512,0.7246,0.7246,1.0,133945,1,5386,data/raw/ct_volumes/coronacases_008.nii.gz,data/raw/ground_truth_masks/coronacases_008.nii.gz,PASSED
P_coronacases_008_coronacases_008_z0125,P_coronacases_008,coronacases_008,125,512x512,0.7246,0.7246,1.0,133458,1,6247,data/raw/ct_volumes/coronacases_008.nii.gz,data/raw/ground_truth_masks/coronacases_008.nii.gz,PASSED
P_coronacases_008_coronacases_008_z0126,P_coronacases_008,coronacases_008,126,512x512,0.7246,0.7246,1.0,132929,1,6282,data/raw/ct_volumes/coronacases_008.nii.gz,data/raw/ground_truth_masks/coronacases_008.nii.gz,PASSED
P_coronacases_008_coronacases_008_z0127,P_coronacases_008,coronacases_008,127,512x512,0.7246,0.7246,1.0,132819,1,6033,data/raw/ct_volumes/coronacases_008.nii.gz,data/raw/ground_truth_masks/coronacases_008.nii.gz,PASSED
P_coronacases_008_coronacases_008_z0129,P_coronacases_008,coronacases_008,129,512x512,0.7246,0.7246,1.0,132363,1,5843,data/raw/ct_volumes/coronacases_008.nii.gz,data/raw/ground_truth_masks/coronacases_008.nii.gz,PASSED
P_coronacases_008_coronacases_008_z0130,P_coronacases_008,coronacases_008,130,512x512,0.7246,0.7246,1.0,132154,1,6037,data/raw/ct_volumes/coronacases_008.nii.gz,data/raw/ground_truth_masks/coronacases_008.nii.gz,PASSED
P_coronacases_008_coronacases_008_z0131,P_coronacases_008,coronacases_008,131,512x512,0.7246,0.7246,1.0,131887,1,5976,data/raw/ct_volumes/coronacases_008.nii.gz,data/raw/ground_truth_masks/coronacases_008.nii.gz,PASSED
P_coronacases_008_coronacases_008_z0132,P_coronacases_008,coronacases_008,132,512x512,0.7246,0.7246,1.0,131421,1,5791,data/raw/ct_volumes/coronacases_008.nii.gz,data/raw/ground_truth_masks/coronacases_008.nii.gz,PASSED
P_coronacases_008_coronacases_008_z0134,P_coronacases_008,coronacases_008,134,512x512,0.7246,0.7246,1.0,131314,1,6208,data/raw/ct_volumes/coronacases_008.nii.gz,data/raw/ground_truth_masks/coronacases_008.nii.gz,PASSED
P_coronacases_008_coronacases_008_z0135,P_coronacases_008,coronacases_008,135,512x512,0.7246,0.7246,1.0,130663,1,5387,data/raw/ct_volumes/coronacases_008.nii.gz,data/raw/ground_truth_masks/coronacases_008.nii.gz,PASSED
P_coronacases_008_coronacases_008_z0136,P_coronacases_008,coronacases_008,136,512x512,0.7246,0.7246,1.0,130697,1,4998,data/raw/ct_volumes/coronacases_008.nii.gz,data/raw/ground_truth_masks/coronacases_008.nii.gz,PASSED
P_coronacases_008_coronacases_008_z0137,P_coronacases_008,coronacases_008,137,512x512,0.7246,0.7246,1.0,130682,1,5096,data/raw/ct_volumes/coronacases_008.nii.gz,data/raw/ground_truth_masks/coronacases_008.nii.gz,PASSED
P_coronacases_008_coronacases_008_z0139,P_coronacases_008,coronacases_008,139,512x512,0.7246,0.7246,1.0,130538,1,4835,data/raw/ct_volumes/coronacases_008.nii.gz,data/raw/ground_truth_masks/coronacases_008.nii.gz,PASSED
P_coronacases_008_coronacases_008_z0140,P_coronacases_008,coronacases_008,140,512x512,0.7246,0.7246,1.0,129796,1,5077,data/raw/ct_volumes/coronacases_008.nii.gz,data/raw/ground_truth_masks/coronacases_008.nii.gz,PASSED
P_coronacases_008_coronacases_008_z0141,P_coronacases_008,coronacases_008,141,512x512,0.7246,0.7246,1.0,130180,1,5335,data/raw/ct_volumes/coronacases_008.nii.gz,data/raw/ground_truth_masks/coronacases_008.nii.gz,PASSED
P_coronacases_008_coronacases_008_z0143,P_coronacases_008,coronacases_008,143,512x512,0.7246,0.7246,1.0,130067,1,5832,data/raw/ct_volumes/coronacases_008.nii.gz,data/raw/ground_truth_masks/coronacases_008.nii.gz,PASSED
P_coronacases_008_coronacases_008_z0144,P_coronacases_008,coronacases_008,144,512x512,0.7246,0.7246,1.0,130526,1,5979,data/raw/ct_volumes/coronacases_008.nii.gz,data/raw/ground_truth_masks/coronacases_008.nii.gz,PASSED
P_coronacases_008_coronacases_008_z0145,P_coronacases_008,coronacases_008,145,512x512,0.7246,0.7246,1.0,130330,1,5780,data/raw/ct_volumes/coronacases_008.nii.gz,data/raw/ground_truth_masks/coronacases_008.nii.gz,PASSED
P_coronacases_008_coronacases_008_z0146,P_coronacases_008,coronacases_008,146,512x512,0.7246,0.7246,1.0,130232,1,5493,data/raw/ct_volumes/coronacases_008.nii.gz,data/raw/ground_truth_masks/coronacases_008.nii.gz,PASSED
P_coronacases_008_coronacases_008_z0148,P_coronacases_008,coronacases_008,148,512x512,0.7246,0.7246,1.0,130732,1,5575,data/raw/ct_volumes/coronacases_008.nii.gz,data/raw/ground_truth_masks/coronacases_008.nii.gz,PASSED
P_coronacases_008_coronacases_008_z0149,P_coronacases_008,coronacases_008,149,512x512,0.7246,0.7246,1.0,131009,1,5444,data/raw/ct_volumes/coronacases_008.nii.gz,data/raw/ground_truth_masks/coronacases_008.nii.gz,PASSED
P_coronacases_008_coronacases_008_z0150,P_coronacases_008,coronacases_008,150,512x512,0.7246,0.7246,1.0,130968,1,5483,data/raw/ct_volumes/coronacases_008.nii.gz,data/raw/ground_truth_masks/coronacases_008.nii.gz,PASSED
P_coronacases_008_coronacases_008_z0151,P_coronacases_008,coronacases_008,151,512x512,0.7246,0.7246,1.0,131015,1,5442,data/raw/ct_volumes/coronacases_008.nii.gz,data/raw/ground_truth_masks/coronacases_008.nii.gz,PASSED
P_coronacases_008_coronacases_008_z0153,P_coronacases_008,coronacases_008,153,512x512,0.7246,0.7246,1.0,130944,1,4812,data/raw/ct_volumes/coronacases_008.nii.gz,data/raw/ground_truth_masks/coronacases_008.nii.gz,PASSED
P_coronacases_008_coronacases_008_z0154,P_coronacases_008,coronacases_008,154,512x512,0.7246,0.7246,1.0,131066,1,4739,data/raw/ct_volumes/coronacases_008.nii.gz,data/raw/ground_truth_masks/coronacases_008.nii.gz,PASSED
P_coronacases_008_coronacases_008_z0155,P_coronacases_008,coronacases_008,155,512x512,0.7246,0.7246,1.0,131005,1,4465,data/raw/ct_volumes/coronacases_008.nii.gz,data/raw/ground_truth_masks/coronacases_008.nii.gz,PASSED
P_coronacases_008_coronacases_008_z0156,P_coronacases_008,coronacases_008,156,512x512,0.7246,0.7246,1.0,131020,1,4423,data/raw/ct_volumes/coronacases_008.nii.gz,data/raw/ground_truth_masks/coronacases_008.nii.gz,PASSED
P_coronacases_008_coronacases_008_z0158,P_coronacases_008,coronacases_008,158,512x512,0.7246,0.7246,1.0,130229,1,3842,data/raw/ct_volumes/coronacases_008.nii.gz,data/raw/ground_truth_masks/coronacases_008.nii.gz,PASSED
P_coronacases_008_coronacases_008_z0159,P_coronacases_008,coronacases_008,159,512x512,0.7246,0.7246,1.0,130449,1,3296,data/raw/ct_volumes/coronacases_008.nii.gz,data/raw/ground_truth_masks/coronacases_008.nii.gz,PASSED
P_coronacases_008_coronacases_008_z0160,P_coronacases_008,coronacases_008,160,512x512,0.7246,0.7246,1.0,130734,1,3001,data/raw/ct_volumes/coronacases_008.nii.gz,data/raw/ground_truth_masks/coronacases_008.nii.gz,PASSED
P_coronacases_008_coronacases_008_z0161,P_coronacases_008,coronacases_008,161,512x512,0.7246,0.7246,1.0,130930,1,2309,data/raw/ct_volumes/coronacases_008.nii.gz,data/raw/ground_truth_masks/coronacases_008.nii.gz,PASSED
P_coronacases_008_coronacases_008_z0163,P_coronacases_008,coronacases_008,163,512x512,0.7246,0.7246,1.0,130832,1,1655,data/raw/ct_volumes/coronacases_008.nii.gz,data/raw/ground_truth_masks/coronacases_008.nii.gz,PASSED
P_coronacases_008_coronacases_008_z0164,P_coronacases_008,coronacases_008,164,512x512,0.7246,0.7246,1.0,130989,1,1375,data/raw/ct_volumes/coronacases_008.nii.gz,data/raw/ground_truth_masks/coronacases_008.nii.gz,PASSED
P_coronacases_008_coronacases_008_z0165,P_coronacases_008,coronacases_008,165,512x512,0.7246,0.7246,1.0,131456,1,1305,data/raw/ct_volumes/coronacases_008.nii.gz,data/raw/ground_truth_masks/coronacases_008.nii.gz,PASSED
P_coronacases_008_coronacases_008_z0167,P_coronacases_008,coronacases_008,167,512x512,0.7246,0.7246,1.0,131900,1,952,data/raw/ct_volumes/coronacases_008.nii.gz,data/raw/ground_truth_masks/coronacases_008.nii.gz,PASSED
P_coronacases_008_coronacases_008_z0168,P_coronacases_008,coronacases_008,168,512x512,0.7246,0.7246,1.0,131639,1,1144,data/raw/ct_volumes/coronacases_008.nii.gz,data/raw/ground_truth_masks/coronacases_008.nii.gz,PASSED
P_coronacases_008_coronacases_008_z0169,P_coronacases_008,coronacases_008,169,512x512,0.7246,0.7246,1.0,131664,1,1244,data/raw/ct_volumes/coronacases_008.nii.gz,data/raw/ground_truth_masks/coronacases_008.nii.gz,PASSED
P_coronacases_008_coronacases_008_z0170,P_coronacases_008,coronacases_008,170,512x512,0.7246,0.7246,1.0,131613,1,1303,data/raw/ct_volumes/coronacases_008.nii.gz,data/raw/ground_truth_masks/coronacases_008.nii.gz,PASSED
P_coronacases_008_coronacases_008_z0172,P_coronacases_008,coronacases_008,172,512x512,0.7246,0.7246,1.0,130807,1,1270,data/raw/ct_volumes/coronacases_008.nii.gz,data/raw/ground_truth_masks/coronacases_008.nii.gz,PASSED
P_coronacases_008_coronacases_008_z0173,P_coronacases_008,coronacases_008,173,512x512,0.7246,0.7246,1.0,130617,1,1180,data/raw/ct_volumes/coronacases_008.nii.gz,data/raw/ground_truth_masks/coronacases_008.nii.gz,PASSED
P_coronacases_008_coronacases_008_z0174,P_coronacases_008,coronacases_008,174,512x512,0.7246,0.7246,1.0,130363,1,1317,data/raw/ct_volumes/coronacases_008.nii.gz,data/raw/ground_truth_masks/coronacases_008.nii.gz,PASSED
P_coronacases_008_coronacases_008_z0175,P_coronacases_008,coronacases_008,175,512x512,0.7246,0.7246,1.0,130601,1,1090,data/raw/ct_volumes/coronacases_008.nii.gz,data/raw/ground_truth_masks/coronacases_008.nii.gz,PASSED
P_coronacases_008_coronacases_008_z0177,P_coronacases_008,coronacases_008,177,512x512,0.7246,0.7246,1.0,130134,1,1133,data/raw/ct_volumes/coronacases_008.nii.gz,data/raw/ground_truth_masks/coronacases_008.nii.gz,PASSED
P_coronacases_008_coronacases_008_z0178,P_coronacases_008,coronacases_008,178,512x512,0.7246,0.7246,1.0,130324,1,1023,data/raw/ct_volumes/coronacases_008.nii.gz,data/raw/ground_truth_masks/coronacases_008.nii.gz,PASSED
P_coronacases_008_coronacases_008_z0179,P_coronacases_008,coronacases_008,179,512x512,0.7246,0.7246,1.0,130520,1,973,data/raw/ct_volumes/coronacases_008.nii.gz,data/raw/ground_truth_masks/coronacases_008.nii.gz,PASSED
P_coronacases_008_coronacases_008_z0180,P_coronacases_008,coronacases_008,180,512x512,0.7246,0.7246,1.0,131005,1,844,data/raw/ct_volumes/coronacases_008.nii.gz,data/raw/ground_truth_masks/coronacases_008.nii.gz,PASSED
P_coronacases_008_coronacases_008_z0182,P_coronacases_008,coronacases_008,182,512x512,0.7246,0.7246,1.0,130390,1,917,data/raw/ct_volumes/coronacases_008.nii.gz,data/raw/ground_truth_masks/coronacases_008.nii.gz,PASSED
P_coronacases_008_coronacases_008_z0183,P_coronacases_008,coronacases_008,183,512x512,0.7246,0.7246,1.0,130138,1,1003,data/raw/ct_volumes/coronacases_008.nii.gz,data/raw/ground_truth_masks/coronacases_008.nii.gz,PASSED
P_coronacases_008_coronacases_008_z0184,P_coronacases_008,coronacases_008,184,512x512,0.7246,0.7246,1.0,129941,1,906,data/raw/ct_volumes/coronacases_008.nii.gz,data/raw/ground_truth_masks/coronacases_008.nii.gz,PASSED
P_coronacases_008_coronacases_008_z0185,P_coronacases_008,coronacases_008,185,512x512,0.7246,0.7246,1.0,129830,1,974,data/raw/ct_volumes/coronacases_008.nii.gz,data/raw/ground_truth_masks/coronacases_008.nii.gz,PASSED
P_coronacases_008_coronacases_008_z0187,P_coronacases_008,coronacases_008,187,512x512,0.7246,0.7246,1.0,129904,1,911,data/raw/ct_volumes/coronacases_008.nii.gz,data/raw/ground_truth_masks/coronacases_008.nii.gz,PASSED
P_coronacases_008_coronacases_008_z0188,P_coronacases_008,coronacases_008,188,512x512,0.7246,0.7246,1.0,129790,1,705,data/raw/ct_volumes/coronacases_008.nii.gz,data/raw/ground_truth_masks/coronacases_008.nii.gz,PASSED
P_coronacases_008_coronacases_008_z0189,P_coronacases_008,coronacases_008,189,512x512,0.7246,0.7246,1.0,129894,1,821,data/raw/ct_volumes/coronacases_008.nii.gz,data/raw/ground_truth_masks/coronacases_008.nii.gz,PASSED
P_coronacases_008_coronacases_008_z0191,P_coronacases_008,coronacases_008,191,512x512,0.7246,0.7246,1.0,130567,1,911,data/raw/ct_volumes/coronacases_008.nii.gz,data/raw/ground_truth_masks/coronacases_008.nii.gz,PASSED
P_coronacases_008_coronacases_008_z0192,P_coronacases_008,coronacases_008,192,512x512,0.7246,0.7246,1.0,130403,1,896,data/raw/ct_volumes/coronacases_008.nii.gz,data/raw/ground_truth_masks/coronacases_008.nii.gz,PASSED
P_coronacases_008_coronacases_008_z0193,P_coronacases_008,coronacases_008,193,512x512,0.7246,0.7246,1.0,129853,1,781,data/raw/ct_volumes/coronacases_008.nii.gz,data/raw/ground_truth_masks/coronacases_008.nii.gz,PASSED
P_coronacases_008_coronacases_008_z0194,P_coronacases_008,coronacases_008,194,512x512,0.7246,0.7246,1.0,129661,1,874,data/raw/ct_volumes/coronacases_008.nii.gz,data/raw/ground_truth_masks/coronacases_008.nii.gz,PASSED
P_coronacases_008_coronacases_008_z0196,P_coronacases_008,coronacases_008,196,512x512,0.7246,0.7246,1.0,128896,1,749,data/raw/ct_volumes/coronacases_008.nii.gz,data/raw/ground_truth_masks/coronacases_008.nii.gz,PASSED
P_coronacases_008_coronacases_008_z0197,P_coronacases_008,coronacases_008,197,512x512,0.7246,0.7246,1.0,128494,1,939,data/raw/ct_volumes/coronacases_008.nii.gz,data/raw/ground_truth_masks/coronacases_008.nii.gz,PASSED
P_coronacases_008_coronacases_008_z0198,P_coronacases_008,coronacases_008,198,512x512,0.7246,0.7246,1.0,128276,1,868,data/raw/ct_volumes/coronacases_008.nii.gz,data/raw/ground_truth_masks/coronacases_008.nii.gz,PASSED
P_coronacases_008_coronacases_008_z0199,P_coronacases_008,coronacases_008,199,512x512,0.7246,0.7246,1.0,127983,1,873,data/raw/ct_volumes/coronacases_008.nii.gz,data/raw/ground_truth_masks/coronacases_008.nii.gz,PASSED
P_coronacases_008_coronacases_008_z0201,P_coronacases_008,coronacases_008,201,512x512,0.7246,0.7246,1.0,127138,1,767,data/raw/ct_volumes/coronacases_008.nii.gz,data/raw/ground_truth_masks/coronacases_008.nii.gz,PASSED
P_coronacases_008_coronacases_008_z0202,P_coronacases_008,coronacases_008,202,512x512,0.7246,0.7246,1.0,126843,1,746,data/raw/ct_volumes/coronacases_008.nii.gz,data/raw/ground_truth_masks/coronacases_008.nii.gz,PASSED
P_coronacases_008_coronacases_008_z0203,P_coronacases_008,coronacases_008,203,512x512,0.7246,0.7246,1.0,126674,1,602,data/raw/ct_volumes/coronacases_008.nii.gz,data/raw/ground_truth_masks/coronacases_008.nii.gz,PASSED
P_coronacases_008_coronacases_008_z0204,P_coronacases_008,coronacases_008,204,512x512,0.7246,0.7246,1.0,126426,1,636,data/raw/ct_volumes/coronacases_008.nii.gz,data/raw/ground_truth_masks/coronacases_008.nii.gz,PASSED
P_coronacases_008_coronacases_008_z0206,P_coronacases_008,coronacases_008,206,512x512,0.7246,0.7246,1.0,125823,1,545,data/raw/ct_volumes/coronacases_008.nii.gz,data/raw/ground_truth_masks/coronacases_008.nii.gz,PASSED
P_coronacases_008_coronacases_008_z0207,P_coronacases_008,coronacases_008,207,512x512,0.7246,0.7246,1.0,125343,1,656,data/raw/ct_volumes/coronacases_008.nii.gz,data/raw/ground_truth_masks/coronacases_008.nii.gz,PASSED
P_coronacases_008_coronacases_008_z0208,P_coronacases_008,coronacases_008,208,512x512,0.7246,0.7246,1.0,124962,1,805,data/raw/ct_volumes/coronacases_008.nii.gz,data/raw/ground_truth_masks/coronacases_008.nii.gz,PASSED
P_coronacases_008_coronacases_008_z0210,P_coronacases_008,coronacases_008,210,512x512,0.7246,0.7246,1.0,124699,1,737,data/raw/ct_volumes/coronacases_008.nii.gz,data/raw/ground_truth_masks/coronacases_008.nii.gz,PASSED
P_coronacases_008_coronacases_008_z0211,P_coronacases_008,coronacases_008,211,512x512,0.7246,0.7246,1.0,123803,1,685,data/raw/ct_volumes/coronacases_008.nii.gz,data/raw/ground_truth_masks/coronacases_008.nii.gz,PASSED
P_coronacases_008_coronacases_008_z0212,P_coronacases_008,coronacases_008,212,512x512,0.7246,0.7246,1.0,123459,1,908,data/raw/ct_volumes/coronacases_008.nii.gz,data/raw/ground_truth_masks/coronacases_008.nii.gz,PASSED
P_coronacases_008_coronacases_008_z0213,P_coronacases_008,coronacases_008,213,512x512,0.7246,0.7246,1.0,122723,1,974,data/raw/ct_volumes/coronacases_008.nii.gz,data/raw/ground_truth_masks/coronacases_008.nii.gz,PASSED
P_coronacases_008_coronacases_008_z0215,P_coronacases_008,coronacases_008,215,512x512,0.7246,0.7246,1.0,121934,1,1033,data/raw/ct_volumes/coronacases_008.nii.gz,data/raw/ground_truth_masks/coronacases_008.nii.gz,PASSED
P_coronacases_008_coronacases_008_z0216,P_coronacases_008,coronacases_008,216,512x512,0.7246,0.7246,1.0,121547,1,1081,data/raw/ct_volumes/coronacases_008.nii.gz,data/raw/ground_truth_masks/coronacases_008.nii.gz,PASSED
P_coronacases_008_coronacases_008_z0217,P_coronacases_008,coronacases_008,217,512x512,0.7246,0.7246,1.0,120777,1,1104,data/raw/ct_volumes/coronacases_008.nii.gz,data/raw/ground_truth_masks/coronacases_008.nii.gz,PASSED
P_coronacases_008_coronacases_008_z0218,P_coronacases_008,coronacases_008,218,512x512,0.7246,0.7246,1.0,120182,1,1354,data/raw/ct_volumes/coronacases_008.nii.gz,data/raw/ground_truth_masks/coronacases_008.nii.gz,PASSED
P_coronacases_008_coronacases_008_z0220,P_coronacases_008,coronacases_008,220,512x512,0.7246,0.7246,1.0,118859,1,1350,data/raw/ct_volumes/coronacases_008.nii.gz,data/raw/ground_truth_masks/coronacases_008.nii.gz,PASSED
P_coronacases_008_coronacases_008_z0221,P_coronacases_008,coronacases_008,221,512x512,0.7246,0.7246,1.0,118253,1,1336,data/raw/ct_volumes/coronacases_008.nii.gz,data/raw/ground_truth_masks/coronacases_008.nii.gz,PASSED
P_coronacases_008_coronacases_008_z0222,P_coronacases_008,coronacases_008,222,512x512,0.7246,0.7246,1.0,118018,1,1291,data/raw/ct_volumes/coronacases_008.nii.gz,data/raw/ground_truth_masks/coronacases_008.nii.gz,PASSED
P_coronacases_008_coronacases_008_z0223,P_coronacases_008,coronacases_008,223,512x512,0.7246,0.7246,1.0,118525,1,1330,data/raw/ct_volumes/coronacases_008.nii.gz,data/raw/ground_truth_masks/coronacases_008.nii.gz,PASSED
P_coronacases_008_coronacases_008_z0225,P_coronacases_008,coronacases_008,225,512x512,0.7246,0.7246,1.0,117741,1,1067,data/raw/ct_volumes/coronacases_008.nii.gz,data/raw/ground_truth_masks/coronacases_008.nii.gz,PASSED
P_coronacases_008_coronacases_008_z0226,P_coronacases_008,coronacases_008,226,512x512,0.7246,0.7246,1.0,116976,1,1162,data/raw/ct_volumes/coronacases_008.nii.gz,data/raw/ground_truth_masks/coronacases_008.nii.gz,PASSED
P_coronacases_008_coronacases_008_z0227,P_coronacases_008,coronacases_008,227,512x512,0.7246,0.7246,1.0,116816,1,978,data/raw/ct_volumes/coronacases_008.nii.gz,data/raw/ground_truth_masks/coronacases_008.nii.gz,PASSED
P_coronacases_008_coronacases_008_z0228,P_coronacases_008,coronacases_008,228,512x512,0.7246,0.7246,1.0,115844,1,1141,data/raw/ct_volumes/coronacases_008.nii.gz,data/raw/ground_truth_masks/coronacases_008.nii.gz,PASSED
P_coronacases_008_coronacases_008_z0230,P_coronacases_008,coronacases_008,230,512x512,0.7246,0.7246,1.0,114533,1,836,data/raw/ct_volumes/coronacases_008.nii.gz,data/raw/ground_truth_masks/coronacases_008.nii.gz,PASSED
P_coronacases_008_coronacases_008_z0231,P_coronacases_008,coronacases_008,231,512x512,0.7246,0.7246,1.0,113547,1,793,data/raw/ct_volumes/coronacases_008.nii.gz,data/raw/ground_truth_masks/coronacases_008.nii.gz,PASSED
P_coronacases_008_coronacases_008_z0232,P_coronacases_008,coronacases_008,232,512x512,0.7246,0.7246,1.0,112251,1,692,data/raw/ct_volumes/coronacases_008.nii.gz,data/raw/ground_truth_masks/coronacases_008.nii.gz,PASSED
P_coronacases_008_coronacases_008_z0234,P_coronacases_008,coronacases_008,234,512x512,0.7246,0.7246,1.0,110530,1,385,data/raw/ct_volumes/coronacases_008.nii.gz,data/raw/ground_truth_masks/coronacases_008.nii.gz,PASSED
P_coronacases_008_coronacases_008_z0235,P_coronacases_008,coronacases_008,235,512x512,0.7246,0.7246,1.0,109634,1,208,data/raw/ct_volumes/coronacases_008.nii.gz,data/raw/ground_truth_masks/coronacases_008.nii.gz,PASSED
P_coronacases_008_coronacases_008_z0236,P_coronacases_008,coronacases_008,236,512x512,0.7246,0.7246,1.0,108804,1,262,data/raw/ct_volumes/coronacases_008.nii.gz,data/raw/ground_truth_masks/coronacases_008.nii.gz,PASSED
P_coronacases_008_coronacases_008_z0237,P_coronacases_008,coronacases_008,237,512x512,0.7246,0.7246,1.0,107886,1,205,data/raw/ct_volumes/coronacases_008.nii.gz,data/raw/ground_truth_masks/coronacases_008.nii.gz,PASSED
P_coronacases_008_coronacases_008_z0239,P_coronacases_008,coronacases_008,239,512x512,0.7246,0.7246,1.0,106283,1,139,data/raw/ct_volumes/coronacases_008.nii.gz,data/raw/ground_truth_masks/coronacases_008.nii.gz,PASSED
P_coronacases_008_coronacases_008_z0240,P_coronacases_008,coronacases_008,240,512x512,0.7246,0.7246,1.0,105886,1,217,data/raw/ct_volumes/coronacases_008.nii.gz,data/raw/ground_truth_masks/coronacases_008.nii.gz,PASSED
P_coronacases_008_coronacases_008_z0241,P_coronacases_008,coronacases_008,241,512x512,0.7246,0.7246,1.0,105095,1,208,data/raw/ct_volumes/coronacases_008.nii.gz,data/raw/ground_truth_masks/coronacases_008.nii.gz,PASSED
P_coronacases_008_coronacases_008_z0242,P_coronacases_008,coronacases_008,242,512x512,0.7246,0.7246,1.0,104277,1,267,data/raw/ct_volumes/coronacases_008.nii.gz,data/raw/ground_truth_masks/coronacases_008.nii.gz,PASSED
P_coronacases_008_coronacases_008_z0244,P_coronacases_008,coronacases_008,244,512x512,0.7246,0.7246,1.0,103299,1,370,data/raw/ct_volumes/coronacases_008.nii.gz,data/raw/ground_truth_masks/coronacases_008.nii.gz,PASSED
P_coronacases_008_coronacases_008_z0245,P_coronacases_008,coronacases_008,245,512x512,0.7246,0.7246,1.0,102311,1,349,data/raw/ct_volumes/coronacases_008.nii.gz,data/raw/ground_truth_masks/coronacases_008.nii.gz,PASSED
P_coronacases_008_coronacases_008_z0246,P_coronacases_008,coronacases_008,246,512x512,0.7246,0.7246,1.0,101734,1,438,data/raw/ct_volumes/coronacases_008.nii.gz,data/raw/ground_truth_masks/coronacases_008.nii.gz,PASSED
P_coronacases_008_coronacases_008_z0247,P_coronacases_008,coronacases_008,247,512x512,0.7246,0.7246,1.0,101379,1,347,data/raw/ct_volumes/coronacases_008.nii.gz,data/raw/ground_truth_masks/coronacases_008.nii.gz,PASSED
P_coronacases_008_coronacases_008_z0249,P_coronacases_008,coronacases_008,249,512x512,0.7246,0.7246,1.0,100922,1,216,data/raw/ct_volumes/coronacases_008.nii.gz,data/raw/ground_truth_masks/coronacases_008.nii.gz,PASSED
P_coronacases_008_coronacases_008_z0250,P_coronacases_008,coronacases_008,250,512x512,0.7246,0.7246,1.0,100343,1,175,data/raw/ct_volumes/coronacases_008.nii.gz,data/raw/ground_truth_masks/coronacases_008.nii.gz,PASSED
P_coronacases_008_coronacases_008_z0251,P_coronacases_008,coronacases_008,251,512x512,0.7246,0.7246,1.0,100093,1,177,data/raw/ct_volumes/coronacases_008.nii.gz,data/raw/ground_truth_masks/coronacases_008.nii.gz,PASSED
P_coronacases_008_coronacases_008_z0253,P_coronacases_008,coronacases_008,253,512x512,0.7246,0.7246,1.0,99234,1,100,data/raw/ct_volumes/coronacases_008.nii.gz,data/raw/ground_truth_masks/coronacases_008.nii.gz,PASSED
P_coronacases_008_coronacases_008_z0254,P_coronacases_008,coronacases_008,254,512x512,0.7246,0.7246,1.0,99056,1,65,data/raw/ct_volumes/coronacases_008.nii.gz,data/raw/ground_truth_masks/coronacases_008.nii.gz,PASSED
P_coronacases_008_coronacases_008_z0258,P_coronacases_008,coronacases_008,258,512x512,0.7246,0.7246,1.0,97906,0,0,data/raw/ct_volumes/coronacases_008.nii.gz,data/raw/ground_truth_masks/coronacases_008.nii.gz,PASSED
P_coronacases_008_coronacases_008_z0260,P_coronacases_008,coronacases_008,260,512x512,0.7246,0.7246,1.0,98036,1,197,data/raw/ct_volumes/coronacases_008.nii.gz,data/raw/ground_truth_masks/coronacases_008.nii.gz,PASSED
P_coronacases_008_coronacases_008_z0261,P_coronacases_008,coronacases_008,261,512x512,0.7246,0.7246,1.0,98186,1,193,data/raw/ct_volumes/coronacases_008.nii.gz,data/raw/ground_truth_masks/coronacases_008.nii.gz,PASSED
P_coronacases_008_coronacases_008_z0263,P_coronacases_008,coronacases_008,263,512x512,0.7246,0.7246,1.0,97973,1,281,data/raw/ct_volumes/coronacases_008.nii.gz,data/raw/ground_truth_masks/coronacases_008.nii.gz,PASSED
P_coronacases_008_coronacases_008_z0264,P_coronacases_008,coronacases_008,264,512x512,0.7246,0.7246,1.0,98488,1,273,data/raw/ct_volumes/coronacases_008.nii.gz,data/raw/ground_truth_masks/coronacases_008.nii.gz,PASSED
P_coronacases_008_coronacases_008_z0265,P_coronacases_008,coronacases_008,265,512x512,0.7246,0.7246,1.0,98883,1,216,data/raw/ct_volumes/coronacases_008.nii.gz,data/raw/ground_truth_masks/coronacases_008.nii.gz,PASSED
P_coronacases_008_coronacases_008_z0266,P_coronacases_008,coronacases_008,266,512x512,0.7246,0.7246,1.0,99440,1,158,data/raw/ct_volumes/coronacases_008.nii.gz,data/raw/ground_truth_masks/coronacases_008.nii.gz,PASSED
P_coronacases_008_coronacases_008_z0268,P_coronacases_008,coronacases_008,268,512x512,0.7246,0.7246,1.0,101256,1,192,data/raw/ct_volumes/coronacases_008.nii.gz,data/raw/ground_truth_masks/coronacases_008.nii.gz,PASSED
P_coronacases_008_coronacases_008_z0272,P_coronacases_008,coronacases_008,272,512x512,0.7246,0.7246,1.0,105068,0,0,data/raw/ct_volumes/coronacases_008.nii.gz,data/raw/ground_truth_masks/coronacases_008.nii.gz,PASSED
P_coronacases_008_coronacases_008_z0277,P_coronacases_008,coronacases_008,277,512x512,0.7246,0.7246,1.0,109635,0,0,data/raw/ct_volumes/coronacases_008.nii.gz,data/raw/ground_truth_masks/coronacases_008.nii.gz,PASSED
P_coronacases_008_coronacases_008_z0283,P_coronacases_008,coronacases_008,283,512x512,0.7246,0.7246,1.0,113519,0,0,data/raw/ct_volumes/coronacases_008.nii.gz,data/raw/ground_truth_masks/coronacases_008.nii.gz,PASSED
P_coronacases_008_coronacases_008_z0288,P_coronacases_008,coronacases_008,288,512x512,0.7246,0.7246,1.0,114970,0,0,data/raw/ct_volumes/coronacases_008.nii.gz,data/raw/ground_truth_masks/coronacases_008.nii.gz,PASSED
P_coronacases_008_coronacases_008_z0293,P_coronacases_008,coronacases_008,293,512x512,0.7246,0.7246,1.0,117368,0,0,data/raw/ct_volumes/coronacases_008.nii.gz,data/raw/ground_truth_masks/coronacases_008.nii.gz,PASSED
P_coronacases_008_coronacases_008_z0298,P_coronacases_008,coronacases_008,298,512x512,0.7246,0.7246,1.0,121587,0,0,data/raw/ct_volumes/coronacases_008.nii.gz,data/raw/ground_truth_masks/coronacases_008.nii.gz,PASSED
P_coronacases_009_coronacases_009_z0002,P_coronacases_009,coronacases_009,2,512x512,0.6836,0.6836,1.0,97482,0,0,data/raw/ct_volumes/coronacases_009.nii.gz,data/raw/ground_truth_masks/coronacases_009.nii.gz,PASSED
P_coronacases_009_coronacases_009_z0007,P_coronacases_009,coronacases_009,7,512x512,0.6836,0.6836,1.0,98247,0,0,data/raw/ct_volumes/coronacases_009.nii.gz,data/raw/ground_truth_masks/coronacases_009.nii.gz,PASSED
P_coronacases_009_coronacases_009_z0012,P_coronacases_009,coronacases_009,12,512x512,0.6836,0.6836,1.0,98547,0,0,data/raw/ct_volumes/coronacases_009.nii.gz,data/raw/ground_truth_masks/coronacases_009.nii.gz,PASSED
P_coronacases_009_coronacases_009_z0017,P_coronacases_009,coronacases_009,17,512x512,0.6836,0.6836,1.0,99504,0,0,data/raw/ct_volumes/coronacases_009.nii.gz,data/raw/ground_truth_masks/coronacases_009.nii.gz,PASSED
P_coronacases_009_coronacases_009_z0022,P_coronacases_009,coronacases_009,22,512x512,0.6836,0.6836,1.0,100554,0,0,data/raw/ct_volumes/coronacases_009.nii.gz,data/raw/ground_truth_masks/coronacases_009.nii.gz,PASSED
P_coronacases_009_coronacases_009_z0027,P_coronacases_009,coronacases_009,27,512x512,0.6836,0.6836,1.0,102233,0,0,data/raw/ct_volumes/coronacases_009.nii.gz,data/raw/ground_truth_masks/coronacases_009.nii.gz,PASSED
P_coronacases_009_coronacases_009_z0032,P_coronacases_009,coronacases_009,32,512x512,0.6836,0.6836,1.0,104423,0,0,data/raw/ct_volumes/coronacases_009.nii.gz,data/raw/ground_truth_masks/coronacases_009.nii.gz,PASSED
P_coronacases_009_coronacases_009_z0037,P_coronacases_009,coronacases_009,37,512x512,0.6836,0.6836,1.0,106161,0,0,data/raw/ct_volumes/coronacases_009.nii.gz,data/raw/ground_truth_masks/coronacases_009.nii.gz,PASSED
P_coronacases_009_coronacases_009_z0042,P_coronacases_009,coronacases_009,42,512x512,0.6836,0.6836,1.0,108844,0,0,data/raw/ct_volumes/coronacases_009.nii.gz,data/raw/ground_truth_masks/coronacases_009.nii.gz,PASSED
P_coronacases_009_coronacases_009_z0047,P_coronacases_009,coronacases_009,47,512x512,0.6836,0.6836,1.0,109889,0,0,data/raw/ct_volumes/coronacases_009.nii.gz,data/raw/ground_truth_masks/coronacases_009.nii.gz,PASSED
P_coronacases_009_coronacases_009_z0052,P_coronacases_009,coronacases_009,52,512x512,0.6836,0.6836,1.0,112575,0,0,data/raw/ct_volumes/coronacases_009.nii.gz,data/raw/ground_truth_masks/coronacases_009.nii.gz,PASSED
P_coronacases_009_coronacases_009_z0057,P_coronacases_009,coronacases_009,57,512x512,0.6836,0.6836,1.0,115127,0,0,data/raw/ct_volumes/coronacases_009.nii.gz,data/raw/ground_truth_masks/coronacases_009.nii.gz,PASSED
P_coronacases_009_coronacases_009_z0063,P_coronacases_009,coronacases_009,63,512x512,0.6836,0.6836,1.0,117350,0,0,data/raw/ct_volumes/coronacases_009.nii.gz,data/raw/ground_truth_masks/coronacases_009.nii.gz,PASSED
P_coronacases_009_coronacases_009_z0068,P_coronacases_009,coronacases_009,68,512x512,0.6836,0.6836,1.0,119201,0,0,data/raw/ct_volumes/coronacases_009.nii.gz,data/raw/ground_truth_masks/coronacases_009.nii.gz,PASSED
P_coronacases_009_coronacases_009_z0073,P_coronacases_009,coronacases_009,73,512x512,0.6836,0.6836,1.0,120297,0,0,data/raw/ct_volumes/coronacases_009.nii.gz,data/raw/ground_truth_masks/coronacases_009.nii.gz,PASSED
P_coronacases_009_coronacases_009_z0078,P_coronacases_009,coronacases_009,78,512x512,0.6836,0.6836,1.0,122484,0,0,data/raw/ct_volumes/coronacases_009.nii.gz,data/raw/ground_truth_masks/coronacases_009.nii.gz,PASSED
P_coronacases_009_coronacases_009_z0083,P_coronacases_009,coronacases_009,83,512x512,0.6836,0.6836,1.0,123415,0,0,data/raw/ct_volumes/coronacases_009.nii.gz,data/raw/ground_truth_masks/coronacases_009.nii.gz,PASSED
P_coronacases_009_coronacases_009_z0084,P_coronacases_009,coronacases_009,84,512x512,0.6836,0.6836,1.0,123586,1,133,data/raw/ct_volumes/coronacases_009.nii.gz,data/raw/ground_truth_masks/coronacases_009.nii.gz,PASSED
P_coronacases_009_coronacases_009_z0085,P_coronacases_009,coronacases_009,85,512x512,0.6836,0.6836,1.0,123534,1,130,data/raw/ct_volumes/coronacases_009.nii.gz,data/raw/ground_truth_masks/coronacases_009.nii.gz,PASSED
P_coronacases_009_coronacases_009_z0086,P_coronacases_009,coronacases_009,86,512x512,0.6836,0.6836,1.0,123785,1,410,data/raw/ct_volumes/coronacases_009.nii.gz,data/raw/ground_truth_masks/coronacases_009.nii.gz,PASSED
P_coronacases_009_coronacases_009_z0088,P_coronacases_009,coronacases_009,88,512x512,0.6836,0.6836,1.0,124590,1,617,data/raw/ct_volumes/coronacases_009.nii.gz,data/raw/ground_truth_masks/coronacases_009.nii.gz,PASSED
P_coronacases_009_coronacases_009_z0089,P_coronacases_009,coronacases_009,89,512x512,0.6836,0.6836,1.0,125078,1,534,data/raw/ct_volumes/coronacases_009.nii.gz,data/raw/ground_truth_masks/coronacases_009.nii.gz,PASSED
P_coronacases_009_coronacases_009_z0090,P_coronacases_009,coronacases_009,90,512x512,0.6836,0.6836,1.0,125989,1,831,data/raw/ct_volumes/coronacases_009.nii.gz,data/raw/ground_truth_masks/coronacases_009.nii.gz,PASSED
P_coronacases_009_coronacases_009_z0091,P_coronacases_009,coronacases_009,91,512x512,0.6836,0.6836,1.0,126089,1,920,data/raw/ct_volumes/coronacases_009.nii.gz,data/raw/ground_truth_masks/coronacases_009.nii.gz,PASSED
P_coronacases_009_coronacases_009_z0093,P_coronacases_009,coronacases_009,93,512x512,0.6836,0.6836,1.0,125999,1,750,data/raw/ct_volumes/coronacases_009.nii.gz,data/raw/ground_truth_masks/coronacases_009.nii.gz,PASSED
P_coronacases_009_coronacases_009_z0094,P_coronacases_009,coronacases_009,94,512x512,0.6836,0.6836,1.0,126151,1,1082,data/raw/ct_volumes/coronacases_009.nii.gz,data/raw/ground_truth_masks/coronacases_009.nii.gz,PASSED
P_coronacases_009_coronacases_009_z0095,P_coronacases_009,coronacases_009,95,512x512,0.6836,0.6836,1.0,126030,1,1071,data/raw/ct_volumes/coronacases_009.nii.gz,data/raw/ground_truth_masks/coronacases_009.nii.gz,PASSED
P_coronacases_009_coronacases_009_z0097,P_coronacases_009,coronacases_009,97,512x512,0.6836,0.6836,1.0,125990,1,1226,data/raw/ct_volumes/coronacases_009.nii.gz,data/raw/ground_truth_masks/coronacases_009.nii.gz,PASSED
P_coronacases_009_coronacases_009_z0098,P_coronacases_009,coronacases_009,98,512x512,0.6836,0.6836,1.0,126168,1,1428,data/raw/ct_volumes/coronacases_009.nii.gz,data/raw/ground_truth_masks/coronacases_009.nii.gz,PASSED
P_coronacases_009_coronacases_009_z0099,P_coronacases_009,coronacases_009,99,512x512,0.6836,0.6836,1.0,125954,1,1297,data/raw/ct_volumes/coronacases_009.nii.gz,data/raw/ground_truth_masks/coronacases_009.nii.gz,PASSED
P_coronacases_009_coronacases_009_z0100,P_coronacases_009,coronacases_009,100,512x512,0.6836,0.6836,1.0,125658,1,1682,data/raw/ct_volumes/coronacases_009.nii.gz,data/raw/ground_truth_masks/coronacases_009.nii.gz,PASSED
P_coronacases_009_coronacases_009_z0102,P_coronacases_009,coronacases_009,102,512x512,0.6836,0.6836,1.0,125368,1,1427,data/raw/ct_volumes/coronacases_009.nii.gz,data/raw/ground_truth_masks/coronacases_009.nii.gz,PASSED
P_coronacases_009_coronacases_009_z0103,P_coronacases_009,coronacases_009,103,512x512,0.6836,0.6836,1.0,125420,1,1345,data/raw/ct_volumes/coronacases_009.nii.gz,data/raw/ground_truth_masks/coronacases_009.nii.gz,PASSED
P_coronacases_009_coronacases_009_z0104,P_coronacases_009,coronacases_009,104,512x512,0.6836,0.6836,1.0,125307,1,1424,data/raw/ct_volumes/coronacases_009.nii.gz,data/raw/ground_truth_masks/coronacases_009.nii.gz,PASSED
P_coronacases_009_coronacases_009_z0105,P_coronacases_009,coronacases_009,105,512x512,0.6836,0.6836,1.0,125113,1,1589,data/raw/ct_volumes/coronacases_009.nii.gz,data/raw/ground_truth_masks/coronacases_009.nii.gz,PASSED
P_coronacases_009_coronacases_009_z0107,P_coronacases_009,coronacases_009,107,512x512,0.6836,0.6836,1.0,125281,1,1805,data/raw/ct_volumes/coronacases_009.nii.gz,data/raw/ground_truth_masks/coronacases_009.nii.gz,PASSED
P_coronacases_009_coronacases_009_z0108,P_coronacases_009,coronacases_009,108,512x512,0.6836,0.6836,1.0,125930,1,1867,data/raw/ct_volumes/coronacases_009.nii.gz,data/raw/ground_truth_masks/coronacases_009.nii.gz,PASSED
P_coronacases_009_coronacases_009_z0109,P_coronacases_009,coronacases_009,109,512x512,0.6836,0.6836,1.0,126097,1,2191,data/raw/ct_volumes/coronacases_009.nii.gz,data/raw/ground_truth_masks/coronacases_009.nii.gz,PASSED
P_coronacases_009_coronacases_009_z0110,P_coronacases_009,coronacases_009,110,512x512,0.6836,0.6836,1.0,126019,1,2119,data/raw/ct_volumes/coronacases_009.nii.gz,data/raw/ground_truth_masks/coronacases_009.nii.gz,PASSED
P_coronacases_009_coronacases_009_z0112,P_coronacases_009,coronacases_009,112,512x512,0.6836,0.6836,1.0,126180,1,3133,data/raw/ct_volumes/coronacases_009.nii.gz,data/raw/ground_truth_masks/coronacases_009.nii.gz,PASSED
P_coronacases_009_coronacases_009_z0113,P_coronacases_009,coronacases_009,113,512x512,0.6836,0.6836,1.0,126621,1,3211,data/raw/ct_volumes/coronacases_009.nii.gz,data/raw/ground_truth_masks/coronacases_009.nii.gz,PASSED
P_coronacases_009_coronacases_009_z0114,P_coronacases_009,coronacases_009,114,512x512,0.6836,0.6836,1.0,127108,1,3730,data/raw/ct_volumes/coronacases_009.nii.gz,data/raw/ground_truth_masks/coronacases_009.nii.gz,PASSED
P_coronacases_009_coronacases_009_z0115,P_coronacases_009,coronacases_009,115,512x512,0.6836,0.6836,1.0,126571,1,4000,data/raw/ct_volumes/coronacases_009.nii.gz,data/raw/ground_truth_masks/coronacases_009.nii.gz,PASSED
P_coronacases_009_coronacases_009_z0117,P_coronacases_009,coronacases_009,117,512x512,0.6836,0.6836,1.0,126701,1,4318,data/raw/ct_volumes/coronacases_009.nii.gz,data/raw/ground_truth_masks/coronacases_009.nii.gz,PASSED
P_coronacases_009_coronacases_009_z0118,P_coronacases_009,coronacases_009,118,512x512,0.6836,0.6836,1.0,126942,1,4440,data/raw/ct_volumes/coronacases_009.nii.gz,data/raw/ground_truth_masks/coronacases_009.nii.gz,PASSED
P_coronacases_009_coronacases_009_z0119,P_coronacases_009,coronacases_009,119,512x512,0.6836,0.6836,1.0,127301,1,5125,data/raw/ct_volumes/coronacases_009.nii.gz,data/raw/ground_truth_masks/coronacases_009.nii.gz,PASSED
P_coronacases_009_coronacases_009_z0121,P_coronacases_009,coronacases_009,121,512x512,0.6836,0.6836,1.0,126866,1,4871,data/raw/ct_volumes/coronacases_009.nii.gz,data/raw/ground_truth_masks/coronacases_009.nii.gz,PASSED
P_coronacases_009_coronacases_009_z0122,P_coronacases_009,coronacases_009,122,512x512,0.6836,0.6836,1.0,126803,1,4873,data/raw/ct_volumes/coronacases_009.nii.gz,data/raw/ground_truth_masks/coronacases_009.nii.gz,PASSED
P_coronacases_009_coronacases_009_z0123,P_coronacases_009,coronacases_009,123,512x512,0.6836,0.6836,1.0,126713,1,5378,data/raw/ct_volumes/coronacases_009.nii.gz,data/raw/ground_truth_masks/coronacases_009.nii.gz,PASSED
P_coronacases_009_coronacases_009_z0124,P_coronacases_009,coronacases_009,124,512x512,0.6836,0.6836,1.0,126756,1,4841,data/raw/ct_volumes/coronacases_009.nii.gz,data/raw/ground_truth_masks/coronacases_009.nii.gz,PASSED
P_coronacases_009_coronacases_009_z0126,P_coronacases_009,coronacases_009,126,512x512,0.6836,0.6836,1.0,126733,1,5075,data/raw/ct_volumes/coronacases_009.nii.gz,data/raw/ground_truth_masks/coronacases_009.nii.gz,PASSED
P_coronacases_009_coronacases_009_z0127,P_coronacases_009,coronacases_009,127,512x512,0.6836,0.6836,1.0,126555,1,4456,data/raw/ct_volumes/coronacases_009.nii.gz,data/raw/ground_truth_masks/coronacases_009.nii.gz,PASSED
P_coronacases_009_coronacases_009_z0128,P_coronacases_009,coronacases_009,128,512x512,0.6836,0.6836,1.0,126610,1,4401,data/raw/ct_volumes/coronacases_009.nii.gz,data/raw/ground_truth_masks/coronacases_009.nii.gz,PASSED
P_coronacases_009_coronacases_009_z0129,P_coronacases_009,coronacases_009,129,512x512,0.6836,0.6836,1.0,126630,1,4244,data/raw/ct_volumes/coronacases_009.nii.gz,data/raw/ground_truth_masks/coronacases_009.nii.gz,PASSED
P_coronacases_009_coronacases_009_z0131,P_coronacases_009,coronacases_009,131,512x512,0.6836,0.6836,1.0,126509,1,3672,data/raw/ct_volumes/coronacases_009.nii.gz,data/raw/ground_truth_masks/coronacases_009.nii.gz,PASSED
P_coronacases_009_coronacases_009_z0132,P_coronacases_009,coronacases_009,132,512x512,0.6836,0.6836,1.0,126362,1,3522,data/raw/ct_volumes/coronacases_009.nii.gz,data/raw/ground_truth_masks/coronacases_009.nii.gz,PASSED
P_coronacases_009_coronacases_009_z0133,P_coronacases_009,coronacases_009,133,512x512,0.6836,0.6836,1.0,126052,1,2964,data/raw/ct_volumes/coronacases_009.nii.gz,data/raw/ground_truth_masks/coronacases_009.nii.gz,PASSED
P_coronacases_009_coronacases_009_z0134,P_coronacases_009,coronacases_009,134,512x512,0.6836,0.6836,1.0,126148,1,2877,data/raw/ct_volumes/coronacases_009.nii.gz,data/raw/ground_truth_masks/coronacases_009.nii.gz,PASSED
P_coronacases_009_coronacases_009_z0136,P_coronacases_009,coronacases_009,136,512x512,0.6836,0.6836,1.0,126236,1,2650,data/raw/ct_volumes/coronacases_009.nii.gz,data/raw/ground_truth_masks/coronacases_009.nii.gz,PASSED
P_coronacases_009_coronacases_009_z0137,P_coronacases_009,coronacases_009,137,512x512,0.6836,0.6836,1.0,126229,1,2471,data/raw/ct_volumes/coronacases_009.nii.gz,data/raw/ground_truth_masks/coronacases_009.nii.gz,PASSED
P_coronacases_009_coronacases_009_z0138,P_coronacases_009,coronacases_009,138,512x512,0.6836,0.6836,1.0,126355,1,2270,data/raw/ct_volumes/coronacases_009.nii.gz,data/raw/ground_truth_masks/coronacases_009.nii.gz,PASSED
P_coronacases_009_coronacases_009_z0140,P_coronacases_009,coronacases_009,140,512x512,0.6836,0.6836,1.0,126308,1,1948,data/raw/ct_volumes/coronacases_009.nii.gz,data/raw/ground_truth_masks/coronacases_009.nii.gz,PASSED
P_coronacases_009_coronacases_009_z0141,P_coronacases_009,coronacases_009,141,512x512,0.6836,0.6836,1.0,125932,1,1906,data/raw/ct_volumes/coronacases_009.nii.gz,data/raw/ground_truth_masks/coronacases_009.nii.gz,PASSED
P_coronacases_009_coronacases_009_z0142,P_coronacases_009,coronacases_009,142,512x512,0.6836,0.6836,1.0,125924,1,1604,data/raw/ct_volumes/coronacases_009.nii.gz,data/raw/ground_truth_masks/coronacases_009.nii.gz,PASSED
P_coronacases_009_coronacases_009_z0143,P_coronacases_009,coronacases_009,143,512x512,0.6836,0.6836,1.0,125743,1,1491,data/raw/ct_volumes/coronacases_009.nii.gz,data/raw/ground_truth_masks/coronacases_009.nii.gz,PASSED
P_coronacases_009_coronacases_009_z0145,P_coronacases_009,coronacases_009,145,512x512,0.6836,0.6836,1.0,125561,1,1310,data/raw/ct_volumes/coronacases_009.nii.gz,data/raw/ground_truth_masks/coronacases_009.nii.gz,PASSED
P_coronacases_009_coronacases_009_z0146,P_coronacases_009,coronacases_009,146,512x512,0.6836,0.6836,1.0,125033,1,1282,data/raw/ct_volumes/coronacases_009.nii.gz,data/raw/ground_truth_masks/coronacases_009.nii.gz,PASSED
P_coronacases_009_coronacases_009_z0147,P_coronacases_009,coronacases_009,147,512x512,0.6836,0.6836,1.0,124374,1,1112,data/raw/ct_volumes/coronacases_009.nii.gz,data/raw/ground_truth_masks/coronacases_009.nii.gz,PASSED
P_coronacases_009_coronacases_009_z0148,P_coronacases_009,coronacases_009,148,512x512,0.6836,0.6836,1.0,124212,1,884,data/raw/ct_volumes/coronacases_009.nii.gz,data/raw/ground_truth_masks/coronacases_009.nii.gz,PASSED
P_coronacases_009_coronacases_009_z0150,P_coronacases_009,coronacases_009,150,512x512,0.6836,0.6836,1.0,124400,1,831,data/raw/ct_volumes/coronacases_009.nii.gz,data/raw/ground_truth_masks/coronacases_009.nii.gz,PASSED
P_coronacases_009_coronacases_009_z0151,P_coronacases_009,coronacases_009,151,512x512,0.6836,0.6836,1.0,124064,1,908,data/raw/ct_volumes/coronacases_009.nii.gz,data/raw/ground_truth_masks/coronacases_009.nii.gz,PASSED
P_coronacases_009_coronacases_009_z0152,P_coronacases_009,coronacases_009,152,512x512,0.6836,0.6836,1.0,123905,1,775,data/raw/ct_volumes/coronacases_009.nii.gz,data/raw/ground_truth_masks/coronacases_009.nii.gz,PASSED
P_coronacases_009_coronacases_009_z0155,P_coronacases_009,coronacases_009,155,512x512,0.6836,0.6836,1.0,124116,1,185,data/raw/ct_volumes/coronacases_009.nii.gz,data/raw/ground_truth_masks/coronacases_009.nii.gz,PASSED
P_coronacases_009_coronacases_009_z0157,P_coronacases_009,coronacases_009,157,512x512,0.6836,0.6836,1.0,123415,1,413,data/raw/ct_volumes/coronacases_009.nii.gz,data/raw/ground_truth_masks/coronacases_009.nii.gz,PASSED
P_coronacases_009_coronacases_009_z0158,P_coronacases_009,coronacases_009,158,512x512,0.6836,0.6836,1.0,123506,1,699,data/raw/ct_volumes/coronacases_009.nii.gz,data/raw/ground_truth_masks/coronacases_009.nii.gz,PASSED
P_coronacases_009_coronacases_009_z0159,P_coronacases_009,coronacases_009,159,512x512,0.6836,0.6836,1.0,123398,1,696,data/raw/ct_volumes/coronacases_009.nii.gz,data/raw/ground_truth_masks/coronacases_009.nii.gz,PASSED
P_coronacases_009_coronacases_009_z0160,P_coronacases_009,coronacases_009,160,512x512,0.6836,0.6836,1.0,123428,1,1085,data/raw/ct_volumes/coronacases_009.nii.gz,data/raw/ground_truth_masks/coronacases_009.nii.gz,PASSED
P_coronacases_009_coronacases_009_z0162,P_coronacases_009,coronacases_009,162,512x512,0.6836,0.6836,1.0,123226,1,930,data/raw/ct_volumes/coronacases_009.nii.gz,data/raw/ground_truth_masks/coronacases_009.nii.gz,PASSED
P_coronacases_009_coronacases_009_z0163,P_coronacases_009,coronacases_009,163,512x512,0.6836,0.6836,1.0,122923,1,1454,data/raw/ct_volumes/coronacases_009.nii.gz,data/raw/ground_truth_masks/coronacases_009.nii.gz,PASSED
P_coronacases_009_coronacases_009_z0164,P_coronacases_009,coronacases_009,164,512x512,0.6836,0.6836,1.0,123174,1,1413,data/raw/ct_volumes/coronacases_009.nii.gz,data/raw/ground_truth_masks/coronacases_009.nii.gz,PASSED
P_coronacases_009_coronacases_009_z0166,P_coronacases_009,coronacases_009,166,512x512,0.6836,0.6836,1.0,122073,1,1158,data/raw/ct_volumes/coronacases_009.nii.gz,data/raw/ground_truth_masks/coronacases_009.nii.gz,PASSED
P_coronacases_009_coronacases_009_z0167,P_coronacases_009,coronacases_009,167,512x512,0.6836,0.6836,1.0,121728,1,980,data/raw/ct_volumes/coronacases_009.nii.gz,data/raw/ground_truth_masks/coronacases_009.nii.gz,PASSED
P_coronacases_009_coronacases_009_z0168,P_coronacases_009,coronacases_009,168,512x512,0.6836,0.6836,1.0,121801,1,788,data/raw/ct_volumes/coronacases_009.nii.gz,data/raw/ground_truth_masks/coronacases_009.nii.gz,PASSED
P_coronacases_009_coronacases_009_z0169,P_coronacases_009,coronacases_009,169,512x512,0.6836,0.6836,1.0,121906,1,906,data/raw/ct_volumes/coronacases_009.nii.gz,data/raw/ground_truth_masks/coronacases_009.nii.gz,PASSED
P_coronacases_009_coronacases_009_z0171,P_coronacases_009,coronacases_009,171,512x512,0.6836,0.6836,1.0,121024,1,642,data/raw/ct_volumes/coronacases_009.nii.gz,data/raw/ground_truth_masks/coronacases_009.nii.gz,PASSED
P_coronacases_009_coronacases_009_z0172,P_coronacases_009,coronacases_009,172,512x512,0.6836,0.6836,1.0,120360,1,1354,data/raw/ct_volumes/coronacases_009.nii.gz,data/raw/ground_truth_masks/coronacases_009.nii.gz,PASSED
P_coronacases_009_coronacases_009_z0173,P_coronacases_009,coronacases_009,173,512x512,0.6836,0.6836,1.0,120176,1,1414,data/raw/ct_volumes/coronacases_009.nii.gz,data/raw/ground_truth_masks/coronacases_009.nii.gz,PASSED
P_coronacases_009_coronacases_009_z0174,P_coronacases_009,coronacases_009,174,512x512,0.6836,0.6836,1.0,120622,1,1836,data/raw/ct_volumes/coronacases_009.nii.gz,data/raw/ground_truth_masks/coronacases_009.nii.gz,PASSED
P_coronacases_009_coronacases_009_z0176,P_coronacases_009,coronacases_009,176,512x512,0.6836,0.6836,1.0,119929,1,2080,data/raw/ct_volumes/coronacases_009.nii.gz,data/raw/ground_truth_masks/coronacases_009.nii.gz,PASSED
P_coronacases_009_coronacases_009_z0177,P_coronacases_009,coronacases_009,177,512x512,0.6836,0.6836,1.0,119943,1,2671,data/raw/ct_volumes/coronacases_009.nii.gz,data/raw/ground_truth_masks/coronacases_009.nii.gz,PASSED
P_coronacases_009_coronacases_009_z0178,P_coronacases_009,coronacases_009,178,512x512,0.6836,0.6836,1.0,119892,1,2434,data/raw/ct_volumes/coronacases_009.nii.gz,data/raw/ground_truth_masks/coronacases_009.nii.gz,PASSED
P_coronacases_009_coronacases_009_z0179,P_coronacases_009,coronacases_009,179,512x512,0.6836,0.6836,1.0,120250,1,2425,data/raw/ct_volumes/coronacases_009.nii.gz,data/raw/ground_truth_masks/coronacases_009.nii.gz,PASSED
P_coronacases_009_coronacases_009_z0181,P_coronacases_009,coronacases_009,181,512x512,0.6836,0.6836,1.0,120155,1,3037,data/raw/ct_volumes/coronacases_009.nii.gz,data/raw/ground_truth_masks/coronacases_009.nii.gz,PASSED
P_coronacases_009_coronacases_009_z0182,P_coronacases_009,coronacases_009,182,512x512,0.6836,0.6836,1.0,120168,1,2784,data/raw/ct_volumes/coronacases_009.nii.gz,data/raw/ground_truth_masks/coronacases_009.nii.gz,PASSED
P_coronacases_009_coronacases_009_z0183,P_coronacases_009,coronacases_009,183,512x512,0.6836,0.6836,1.0,119838,1,2295,data/raw/ct_volumes/coronacases_009.nii.gz,data/raw/ground_truth_masks/coronacases_009.nii.gz,PASSED
P_coronacases_009_coronacases_009_z0185,P_coronacases_009,coronacases_009,185,512x512,0.6836,0.6836,1.0,120036,1,3005,data/raw/ct_volumes/coronacases_009.nii.gz,data/raw/ground_truth_masks/coronacases_009.nii.gz,PASSED
P_coronacases_009_coronacases_009_z0186,P_coronacases_009,coronacases_009,186,512x512,0.6836,0.6836,1.0,119647,1,2970,data/raw/ct_volumes/coronacases_009.nii.gz,data/raw/ground_truth_masks/coronacases_009.nii.gz,PASSED
P_coronacases_009_coronacases_009_z0187,P_coronacases_009,coronacases_009,187,512x512,0.6836,0.6836,1.0,119172,1,2916,data/raw/ct_volumes/coronacases_009.nii.gz,data/raw/ground_truth_masks/coronacases_009.nii.gz,PASSED
P_coronacases_009_coronacases_009_z0188,P_coronacases_009,coronacases_009,188,512x512,0.6836,0.6836,1.0,118583,1,2329,data/raw/ct_volumes/coronacases_009.nii.gz,data/raw/ground_truth_masks/coronacases_009.nii.gz,PASSED
P_coronacases_009_coronacases_009_z0190,P_coronacases_009,coronacases_009,190,512x512,0.6836,0.6836,1.0,117598,1,1861,data/raw/ct_volumes/coronacases_009.nii.gz,data/raw/ground_truth_masks/coronacases_009.nii.gz,PASSED
P_coronacases_009_coronacases_009_z0191,P_coronacases_009,coronacases_009,191,512x512,0.6836,0.6836,1.0,116636,1,1377,data/raw/ct_volumes/coronacases_009.nii.gz,data/raw/ground_truth_masks/coronacases_009.nii.gz,PASSED
P_coronacases_009_coronacases_009_z0192,P_coronacases_009,coronacases_009,192,512x512,0.6836,0.6836,1.0,115812,1,1264,data/raw/ct_volumes/coronacases_009.nii.gz,data/raw/ground_truth_masks/coronacases_009.nii.gz,PASSED
P_coronacases_009_coronacases_009_z0193,P_coronacases_009,coronacases_009,193,512x512,0.6836,0.6836,1.0,115218,1,969,data/raw/ct_volumes/coronacases_009.nii.gz,data/raw/ground_truth_masks/coronacases_009.nii.gz,PASSED
P_coronacases_009_coronacases_009_z0195,P_coronacases_009,coronacases_009,195,512x512,0.6836,0.6836,1.0,114645,1,391,data/raw/ct_volumes/coronacases_009.nii.gz,data/raw/ground_truth_masks/coronacases_009.nii.gz,PASSED
P_coronacases_009_coronacases_009_z0196,P_coronacases_009,coronacases_009,196,512x512,0.6836,0.6836,1.0,113490,1,108,data/raw/ct_volumes/coronacases_009.nii.gz,data/raw/ground_truth_masks/coronacases_009.nii.gz,PASSED
P_coronacases_009_coronacases_009_z0199,P_coronacases_009,coronacases_009,199,512x512,0.6836,0.6836,1.0,111625,0,0,data/raw/ct_volumes/coronacases_009.nii.gz,data/raw/ground_truth_masks/coronacases_009.nii.gz,PASSED
P_coronacases_009_coronacases_009_z0204,P_coronacases_009,coronacases_009,204,512x512,0.6836,0.6836,1.0,110298,0,0,data/raw/ct_volumes/coronacases_009.nii.gz,data/raw/ground_truth_masks/coronacases_009.nii.gz,PASSED
P_coronacases_009_coronacases_009_z0209,P_coronacases_009,coronacases_009,209,512x512,0.6836,0.6836,1.0,110782,0,0,data/raw/ct_volumes/coronacases_009.nii.gz,data/raw/ground_truth_masks/coronacases_009.nii.gz,PASSED
P_coronacases_009_coronacases_009_z0214,P_coronacases_009,coronacases_009,214,512x512,0.6836,0.6836,1.0,111964,0,0,data/raw/ct_volumes/coronacases_009.nii.gz,data/raw/ground_truth_masks/coronacases_009.nii.gz,PASSED
P_coronacases_009_coronacases_009_z0219,P_coronacases_009,coronacases_009,219,512x512,0.6836,0.6836,1.0,113098,0,0,data/raw/ct_volumes/coronacases_009.nii.gz,data/raw/ground_truth_masks/coronacases_009.nii.gz,PASSED
P_coronacases_009_coronacases_009_z0224,P_coronacases_009,coronacases_009,224,512x512,0.6836,0.6836,1.0,114932,0,0,data/raw/ct_volumes/coronacases_009.nii.gz,data/raw/ground_truth_masks/coronacases_009.nii.gz,PASSED
P_coronacases_009_coronacases_009_z0229,P_coronacases_009,coronacases_009,229,512x512,0.6836,0.6836,1.0,119019,0,0,data/raw/ct_volumes/coronacases_009.nii.gz,data/raw/ground_truth_masks/coronacases_009.nii.gz,PASSED
P_coronacases_009_coronacases_009_z0234,P_coronacases_009,coronacases_009,234,512x512,0.6836,0.6836,1.0,122384,0,0,data/raw/ct_volumes/coronacases_009.nii.gz,data/raw/ground_truth_masks/coronacases_009.nii.gz,PASSED
P_coronacases_009_coronacases_009_z0239,P_coronacases_009,coronacases_009,239,512x512,0.6836,0.6836,1.0,123657,0,0,data/raw/ct_volumes/coronacases_009.nii.gz,data/raw/ground_truth_masks/coronacases_009.nii.gz,PASSED
P_coronacases_009_coronacases_009_z0244,P_coronacases_009,coronacases_009,244,512x512,0.6836,0.6836,1.0,125304,0,0,data/raw/ct_volumes/coronacases_009.nii.gz,data/raw/ground_truth_masks/coronacases_009.nii.gz,PASSED
P_coronacases_009_coronacases_009_z0249,P_coronacases_009,coronacases_009,249,512x512,0.6836,0.6836,1.0,131264,0,0,data/raw/ct_volumes/coronacases_009.nii.gz,data/raw/ground_truth_masks/coronacases_009.nii.gz,PASSED
P_coronacases_009_coronacases_009_z0255,P_coronacases_009,coronacases_009,255,512x512,0.6836,0.6836,1.0,131610,0,0,data/raw/ct_volumes/coronacases_009.nii.gz,data/raw/ground_truth_masks/coronacases_009.nii.gz,PASSED
P_coronacases_010_coronacases_010_z0004,P_coronacases_010,coronacases_010,4,512x512,0.6836,0.6836,1.0,111045,0,0,data/raw/ct_volumes/coronacases_010.nii.gz,data/raw/ground_truth_masks/coronacases_010.nii.gz,PASSED
P_coronacases_010_coronacases_010_z0009,P_coronacases_010,coronacases_010,9,512x512,0.6836,0.6836,1.0,110240,0,0,data/raw/ct_volumes/coronacases_010.nii.gz,data/raw/ground_truth_masks/coronacases_010.nii.gz,PASSED
P_coronacases_010_coronacases_010_z0014,P_coronacases_010,coronacases_010,14,512x512,0.6836,0.6836,1.0,109511,0,0,data/raw/ct_volumes/coronacases_010.nii.gz,data/raw/ground_truth_masks/coronacases_010.nii.gz,PASSED
P_coronacases_010_coronacases_010_z0019,P_coronacases_010,coronacases_010,19,512x512,0.6836,0.6836,1.0,109126,0,0,data/raw/ct_volumes/coronacases_010.nii.gz,data/raw/ground_truth_masks/coronacases_010.nii.gz,PASSED
P_coronacases_010_coronacases_010_z0024,P_coronacases_010,coronacases_010,24,512x512,0.6836,0.6836,1.0,107407,0,0,data/raw/ct_volumes/coronacases_010.nii.gz,data/raw/ground_truth_masks/coronacases_010.nii.gz,PASSED
P_coronacases_010_coronacases_010_z0029,P_coronacases_010,coronacases_010,29,512x512,0.6836,0.6836,1.0,103645,0,0,data/raw/ct_volumes/coronacases_010.nii.gz,data/raw/ground_truth_masks/coronacases_010.nii.gz,PASSED
P_coronacases_010_coronacases_010_z0034,P_coronacases_010,coronacases_010,34,512x512,0.6836,0.6836,1.0,101837,0,0,data/raw/ct_volumes/coronacases_010.nii.gz,data/raw/ground_truth_masks/coronacases_010.nii.gz,PASSED
P_coronacases_010_coronacases_010_z0039,P_coronacases_010,coronacases_010,39,512x512,0.6836,0.6836,1.0,102312,0,0,data/raw/ct_volumes/coronacases_010.nii.gz,data/raw/ground_truth_masks/coronacases_010.nii.gz,PASSED
P_coronacases_010_coronacases_010_z0044,P_coronacases_010,coronacases_010,44,512x512,0.6836,0.6836,1.0,103254,0,0,data/raw/ct_volumes/coronacases_010.nii.gz,data/raw/ground_truth_masks/coronacases_010.nii.gz,PASSED
P_coronacases_010_coronacases_010_z0049,P_coronacases_010,coronacases_010,49,512x512,0.6836,0.6836,1.0,102486,0,0,data/raw/ct_volumes/coronacases_010.nii.gz,data/raw/ground_truth_masks/coronacases_010.nii.gz,PASSED
P_coronacases_010_coronacases_010_z0054,P_coronacases_010,coronacases_010,54,512x512,0.6836,0.6836,1.0,102042,0,0,data/raw/ct_volumes/coronacases_010.nii.gz,data/raw/ground_truth_masks/coronacases_010.nii.gz,PASSED
P_coronacases_010_coronacases_010_z0059,P_coronacases_010,coronacases_010,59,512x512,0.6836,0.6836,1.0,101335,0,0,data/raw/ct_volumes/coronacases_010.nii.gz,data/raw/ground_truth_masks/coronacases_010.nii.gz,PASSED
P_coronacases_010_coronacases_010_z0064,P_coronacases_010,coronacases_010,64,512x512,0.6836,0.6836,1.0,101317,0,0,data/raw/ct_volumes/coronacases_010.nii.gz,data/raw/ground_truth_masks/coronacases_010.nii.gz,PASSED
P_coronacases_010_coronacases_010_z0069,P_coronacases_010,coronacases_010,69,512x512,0.6836,0.6836,1.0,102763,0,0,data/raw/ct_volumes/coronacases_010.nii.gz,data/raw/ground_truth_masks/coronacases_010.nii.gz,PASSED
P_coronacases_010_coronacases_010_z0074,P_coronacases_010,coronacases_010,74,512x512,0.6836,0.6836,1.0,104087,0,0,data/raw/ct_volumes/coronacases_010.nii.gz,data/raw/ground_truth_masks/coronacases_010.nii.gz,PASSED
P_coronacases_010_coronacases_010_z0075,P_coronacases_010,coronacases_010,75,512x512,0.6836,0.6836,1.0,105009,1,366,data/raw/ct_volumes/coronacases_010.nii.gz,data/raw/ground_truth_masks/coronacases_010.nii.gz,PASSED
P_coronacases_010_coronacases_010_z0076,P_coronacases_010,coronacases_010,76,512x512,0.6836,0.6836,1.0,105324,1,279,data/raw/ct_volumes/coronacases_010.nii.gz,data/raw/ground_truth_masks/coronacases_010.nii.gz,PASSED
P_coronacases_010_coronacases_010_z0078,P_coronacases_010,coronacases_010,78,512x512,0.6836,0.6836,1.0,106937,1,621,data/raw/ct_volumes/coronacases_010.nii.gz,data/raw/ground_truth_masks/coronacases_010.nii.gz,PASSED
P_coronacases_010_coronacases_010_z0079,P_coronacases_010,coronacases_010,79,512x512,0.6836,0.6836,1.0,107609,1,778,data/raw/ct_volumes/coronacases_010.nii.gz,data/raw/ground_truth_masks/coronacases_010.nii.gz,PASSED
P_coronacases_010_coronacases_010_z0080,P_coronacases_010,coronacases_010,80,512x512,0.6836,0.6836,1.0,108401,1,979,data/raw/ct_volumes/coronacases_010.nii.gz,data/raw/ground_truth_masks/coronacases_010.nii.gz,PASSED
P_coronacases_010_coronacases_010_z0081,P_coronacases_010,coronacases_010,81,512x512,0.6836,0.6836,1.0,109061,1,1088,data/raw/ct_volumes/coronacases_010.nii.gz,data/raw/ground_truth_masks/coronacases_010.nii.gz,PASSED
P_coronacases_010_coronacases_010_z0083,P_coronacases_010,coronacases_010,83,512x512,0.6836,0.6836,1.0,110265,1,1888,data/raw/ct_volumes/coronacases_010.nii.gz,data/raw/ground_truth_masks/coronacases_010.nii.gz,PASSED
P_coronacases_010_coronacases_010_z0084,P_coronacases_010,coronacases_010,84,512x512,0.6836,0.6836,1.0,110909,1,2557,data/raw/ct_volumes/coronacases_010.nii.gz,data/raw/ground_truth_masks/coronacases_010.nii.gz,PASSED
P_coronacases_010_coronacases_010_z0085,P_coronacases_010,coronacases_010,85,512x512,0.6836,0.6836,1.0,112147,1,2613,data/raw/ct_volumes/coronacases_010.nii.gz,data/raw/ground_truth_masks/coronacases_010.nii.gz,PASSED
P_coronacases_010_coronacases_010_z0087,P_coronacases_010,coronacases_010,87,512x512,0.6836,0.6836,1.0,113649,1,4136,data/raw/ct_volumes/coronacases_010.nii.gz,data/raw/ground_truth_masks/coronacases_010.nii.gz,PASSED
P_coronacases_010_coronacases_010_z0088,P_coronacases_010,coronacases_010,88,512x512,0.6836,0.6836,1.0,114823,1,4642,data/raw/ct_volumes/coronacases_010.nii.gz,data/raw/ground_truth_masks/coronacases_010.nii.gz,PASSED
P_coronacases_010_coronacases_010_z0089,P_coronacases_010,coronacases_010,89,512x512,0.6836,0.6836,1.0,115803,1,4396,data/raw/ct_volumes/coronacases_010.nii.gz,data/raw/ground_truth_masks/coronacases_010.nii.gz,PASSED
P_coronacases_010_coronacases_010_z0090,P_coronacases_010,coronacases_010,90,512x512,0.6836,0.6836,1.0,117031,1,4928,data/raw/ct_volumes/coronacases_010.nii.gz,data/raw/ground_truth_masks/coronacases_010.nii.gz,PASSED
P_coronacases_010_coronacases_010_z0092,P_coronacases_010,coronacases_010,92,512x512,0.6836,0.6836,1.0,119024,1,5409,data/raw/ct_volumes/coronacases_010.nii.gz,data/raw/ground_truth_masks/coronacases_010.nii.gz,PASSED
P_coronacases_010_coronacases_010_z0093,P_coronacases_010,coronacases_010,93,512x512,0.6836,0.6836,1.0,120072,1,5469,data/raw/ct_volumes/coronacases_010.nii.gz,data/raw/ground_truth_masks/coronacases_010.nii.gz,PASSED
P_coronacases_010_coronacases_010_z0094,P_coronacases_010,coronacases_010,94,512x512,0.6836,0.6836,1.0,121209,1,5748,data/raw/ct_volumes/coronacases_010.nii.gz,data/raw/ground_truth_masks/coronacases_010.nii.gz,PASSED
P_coronacases_010_coronacases_010_z0095,P_coronacases_010,coronacases_010,95,512x512,0.6836,0.6836,1.0,121998,1,5792,data/raw/ct_volumes/coronacases_010.nii.gz,data/raw/ground_truth_masks/coronacases_010.nii.gz,PASSED
P_coronacases_010_coronacases_010_z0097,P_coronacases_010,coronacases_010,97,512x512,0.6836,0.6836,1.0,123233,1,5840,data/raw/ct_volumes/coronacases_010.nii.gz,data/raw/ground_truth_masks/coronacases_010.nii.gz,PASSED
P_coronacases_010_coronacases_010_z0098,P_coronacases_010,coronacases_010,98,512x512,0.6836,0.6836,1.0,123686,1,5923,data/raw/ct_volumes/coronacases_010.nii.gz,data/raw/ground_truth_masks/coronacases_010.nii.gz,PASSED
P_coronacases_010_coronacases_010_z0099,P_coronacases_010,coronacases_010,99,512x512,0.6836,0.6836,1.0,124370,1,6309,data/raw/ct_volumes/coronacases_010.nii.gz,data/raw/ground_truth_masks/coronacases_010.nii.gz,PASSED
P_coronacases_010_coronacases_010_z0100,P_coronacases_010,coronacases_010,100,512x512,0.6836,0.6836,1.0,123888,1,6016,data/raw/ct_volumes/coronacases_010.nii.gz,data/raw/ground_truth_masks/coronacases_010.nii.gz,PASSED
P_coronacases_010_coronacases_010_z0102,P_coronacases_010,coronacases_010,102,512x512,0.6836,0.6836,1.0,124801,1,6683,data/raw/ct_volumes/coronacases_010.nii.gz,data/raw/ground_truth_masks/coronacases_010.nii.gz,PASSED
P_coronacases_010_coronacases_010_z0103,P_coronacases_010,coronacases_010,103,512x512,0.6836,0.6836,1.0,125235,1,6364,data/raw/ct_volumes/coronacases_010.nii.gz,data/raw/ground_truth_masks/coronacases_010.nii.gz,PASSED
P_coronacases_010_coronacases_010_z0104,P_coronacases_010,coronacases_010,104,512x512,0.6836,0.6836,1.0,125909,1,5743,data/raw/ct_volumes/coronacases_010.nii.gz,data/raw/ground_truth_masks/coronacases_010.nii.gz,PASSED
P_coronacases_010_coronacases_010_z0105,P_coronacases_010,coronacases_010,105,512x512,0.6836,0.6836,1.0,126429,1,6385,data/raw/ct_volumes/coronacases_010.nii.gz,data/raw/ground_truth_masks/coronacases_010.nii.gz,PASSED
P_coronacases_010_coronacases_010_z0107,P_coronacases_010,coronacases_010,107,512x512,0.6836,0.6836,1.0,125939,1,6154,data/raw/ct_volumes/coronacases_010.nii.gz,data/raw/ground_truth_masks/coronacases_010.nii.gz,PASSED
P_coronacases_010_coronacases_010_z0108,P_coronacases_010,coronacases_010,108,512x512,0.6836,0.6836,1.0,124875,1,6001,data/raw/ct_volumes/coronacases_010.nii.gz,data/raw/ground_truth_masks/coronacases_010.nii.gz,PASSED
P_coronacases_010_coronacases_010_z0109,P_coronacases_010,coronacases_010,109,512x512,0.6836,0.6836,1.0,124415,1,6394,data/raw/ct_volumes/coronacases_010.nii.gz,data/raw/ground_truth_masks/coronacases_010.nii.gz,PASSED
P_coronacases_010_coronacases_010_z0111,P_coronacases_010,coronacases_010,111,512x512,0.6836,0.6836,1.0,123903,1,7035,data/raw/ct_volumes/coronacases_010.nii.gz,data/raw/ground_truth_masks/coronacases_010.nii.gz,PASSED
P_coronacases_010_coronacases_010_z0112,P_coronacases_010,coronacases_010,112,512x512,0.6836,0.6836,1.0,124067,1,6837,data/raw/ct_volumes/coronacases_010.nii.gz,data/raw/ground_truth_masks/coronacases_010.nii.gz,PASSED
P_coronacases_010_coronacases_010_z0113,P_coronacases_010,coronacases_010,113,512x512,0.6836,0.6836,1.0,124466,1,6629,data/raw/ct_volumes/coronacases_010.nii.gz,data/raw/ground_truth_masks/coronacases_010.nii.gz,PASSED
P_coronacases_010_coronacases_010_z0114,P_coronacases_010,coronacases_010,114,512x512,0.6836,0.6836,1.0,125110,1,7159,data/raw/ct_volumes/coronacases_010.nii.gz,data/raw/ground_truth_masks/coronacases_010.nii.gz,PASSED
P_coronacases_010_coronacases_010_z0116,P_coronacases_010,coronacases_010,116,512x512,0.6836,0.6836,1.0,124252,1,6680,data/raw/ct_volumes/coronacases_010.nii.gz,data/raw/ground_truth_masks/coronacases_010.nii.gz,PASSED
P_coronacases_010_coronacases_010_z0117,P_coronacases_010,coronacases_010,117,512x512,0.6836,0.6836,1.0,124165,1,6760,data/raw/ct_volumes/coronacases_010.nii.gz,data/raw/ground_truth_masks/coronacases_010.nii.gz,PASSED
P_coronacases_010_coronacases_010_z0118,P_coronacases_010,coronacases_010,118,512x512,0.6836,0.6836,1.0,124336,1,7058,data/raw/ct_volumes/coronacases_010.nii.gz,data/raw/ground_truth_masks/coronacases_010.nii.gz,PASSED
P_coronacases_010_coronacases_010_z0119,P_coronacases_010,coronacases_010,119,512x512,0.6836,0.6836,1.0,124346,1,7704,data/raw/ct_volumes/coronacases_010.nii.gz,data/raw/ground_truth_masks/coronacases_010.nii.gz,PASSED
P_coronacases_010_coronacases_010_z0121,P_coronacases_010,coronacases_010,121,512x512,0.6836,0.6836,1.0,123852,1,8358,data/raw/ct_volumes/coronacases_010.nii.gz,data/raw/ground_truth_masks/coronacases_010.nii.gz,PASSED
P_coronacases_010_coronacases_010_z0122,P_coronacases_010,coronacases_010,122,512x512,0.6836,0.6836,1.0,123406,1,7732,data/raw/ct_volumes/coronacases_010.nii.gz,data/raw/ground_truth_masks/coronacases_010.nii.gz,PASSED
P_coronacases_010_coronacases_010_z0123,P_coronacases_010,coronacases_010,123,512x512,0.6836,0.6836,1.0,123250,1,7581,data/raw/ct_volumes/coronacases_010.nii.gz,data/raw/ground_truth_masks/coronacases_010.nii.gz,PASSED
P_coronacases_010_coronacases_010_z0124,P_coronacases_010,coronacases_010,124,512x512,0.6836,0.6836,1.0,123616,1,7627,data/raw/ct_volumes/coronacases_010.nii.gz,data/raw/ground_truth_masks/coronacases_010.nii.gz,PASSED
P_coronacases_010_coronacases_010_z0126,P_coronacases_010,coronacases_010,126,512x512,0.6836,0.6836,1.0,123749,1,7548,data/raw/ct_volumes/coronacases_010.nii.gz,data/raw/ground_truth_masks/coronacases_010.nii.gz,PASSED
P_coronacases_010_coronacases_010_z0127,P_coronacases_010,coronacases_010,127,512x512,0.6836,0.6836,1.0,124202,1,6905,data/raw/ct_volumes/coronacases_010.nii.gz,data/raw/ground_truth_masks/coronacases_010.nii.gz,PASSED
P_coronacases_010_coronacases_010_z0128,P_coronacases_010,coronacases_010,128,512x512,0.6836,0.6836,1.0,124228,1,6951,data/raw/ct_volumes/coronacases_010.nii.gz,data/raw/ground_truth_masks/coronacases_010.nii.gz,PASSED
P_coronacases_010_coronacases_010_z0130,P_coronacases_010,coronacases_010,130,512x512,0.6836,0.6836,1.0,125066,1,5916,data/raw/ct_volumes/coronacases_010.nii.gz,data/raw/ground_truth_masks/coronacases_010.nii.gz,PASSED
P_coronacases_010_coronacases_010_z0131,P_coronacases_010,coronacases_010,131,512x512,0.6836,0.6836,1.0,125667,1,6563,data/raw/ct_volumes/coronacases_010.nii.gz,data/raw/ground_truth_masks/coronacases_010.nii.gz,PASSED
P_coronacases_010_coronacases_010_z0132,P_coronacases_010,coronacases_010,132,512x512,0.6836,0.6836,1.0,126253,1,5728,data/raw/ct_volumes/coronacases_010.nii.gz,data/raw/ground_truth_masks/coronacases_010.nii.gz,PASSED
P_coronacases_010_coronacases_010_z0133,P_coronacases_010,coronacases_010,133,512x512,0.6836,0.6836,1.0,126680,1,6416,data/raw/ct_volumes/coronacases_010.nii.gz,data/raw/ground_truth_masks/coronacases_010.nii.gz,PASSED
P_coronacases_010_coronacases_010_z0135,P_coronacases_010,coronacases_010,135,512x512,0.6836,0.6836,1.0,128060,1,6758,data/raw/ct_volumes/coronacases_010.nii.gz,data/raw/ground_truth_masks/coronacases_010.nii.gz,PASSED
P_coronacases_010_coronacases_010_z0136,P_coronacases_010,coronacases_010,136,512x512,0.6836,0.6836,1.0,128588,1,7056,data/raw/ct_volumes/coronacases_010.nii.gz,data/raw/ground_truth_masks/coronacases_010.nii.gz,PASSED
P_coronacases_010_coronacases_010_z0137,P_coronacases_010,coronacases_010,137,512x512,0.6836,0.6836,1.0,129086,1,6775,data/raw/ct_volumes/coronacases_010.nii.gz,data/raw/ground_truth_masks/coronacases_010.nii.gz,PASSED
P_coronacases_010_coronacases_010_z0138,P_coronacases_010,coronacases_010,138,512x512,0.6836,0.6836,1.0,129394,1,7465,data/raw/ct_volumes/coronacases_010.nii.gz,data/raw/ground_truth_masks/coronacases_010.nii.gz,PASSED
P_coronacases_010_coronacases_010_z0140,P_coronacases_010,coronacases_010,140,512x512,0.6836,0.6836,1.0,129807,1,6855,data/raw/ct_volumes/coronacases_010.nii.gz,data/raw/ground_truth_masks/coronacases_010.nii.gz,PASSED
P_coronacases_010_coronacases_010_z0141,P_coronacases_010,coronacases_010,141,512x512,0.6836,0.6836,1.0,130091,1,5980,data/raw/ct_volumes/coronacases_010.nii.gz,data/raw/ground_truth_masks/coronacases_010.nii.gz,PASSED
P_coronacases_010_coronacases_010_z0142,P_coronacases_010,coronacases_010,142,512x512,0.6836,0.6836,1.0,130275,1,6235,data/raw/ct_volumes/coronacases_010.nii.gz,data/raw/ground_truth_masks/coronacases_010.nii.gz,PASSED
P_coronacases_010_coronacases_010_z0143,P_coronacases_010,coronacases_010,143,512x512,0.6836,0.6836,1.0,130377,1,5987,data/raw/ct_volumes/coronacases_010.nii.gz,data/raw/ground_truth_masks/coronacases_010.nii.gz,PASSED
P_coronacases_010_coronacases_010_z0145,P_coronacases_010,coronacases_010,145,512x512,0.6836,0.6836,1.0,130399,1,5429,data/raw/ct_volumes/coronacases_010.nii.gz,data/raw/ground_truth_masks/coronacases_010.nii.gz,PASSED
P_coronacases_010_coronacases_010_z0146,P_coronacases_010,coronacases_010,146,512x512,0.6836,0.6836,1.0,130106,1,5325,data/raw/ct_volumes/coronacases_010.nii.gz,data/raw/ground_truth_masks/coronacases_010.nii.gz,PASSED
P_coronacases_010_coronacases_010_z0147,P_coronacases_010,coronacases_010,147,512x512,0.6836,0.6836,1.0,130001,1,5816,data/raw/ct_volumes/coronacases_010.nii.gz,data/raw/ground_truth_masks/coronacases_010.nii.gz,PASSED
P_coronacases_010_coronacases_010_z0148,P_coronacases_010,coronacases_010,148,512x512,0.6836,0.6836,1.0,129781,1,5588,data/raw/ct_volumes/coronacases_010.nii.gz,data/raw/ground_truth_masks/coronacases_010.nii.gz,PASSED
P_coronacases_010_coronacases_010_z0150,P_coronacases_010,coronacases_010,150,512x512,0.6836,0.6836,1.0,129398,1,6368,data/raw/ct_volumes/coronacases_010.nii.gz,data/raw/ground_truth_masks/coronacases_010.nii.gz,PASSED
P_coronacases_010_coronacases_010_z0151,P_coronacases_010,coronacases_010,151,512x512,0.6836,0.6836,1.0,129582,1,5959,data/raw/ct_volumes/coronacases_010.nii.gz,data/raw/ground_truth_masks/coronacases_010.nii.gz,PASSED
P_coronacases_010_coronacases_010_z0152,P_coronacases_010,coronacases_010,152,512x512,0.6836,0.6836,1.0,129910,1,6513,data/raw/ct_volumes/coronacases_010.nii.gz,data/raw/ground_truth_masks/coronacases_010.nii.gz,PASSED
P_coronacases_010_coronacases_010_z0154,P_coronacases_010,coronacases_010,154,512x512,0.6836,0.6836,1.0,130242,1,6994,data/raw/ct_volumes/coronacases_010.nii.gz,data/raw/ground_truth_masks/coronacases_010.nii.gz,PASSED
P_coronacases_010_coronacases_010_z0155,P_coronacases_010,coronacases_010,155,512x512,0.6836,0.6836,1.0,130444,1,6599,data/raw/ct_volumes/coronacases_010.nii.gz,data/raw/ground_truth_masks/coronacases_010.nii.gz,PASSED
P_coronacases_010_coronacases_010_z0156,P_coronacases_010,coronacases_010,156,512x512,0.6836,0.6836,1.0,130551,1,5971,data/raw/ct_volumes/coronacases_010.nii.gz,data/raw/ground_truth_masks/coronacases_010.nii.gz,PASSED
P_coronacases_010_coronacases_010_z0157,P_coronacases_010,coronacases_010,157,512x512,0.6836,0.6836,1.0,130771,1,6156,data/raw/ct_volumes/coronacases_010.nii.gz,data/raw/ground_truth_masks/coronacases_010.nii.gz,PASSED
P_coronacases_010_coronacases_010_z0159,P_coronacases_010,coronacases_010,159,512x512,0.6836,0.6836,1.0,131221,1,5860,data/raw/ct_volumes/coronacases_010.nii.gz,data/raw/ground_truth_masks/coronacases_010.nii.gz,PASSED
P_coronacases_010_coronacases_010_z0160,P_coronacases_010,coronacases_010,160,512x512,0.6836,0.6836,1.0,131267,1,6249,data/raw/ct_volumes/coronacases_010.nii.gz,data/raw/ground_truth_masks/coronacases_010.nii.gz,PASSED
P_coronacases_010_coronacases_010_z0161,P_coronacases_010,coronacases_010,161,512x512,0.6836,0.6836,1.0,130538,1,5381,data/raw/ct_volumes/coronacases_010.nii.gz,data/raw/ground_truth_masks/coronacases_010.nii.gz,PASSED
P_coronacases_010_coronacases_010_z0162,P_coronacases_010,coronacases_010,162,512x512,0.6836,0.6836,1.0,130604,1,5030,data/raw/ct_volumes/coronacases_010.nii.gz,data/raw/ground_truth_masks/coronacases_010.nii.gz,PASSED
P_coronacases_010_coronacases_010_z0164,P_coronacases_010,coronacases_010,164,512x512,0.6836,0.6836,1.0,130641,1,6281,data/raw/ct_volumes/coronacases_010.nii.gz,data/raw/ground_truth_masks/coronacases_010.nii.gz,PASSED
P_coronacases_010_coronacases_010_z0165,P_coronacases_010,coronacases_010,165,512x512,0.6836,0.6836,1.0,131008,1,5446,data/raw/ct_volumes/coronacases_010.nii.gz,data/raw/ground_truth_masks/coronacases_010.nii.gz,PASSED
P_coronacases_010_coronacases_010_z0166,P_coronacases_010,coronacases_010,166,512x512,0.6836,0.6836,1.0,131194,1,5337,data/raw/ct_volumes/coronacases_010.nii.gz,data/raw/ground_truth_masks/coronacases_010.nii.gz,PASSED
P_coronacases_010_coronacases_010_z0167,P_coronacases_010,coronacases_010,167,512x512,0.6836,0.6836,1.0,131096,1,5967,data/raw/ct_volumes/coronacases_010.nii.gz,data/raw/ground_truth_masks/coronacases_010.nii.gz,PASSED
P_coronacases_010_coronacases_010_z0169,P_coronacases_010,coronacases_010,169,512x512,0.6836,0.6836,1.0,131667,1,5269,data/raw/ct_volumes/coronacases_010.nii.gz,data/raw/ground_truth_masks/coronacases_010.nii.gz,PASSED
P_coronacases_010_coronacases_010_z0170,P_coronacases_010,coronacases_010,170,512x512,0.6836,0.6836,1.0,131951,1,6203,data/raw/ct_volumes/coronacases_010.nii.gz,data/raw/ground_truth_masks/coronacases_010.nii.gz,PASSED
P_coronacases_010_coronacases_010_z0171,P_coronacases_010,coronacases_010,171,512x512,0.6836,0.6836,1.0,131336,1,5740,data/raw/ct_volumes/coronacases_010.nii.gz,data/raw/ground_truth_masks/coronacases_010.nii.gz,PASSED
P_coronacases_010_coronacases_010_z0172,P_coronacases_010,coronacases_010,172,512x512,0.6836,0.6836,1.0,130925,1,5666,data/raw/ct_volumes/coronacases_010.nii.gz,data/raw/ground_truth_masks/coronacases_010.nii.gz,PASSED
P_coronacases_010_coronacases_010_z0174,P_coronacases_010,coronacases_010,174,512x512,0.6836,0.6836,1.0,131083,1,5571,data/raw/ct_volumes/coronacases_010.nii.gz,data/raw/ground_truth_masks/coronacases_010.nii.gz,PASSED
P_coronacases_010_coronacases_010_z0175,P_coronacases_010,coronacases_010,175,512x512,0.6836,0.6836,1.0,130611,1,5155,data/raw/ct_volumes/coronacases_010.nii.gz,data/raw/ground_truth_masks/coronacases_010.nii.gz,PASSED
P_coronacases_010_coronacases_010_z0176,P_coronacases_010,coronacases_010,176,512x512,0.6836,0.6836,1.0,129670,1,5124,data/raw/ct_volumes/coronacases_010.nii.gz,data/raw/ground_truth_masks/coronacases_010.nii.gz,PASSED
P_coronacases_010_coronacases_010_z0178,P_coronacases_010,coronacases_010,178,512x512,0.6836,0.6836,1.0,128814,1,5099,data/raw/ct_volumes/coronacases_010.nii.gz,data/raw/ground_truth_masks/coronacases_010.nii.gz,PASSED
P_coronacases_010_coronacases_010_z0179,P_coronacases_010,coronacases_010,179,512x512,0.6836,0.6836,1.0,128484,1,5533,data/raw/ct_volumes/coronacases_010.nii.gz,data/raw/ground_truth_masks/coronacases_010.nii.gz,PASSED
P_coronacases_010_coronacases_010_z0180,P_coronacases_010,coronacases_010,180,512x512,0.6836,0.6836,1.0,127902,1,4921,data/raw/ct_volumes/coronacases_010.nii.gz,data/raw/ground_truth_masks/coronacases_010.nii.gz,PASSED
P_coronacases_010_coronacases_010_z0181,P_coronacases_010,coronacases_010,181,512x512,0.6836,0.6836,1.0,127910,1,5692,data/raw/ct_volumes/coronacases_010.nii.gz,data/raw/ground_truth_masks/coronacases_010.nii.gz,PASSED
P_coronacases_010_coronacases_010_z0183,P_coronacases_010,coronacases_010,183,512x512,0.6836,0.6836,1.0,127054,1,6359,data/raw/ct_volumes/coronacases_010.nii.gz,data/raw/ground_truth_masks/coronacases_010.nii.gz,PASSED
P_coronacases_010_coronacases_010_z0184,P_coronacases_010,coronacases_010,184,512x512,0.6836,0.6836,1.0,127212,1,5786,data/raw/ct_volumes/coronacases_010.nii.gz,data/raw/ground_truth_masks/coronacases_010.nii.gz,PASSED
P_coronacases_010_coronacases_010_z0185,P_coronacases_010,coronacases_010,185,512x512,0.6836,0.6836,1.0,127035,1,5483,data/raw/ct_volumes/coronacases_010.nii.gz,data/raw/ground_truth_masks/coronacases_010.nii.gz,PASSED
P_coronacases_010_coronacases_010_z0186,P_coronacases_010,coronacases_010,186,512x512,0.6836,0.6836,1.0,127128,1,5429,data/raw/ct_volumes/coronacases_010.nii.gz,data/raw/ground_truth_masks/coronacases_010.nii.gz,PASSED
P_coronacases_010_coronacases_010_z0188,P_coronacases_010,coronacases_010,188,512x512,0.6836,0.6836,1.0,127080,1,6057,data/raw/ct_volumes/coronacases_010.nii.gz,data/raw/ground_truth_masks/coronacases_010.nii.gz,PASSED
P_coronacases_010_coronacases_010_z0189,P_coronacases_010,coronacases_010,189,512x512,0.6836,0.6836,1.0,126910,1,6830,data/raw/ct_volumes/coronacases_010.nii.gz,data/raw/ground_truth_masks/coronacases_010.nii.gz,PASSED
P_coronacases_010_coronacases_010_z0190,P_coronacases_010,coronacases_010,190,512x512,0.6836,0.6836,1.0,127090,1,7167,data/raw/ct_volumes/coronacases_010.nii.gz,data/raw/ground_truth_masks/coronacases_010.nii.gz,PASSED
P_coronacases_010_coronacases_010_z0191,P_coronacases_010,coronacases_010,191,512x512,0.6836,0.6836,1.0,127458,1,6632,data/raw/ct_volumes/coronacases_010.nii.gz,data/raw/ground_truth_masks/coronacases_010.nii.gz,PASSED
P_coronacases_010_coronacases_010_z0193,P_coronacases_010,coronacases_010,193,512x512,0.6836,0.6836,1.0,127175,1,6033,data/raw/ct_volumes/coronacases_010.nii.gz,data/raw/ground_truth_masks/coronacases_010.nii.gz,PASSED
P_coronacases_010_coronacases_010_z0194,P_coronacases_010,coronacases_010,194,512x512,0.6836,0.6836,1.0,127477,1,6172,data/raw/ct_volumes/coronacases_010.nii.gz,data/raw/ground_truth_masks/coronacases_010.nii.gz,PASSED
P_coronacases_010_coronacases_010_z0195,P_coronacases_010,coronacases_010,195,512x512,0.6836,0.6836,1.0,127602,1,5183,data/raw/ct_volumes/coronacases_010.nii.gz,data/raw/ground_truth_masks/coronacases_010.nii.gz,PASSED
P_coronacases_010_coronacases_010_z0197,P_coronacases_010,coronacases_010,197,512x512,0.6836,0.6836,1.0,127568,1,4578,data/raw/ct_volumes/coronacases_010.nii.gz,data/raw/ground_truth_masks/coronacases_010.nii.gz,PASSED
P_coronacases_010_coronacases_010_z0198,P_coronacases_010,coronacases_010,198,512x512,0.6836,0.6836,1.0,127575,1,4164,data/raw/ct_volumes/coronacases_010.nii.gz,data/raw/ground_truth_masks/coronacases_010.nii.gz,PASSED
P_coronacases_010_coronacases_010_z0199,P_coronacases_010,coronacases_010,199,512x512,0.6836,0.6836,1.0,127725,1,3963,data/raw/ct_volumes/coronacases_010.nii.gz,data/raw/ground_truth_masks/coronacases_010.nii.gz,PASSED
P_coronacases_010_coronacases_010_z0200,P_coronacases_010,coronacases_010,200,512x512,0.6836,0.6836,1.0,127815,1,4440,data/raw/ct_volumes/coronacases_010.nii.gz,data/raw/ground_truth_masks/coronacases_010.nii.gz,PASSED
P_coronacases_010_coronacases_010_z0202,P_coronacases_010,coronacases_010,202,512x512,0.6836,0.6836,1.0,127949,1,4311,data/raw/ct_volumes/coronacases_010.nii.gz,data/raw/ground_truth_masks/coronacases_010.nii.gz,PASSED
P_coronacases_010_coronacases_010_z0203,P_coronacases_010,coronacases_010,203,512x512,0.6836,0.6836,1.0,127893,1,3892,data/raw/ct_volumes/coronacases_010.nii.gz,data/raw/ground_truth_masks/coronacases_010.nii.gz,PASSED
P_coronacases_010_coronacases_010_z0204,P_coronacases_010,coronacases_010,204,512x512,0.6836,0.6836,1.0,128050,1,3860,data/raw/ct_volumes/coronacases_010.nii.gz,data/raw/ground_truth_masks/coronacases_010.nii.gz,PASSED
P_coronacases_010_coronacases_010_z0205,P_coronacases_010,coronacases_010,205,512x512,0.6836,0.6836,1.0,127722,1,3916,data/raw/ct_volumes/coronacases_010.nii.gz,data/raw/ground_truth_masks/coronacases_010.nii.gz,PASSED
P_coronacases_010_coronacases_010_z0207,P_coronacases_010,coronacases_010,207,512x512,0.6836,0.6836,1.0,127001,1,4640,data/raw/ct_volumes/coronacases_010.nii.gz,data/raw/ground_truth_masks/coronacases_010.nii.gz,PASSED
P_coronacases_010_coronacases_010_z0208,P_coronacases_010,coronacases_010,208,512x512,0.6836,0.6836,1.0,126926,1,5170,data/raw/ct_volumes/coronacases_010.nii.gz,data/raw/ground_truth_masks/coronacases_010.nii.gz,PASSED
P_coronacases_010_coronacases_010_z0209,P_coronacases_010,coronacases_010,209,512x512,0.6836,0.6836,1.0,127100,1,5029,data/raw/ct_volumes/coronacases_010.nii.gz,data/raw/ground_truth_masks/coronacases_010.nii.gz,PASSED
P_coronacases_010_coronacases_010_z0210,P_coronacases_010,coronacases_010,210,512x512,0.6836,0.6836,1.0,126973,1,4930,data/raw/ct_volumes/coronacases_010.nii.gz,data/raw/ground_truth_masks/coronacases_010.nii.gz,PASSED
P_coronacases_010_coronacases_010_z0212,P_coronacases_010,coronacases_010,212,512x512,0.6836,0.6836,1.0,126178,1,4849,data/raw/ct_volumes/coronacases_010.nii.gz,data/raw/ground_truth_masks/coronacases_010.nii.gz,PASSED
P_coronacases_010_coronacases_010_z0213,P_coronacases_010,coronacases_010,213,512x512,0.6836,0.6836,1.0,126306,1,5147,data/raw/ct_volumes/coronacases_010.nii.gz,data/raw/ground_truth_masks/coronacases_010.nii.gz,PASSED
P_coronacases_010_coronacases_010_z0214,P_coronacases_010,coronacases_010,214,512x512,0.6836,0.6836,1.0,126516,1,4907,data/raw/ct_volumes/coronacases_010.nii.gz,data/raw/ground_truth_masks/coronacases_010.nii.gz,PASSED
P_coronacases_010_coronacases_010_z0215,P_coronacases_010,coronacases_010,215,512x512,0.6836,0.6836,1.0,126605,1,5026,data/raw/ct_volumes/coronacases_010.nii.gz,data/raw/ground_truth_masks/coronacases_010.nii.gz,PASSED
P_coronacases_010_coronacases_010_z0217,P_coronacases_010,coronacases_010,217,512x512,0.6836,0.6836,1.0,126762,1,4460,data/raw/ct_volumes/coronacases_010.nii.gz,data/raw/ground_truth_masks/coronacases_010.nii.gz,PASSED
P_coronacases_010_coronacases_010_z0218,P_coronacases_010,coronacases_010,218,512x512,0.6836,0.6836,1.0,126761,1,3939,data/raw/ct_volumes/coronacases_010.nii.gz,data/raw/ground_truth_masks/coronacases_010.nii.gz,PASSED
P_coronacases_010_coronacases_010_z0219,P_coronacases_010,coronacases_010,219,512x512,0.6836,0.6836,1.0,127476,1,3410,data/raw/ct_volumes/coronacases_010.nii.gz,data/raw/ground_truth_masks/coronacases_010.nii.gz,PASSED
P_coronacases_010_coronacases_010_z0221,P_coronacases_010,coronacases_010,221,512x512,0.6836,0.6836,1.0,127264,1,3317,data/raw/ct_volumes/coronacases_010.nii.gz,data/raw/ground_truth_masks/coronacases_010.nii.gz,PASSED
P_coronacases_010_coronacases_010_z0222,P_coronacases_010,coronacases_010,222,512x512,0.6836,0.6836,1.0,127157,1,3310,data/raw/ct_volumes/coronacases_010.nii.gz,data/raw/ground_truth_masks/coronacases_010.nii.gz,PASSED
P_coronacases_010_coronacases_010_z0223,P_coronacases_010,coronacases_010,223,512x512,0.6836,0.6836,1.0,126915,1,3333,data/raw/ct_volumes/coronacases_010.nii.gz,data/raw/ground_truth_masks/coronacases_010.nii.gz,PASSED
P_coronacases_010_coronacases_010_z0224,P_coronacases_010,coronacases_010,224,512x512,0.6836,0.6836,1.0,126893,1,3247,data/raw/ct_volumes/coronacases_010.nii.gz,data/raw/ground_truth_masks/coronacases_010.nii.gz,PASSED
P_coronacases_010_coronacases_010_z0226,P_coronacases_010,coronacases_010,226,512x512,0.6836,0.6836,1.0,126470,1,3044,data/raw/ct_volumes/coronacases_010.nii.gz,data/raw/ground_truth_masks/coronacases_010.nii.gz,PASSED
P_coronacases_010_coronacases_010_z0227,P_coronacases_010,coronacases_010,227,512x512,0.6836,0.6836,1.0,125930,1,2965,data/raw/ct_volumes/coronacases_010.nii.gz,data/raw/ground_truth_masks/coronacases_010.nii.gz,PASSED
P_coronacases_010_coronacases_010_z0228,P_coronacases_010,coronacases_010,228,512x512,0.6836,0.6836,1.0,125811,1,2511,data/raw/ct_volumes/coronacases_010.nii.gz,data/raw/ground_truth_masks/coronacases_010.nii.gz,PASSED
P_coronacases_010_coronacases_010_z0229,P_coronacases_010,coronacases_010,229,512x512,0.6836,0.6836,1.0,125770,1,2218,data/raw/ct_volumes/coronacases_010.nii.gz,data/raw/ground_truth_masks/coronacases_010.nii.gz,PASSED
P_coronacases_010_coronacases_010_z0231,P_coronacases_010,coronacases_010,231,512x512,0.6836,0.6836,1.0,124643,1,1902,data/raw/ct_volumes/coronacases_010.nii.gz,data/raw/ground_truth_masks/coronacases_010.nii.gz,PASSED
P_coronacases_010_coronacases_010_z0232,P_coronacases_010,coronacases_010,232,512x512,0.6836,0.6836,1.0,123773,1,1747,data/raw/ct_volumes/coronacases_010.nii.gz,data/raw/ground_truth_masks/coronacases_010.nii.gz,PASSED
P_coronacases_010_coronacases_010_z0233,P_coronacases_010,coronacases_010,233,512x512,0.6836,0.6836,1.0,123440,1,1607,data/raw/ct_volumes/coronacases_010.nii.gz,data/raw/ground_truth_masks/coronacases_010.nii.gz,PASSED
P_coronacases_010_coronacases_010_z0234,P_coronacases_010,coronacases_010,234,512x512,0.6836,0.6836,1.0,123228,1,1529,data/raw/ct_volumes/coronacases_010.nii.gz,data/raw/ground_truth_masks/coronacases_010.nii.gz,PASSED
P_coronacases_010_coronacases_010_z0236,P_coronacases_010,coronacases_010,236,512x512,0.6836,0.6836,1.0,122732,1,1119,data/raw/ct_volumes/coronacases_010.nii.gz,data/raw/ground_truth_masks/coronacases_010.nii.gz,PASSED
P_coronacases_010_coronacases_010_z0237,P_coronacases_010,coronacases_010,237,512x512,0.6836,0.6836,1.0,122267,1,831,data/raw/ct_volumes/coronacases_010.nii.gz,data/raw/ground_truth_masks/coronacases_010.nii.gz,PASSED
P_coronacases_010_coronacases_010_z0238,P_coronacases_010,coronacases_010,238,512x512,0.6836,0.6836,1.0,121572,1,804,data/raw/ct_volumes/coronacases_010.nii.gz,data/raw/ground_truth_masks/coronacases_010.nii.gz,PASSED
P_coronacases_010_coronacases_010_z0240,P_coronacases_010,coronacases_010,240,512x512,0.6836,0.6836,1.0,121853,1,1005,data/raw/ct_volumes/coronacases_010.nii.gz,data/raw/ground_truth_masks/coronacases_010.nii.gz,PASSED
P_coronacases_010_coronacases_010_z0241,P_coronacases_010,coronacases_010,241,512x512,0.6836,0.6836,1.0,121784,1,861,data/raw/ct_volumes/coronacases_010.nii.gz,data/raw/ground_truth_masks/coronacases_010.nii.gz,PASSED
P_coronacases_010_coronacases_010_z0242,P_coronacases_010,coronacases_010,242,512x512,0.6836,0.6836,1.0,121633,1,1219,data/raw/ct_volumes/coronacases_010.nii.gz,data/raw/ground_truth_masks/coronacases_010.nii.gz,PASSED
P_coronacases_010_coronacases_010_z0243,P_coronacases_010,coronacases_010,243,512x512,0.6836,0.6836,1.0,121067,1,1307,data/raw/ct_volumes/coronacases_010.nii.gz,data/raw/ground_truth_masks/coronacases_010.nii.gz,PASSED
P_coronacases_010_coronacases_010_z0245,P_coronacases_010,coronacases_010,245,512x512,0.6836,0.6836,1.0,120453,1,1262,data/raw/ct_volumes/coronacases_010.nii.gz,data/raw/ground_truth_masks/coronacases_010.nii.gz,PASSED
P_coronacases_010_coronacases_010_z0246,P_coronacases_010,coronacases_010,246,512x512,0.6836,0.6836,1.0,120161,1,1353,data/raw/ct_volumes/coronacases_010.nii.gz,data/raw/ground_truth_masks/coronacases_010.nii.gz,PASSED
P_coronacases_010_coronacases_010_z0247,P_coronacases_010,coronacases_010,247,512x512,0.6836,0.6836,1.0,119855,1,1361,data/raw/ct_volumes/coronacases_010.nii.gz,data/raw/ground_truth_masks/coronacases_010.nii.gz,PASSED
P_coronacases_010_coronacases_010_z0248,P_coronacases_010,coronacases_010,248,512x512,0.6836,0.6836,1.0,119258,1,1411,data/raw/ct_volumes/coronacases_010.nii.gz,data/raw/ground_truth_masks/coronacases_010.nii.gz,PASSED
P_coronacases_010_coronacases_010_z0250,P_coronacases_010,coronacases_010,250,512x512,0.6836,0.6836,1.0,118880,1,971,data/raw/ct_volumes/coronacases_010.nii.gz,data/raw/ground_truth_masks/coronacases_010.nii.gz,PASSED
P_coronacases_010_coronacases_010_z0251,P_coronacases_010,coronacases_010,251,512x512,0.6836,0.6836,1.0,118408,1,1233,data/raw/ct_volumes/coronacases_010.nii.gz,data/raw/ground_truth_masks/coronacases_010.nii.gz,PASSED
P_coronacases_010_coronacases_010_z0252,P_coronacases_010,coronacases_010,252,512x512,0.6836,0.6836,1.0,117851,1,1038,data/raw/ct_volumes/coronacases_010.nii.gz,data/raw/ground_truth_masks/coronacases_010.nii.gz,PASSED
P_coronacases_010_coronacases_010_z0253,P_coronacases_010,coronacases_010,253,512x512,0.6836,0.6836,1.0,117600,1,1143,data/raw/ct_volumes/coronacases_010.nii.gz,data/raw/ground_truth_masks/coronacases_010.nii.gz,PASSED
P_coronacases_010_coronacases_010_z0255,P_coronacases_010,coronacases_010,255,512x512,0.6836,0.6836,1.0,117384,1,806,data/raw/ct_volumes/coronacases_010.nii.gz,data/raw/ground_truth_masks/coronacases_010.nii.gz,PASSED
P_coronacases_010_coronacases_010_z0256,P_coronacases_010,coronacases_010,256,512x512,0.6836,0.6836,1.0,116469,1,706,data/raw/ct_volumes/coronacases_010.nii.gz,data/raw/ground_truth_masks/coronacases_010.nii.gz,PASSED
P_coronacases_010_coronacases_010_z0257,P_coronacases_010,coronacases_010,257,512x512,0.6836,0.6836,1.0,116869,1,551,data/raw/ct_volumes/coronacases_010.nii.gz,data/raw/ground_truth_masks/coronacases_010.nii.gz,PASSED
P_coronacases_010_coronacases_010_z0258,P_coronacases_010,coronacases_010,258,512x512,0.6836,0.6836,1.0,117068,1,512,data/raw/ct_volumes/coronacases_010.nii.gz,data/raw/ground_truth_masks/coronacases_010.nii.gz,PASSED
P_coronacases_010_coronacases_010_z0260,P_coronacases_010,coronacases_010,260,512x512,0.6836,0.6836,1.0,117412,1,508,data/raw/ct_volumes/coronacases_010.nii.gz,data/raw/ground_truth_masks/coronacases_010.nii.gz,PASSED
P_coronacases_010_coronacases_010_z0261,P_coronacases_010,coronacases_010,261,512x512,0.6836,0.6836,1.0,117694,1,424,data/raw/ct_volumes/coronacases_010.nii.gz,data/raw/ground_truth_masks/coronacases_010.nii.gz,PASSED
P_coronacases_010_coronacases_010_z0262,P_coronacases_010,coronacases_010,262,512x512,0.6836,0.6836,1.0,117915,1,414,data/raw/ct_volumes/coronacases_010.nii.gz,data/raw/ground_truth_masks/coronacases_010.nii.gz,PASSED
P_coronacases_010_coronacases_010_z0264,P_coronacases_010,coronacases_010,264,512x512,0.6836,0.6836,1.0,118901,1,296,data/raw/ct_volumes/coronacases_010.nii.gz,data/raw/ground_truth_masks/coronacases_010.nii.gz,PASSED
P_coronacases_010_coronacases_010_z0265,P_coronacases_010,coronacases_010,265,512x512,0.6836,0.6836,1.0,119475,1,139,data/raw/ct_volumes/coronacases_010.nii.gz,data/raw/ground_truth_masks/coronacases_010.nii.gz,PASSED
P_coronacases_010_coronacases_010_z0271,P_coronacases_010,coronacases_010,271,512x512,0.6836,0.6836,1.0,121501,0,0,data/raw/ct_volumes/coronacases_010.nii.gz,data/raw/ground_truth_masks/coronacases_010.nii.gz,PASSED
P_coronacases_010_coronacases_010_z0276,P_coronacases_010,coronacases_010,276,512x512,0.6836,0.6836,1.0,123054,0,0,data/raw/ct_volumes/coronacases_010.nii.gz,data/raw/ground_truth_masks/coronacases_010.nii.gz,PASSED
P_coronacases_010_coronacases_010_z0281,P_coronacases_010,coronacases_010,281,512x512,0.6836,0.6836,1.0,126419,0,0,data/raw/ct_volumes/coronacases_010.nii.gz,data/raw/ground_truth_masks/coronacases_010.nii.gz,PASSED
P_coronacases_010_coronacases_010_z0286,P_coronacases_010,coronacases_010,286,512x512,0.6836,0.6836,1.0,129604,0,0,data/raw/ct_volumes/coronacases_010.nii.gz,data/raw/ground_truth_masks/coronacases_010.nii.gz,PASSED
P_coronacases_010_coronacases_010_z0291,P_coronacases_010,coronacases_010,291,512x512,0.6836,0.6836,1.0,130959,0,0,data/raw/ct_volumes/coronacases_010.nii.gz,data/raw/ground_truth_masks/coronacases_010.nii.gz,PASSED
P_coronacases_010_coronacases_010_z0296,P_coronacases_010,coronacases_010,296,512x512,0.6836,0.6836,1.0,134279,0,0,data/raw/ct_volumes/coronacases_010.nii.gz,data/raw/ground_truth_masks/coronacases_010.nii.gz,PASSED
P_radiopaedia_10_85902_1_radiopaedia_10_85902_1_z0006,P_radiopaedia_10_85902_1,radiopaedia_10_85902_1,6,630x630,0.6836,0.6836,6.0,8384,1,1364,data/raw/ct_volumes/radiopaedia_10_85902_1.nii.gz,data/raw/ground_truth_masks/radiopaedia_10_85902_1.nii.gz,PASSED
P_radiopaedia_10_85902_1_radiopaedia_10_85902_1_z0007,P_radiopaedia_10_85902_1,radiopaedia_10_85902_1,7,630x630,0.6836,0.6836,6.0,19117,1,2252,data/raw/ct_volumes/radiopaedia_10_85902_1.nii.gz,data/raw/ground_truth_masks/radiopaedia_10_85902_1.nii.gz,PASSED
P_radiopaedia_10_85902_1_radiopaedia_10_85902_1_z0009,P_radiopaedia_10_85902_1,radiopaedia_10_85902_1,9,630x630,0.6836,0.6836,6.0,46774,1,4301,data/raw/ct_volumes/radiopaedia_10_85902_1.nii.gz,data/raw/ground_truth_masks/radiopaedia_10_85902_1.nii.gz,PASSED
P_radiopaedia_10_85902_1_radiopaedia_10_85902_1_z0010,P_radiopaedia_10_85902_1,radiopaedia_10_85902_1,10,630x630,0.6836,0.6836,6.0,62916,1,4542,data/raw/ct_volumes/radiopaedia_10_85902_1.nii.gz,data/raw/ground_truth_masks/radiopaedia_10_85902_1.nii.gz,PASSED
P_radiopaedia_10_85902_1_radiopaedia_10_85902_1_z0011,P_radiopaedia_10_85902_1,radiopaedia_10_85902_1,11,630x630,0.6836,0.6836,6.0,75458,1,5246,data/raw/ct_volumes/radiopaedia_10_85902_1.nii.gz,data/raw/ground_truth_masks/radiopaedia_10_85902_1.nii.gz,PASSED
P_radiopaedia_10_85902_1_radiopaedia_10_85902_1_z0012,P_radiopaedia_10_85902_1,radiopaedia_10_85902_1,12,630x630,0.6836,0.6836,6.0,82494,1,6925,data/raw/ct_volumes/radiopaedia_10_85902_1.nii.gz,data/raw/ground_truth_masks/radiopaedia_10_85902_1.nii.gz,PASSED
P_radiopaedia_10_85902_1_radiopaedia_10_85902_1_z0014,P_radiopaedia_10_85902_1,radiopaedia_10_85902_1,14,630x630,0.6836,0.6836,6.0,82686,1,6496,data/raw/ct_volumes/radiopaedia_10_85902_1.nii.gz,data/raw/ground_truth_masks/radiopaedia_10_85902_1.nii.gz,PASSED
P_radiopaedia_10_85902_1_radiopaedia_10_85902_1_z0015,P_radiopaedia_10_85902_1,radiopaedia_10_85902_1,15,630x630,0.6836,0.6836,6.0,81849,1,4879,data/raw/ct_volumes/radiopaedia_10_85902_1.nii.gz,data/raw/ground_truth_masks/radiopaedia_10_85902_1.nii.gz,PASSED
P_radiopaedia_10_85902_1_radiopaedia_10_85902_1_z0016,P_radiopaedia_10_85902_1,radiopaedia_10_85902_1,16,630x630,0.6836,0.6836,6.0,80815,1,4533,data/raw/ct_volumes/radiopaedia_10_85902_1.nii.gz,data/raw/ground_truth_masks/radiopaedia_10_85902_1.nii.gz,PASSED
P_radiopaedia_10_85902_1_radiopaedia_10_85902_1_z0017,P_radiopaedia_10_85902_1,radiopaedia_10_85902_1,17,630x630,0.6836,0.6836,6.0,79246,1,3727,data/raw/ct_volumes/radiopaedia_10_85902_1.nii.gz,data/raw/ground_truth_masks/radiopaedia_10_85902_1.nii.gz,PASSED
P_radiopaedia_10_85902_1_radiopaedia_10_85902_1_z0019,P_radiopaedia_10_85902_1,radiopaedia_10_85902_1,19,630x630,0.6836,0.6836,6.0,77818,0,0,data/raw/ct_volumes/radiopaedia_10_85902_1.nii.gz,data/raw/ground_truth_masks/radiopaedia_10_85902_1.nii.gz,PASSED
P_radiopaedia_10_85902_1_radiopaedia_10_85902_1_z0024,P_radiopaedia_10_85902_1,radiopaedia_10_85902_1,24,630x630,0.6836,0.6836,6.0,65649,0,0,data/raw/ct_volumes/radiopaedia_10_85902_1.nii.gz,data/raw/ground_truth_masks/radiopaedia_10_85902_1.nii.gz,PASSED
P_radiopaedia_10_85902_1_radiopaedia_10_85902_1_z0029,P_radiopaedia_10_85902_1,radiopaedia_10_85902_1,29,630x630,0.6836,0.6836,6.0,44836,0,0,data/raw/ct_volumes/radiopaedia_10_85902_1.nii.gz,data/raw/ground_truth_masks/radiopaedia_10_85902_1.nii.gz,PASSED
P_radiopaedia_10_85902_1_radiopaedia_10_85902_1_z0034,P_radiopaedia_10_85902_1,radiopaedia_10_85902_1,34,630x630,0.6836,0.6836,6.0,10910,0,0,data/raw/ct_volumes/radiopaedia_10_85902_1.nii.gz,data/raw/ground_truth_masks/radiopaedia_10_85902_1.nii.gz,PASSED
P_radiopaedia_10_85902_3_radiopaedia_10_85902_3_z0059,P_radiopaedia_10_85902_3,radiopaedia_10_85902_3,59,630x630,0.6836,0.6836,1.0,3079,1,735,data/raw/ct_volumes/radiopaedia_10_85902_3.nii.gz,data/raw/ground_truth_masks/radiopaedia_10_85902_3.nii.gz,PASSED
P_radiopaedia_10_85902_3_radiopaedia_10_85902_3_z0060,P_radiopaedia_10_85902_3,radiopaedia_10_85902_3,60,630x630,0.6836,0.6836,1.0,3295,1,772,data/raw/ct_volumes/radiopaedia_10_85902_3.nii.gz,data/raw/ground_truth_masks/radiopaedia_10_85902_3.nii.gz,PASSED
P_radiopaedia_10_85902_3_radiopaedia_10_85902_3_z0061,P_radiopaedia_10_85902_3,radiopaedia_10_85902_3,61,630x630,0.6836,0.6836,1.0,3525,1,702,data/raw/ct_volumes/radiopaedia_10_85902_3.nii.gz,data/raw/ground_truth_masks/radiopaedia_10_85902_3.nii.gz,PASSED
P_radiopaedia_10_85902_3_radiopaedia_10_85902_3_z0062,P_radiopaedia_10_85902_3,radiopaedia_10_85902_3,62,630x630,0.6836,0.6836,1.0,3792,1,852,data/raw/ct_volumes/radiopaedia_10_85902_3.nii.gz,data/raw/ground_truth_masks/radiopaedia_10_85902_3.nii.gz,PASSED
P_radiopaedia_10_85902_3_radiopaedia_10_85902_3_z0064,P_radiopaedia_10_85902_3,radiopaedia_10_85902_3,64,630x630,0.6836,0.6836,1.0,4453,1,751,data/raw/ct_volumes/radiopaedia_10_85902_3.nii.gz,data/raw/ground_truth_masks/radiopaedia_10_85902_3.nii.gz,PASSED
P_radiopaedia_10_85902_3_radiopaedia_10_85902_3_z0065,P_radiopaedia_10_85902_3,radiopaedia_10_85902_3,65,630x630,0.6836,0.6836,1.0,4713,1,903,data/raw/ct_volumes/radiopaedia_10_85902_3.nii.gz,data/raw/ground_truth_masks/radiopaedia_10_85902_3.nii.gz,PASSED
P_radiopaedia_10_85902_3_radiopaedia_10_85902_3_z0066,P_radiopaedia_10_85902_3,radiopaedia_10_85902_3,66,630x630,0.6836,0.6836,1.0,5207,1,1111,data/raw/ct_volumes/radiopaedia_10_85902_3.nii.gz,data/raw/ground_truth_masks/radiopaedia_10_85902_3.nii.gz,PASSED
P_radiopaedia_10_85902_3_radiopaedia_10_85902_3_z0068,P_radiopaedia_10_85902_3,radiopaedia_10_85902_3,68,630x630,0.6836,0.6836,1.0,6023,1,1262,data/raw/ct_volumes/radiopaedia_10_85902_3.nii.gz,data/raw/ground_truth_masks/radiopaedia_10_85902_3.nii.gz,PASSED
P_radiopaedia_10_85902_3_radiopaedia_10_85902_3_z0069,P_radiopaedia_10_85902_3,radiopaedia_10_85902_3,69,630x630,0.6836,0.6836,1.0,6667,1,1181,data/raw/ct_volumes/radiopaedia_10_85902_3.nii.gz,data/raw/ground_truth_masks/radiopaedia_10_85902_3.nii.gz,PASSED
P_radiopaedia_10_85902_3_radiopaedia_10_85902_3_z0070,P_radiopaedia_10_85902_3,radiopaedia_10_85902_3,70,630x630,0.6836,0.6836,1.0,7446,1,1192,data/raw/ct_volumes/radiopaedia_10_85902_3.nii.gz,data/raw/ground_truth_masks/radiopaedia_10_85902_3.nii.gz,PASSED
P_radiopaedia_10_85902_3_radiopaedia_10_85902_3_z0071,P_radiopaedia_10_85902_3,radiopaedia_10_85902_3,71,630x630,0.6836,0.6836,1.0,8304,1,1678,data/raw/ct_volumes/radiopaedia_10_85902_3.nii.gz,data/raw/ground_truth_masks/radiopaedia_10_85902_3.nii.gz,PASSED
P_radiopaedia_10_85902_3_radiopaedia_10_85902_3_z0073,P_radiopaedia_10_85902_3,radiopaedia_10_85902_3,73,630x630,0.6836,0.6836,1.0,9949,1,1542,data/raw/ct_volumes/radiopaedia_10_85902_3.nii.gz,data/raw/ground_truth_masks/radiopaedia_10_85902_3.nii.gz,PASSED
P_radiopaedia_10_85902_3_radiopaedia_10_85902_3_z0074,P_radiopaedia_10_85902_3,radiopaedia_10_85902_3,74,630x630,0.6836,0.6836,1.0,10731,1,1519,data/raw/ct_volumes/radiopaedia_10_85902_3.nii.gz,data/raw/ground_truth_masks/radiopaedia_10_85902_3.nii.gz,PASSED
P_radiopaedia_10_85902_3_radiopaedia_10_85902_3_z0075,P_radiopaedia_10_85902_3,radiopaedia_10_85902_3,75,630x630,0.6836,0.6836,1.0,11632,1,1483,data/raw/ct_volumes/radiopaedia_10_85902_3.nii.gz,data/raw/ground_truth_masks/radiopaedia_10_85902_3.nii.gz,PASSED
P_radiopaedia_10_85902_3_radiopaedia_10_85902_3_z0076,P_radiopaedia_10_85902_3,radiopaedia_10_85902_3,76,630x630,0.6836,0.6836,1.0,12662,1,1620,data/raw/ct_volumes/radiopaedia_10_85902_3.nii.gz,data/raw/ground_truth_masks/radiopaedia_10_85902_3.nii.gz,PASSED
P_radiopaedia_10_85902_3_radiopaedia_10_85902_3_z0078,P_radiopaedia_10_85902_3,radiopaedia_10_85902_3,78,630x630,0.6836,0.6836,1.0,14688,1,1957,data/raw/ct_volumes/radiopaedia_10_85902_3.nii.gz,data/raw/ground_truth_masks/radiopaedia_10_85902_3.nii.gz,PASSED
P_radiopaedia_10_85902_3_radiopaedia_10_85902_3_z0079,P_radiopaedia_10_85902_3,radiopaedia_10_85902_3,79,630x630,0.6836,0.6836,1.0,15814,1,1802,data/raw/ct_volumes/radiopaedia_10_85902_3.nii.gz,data/raw/ground_truth_masks/radiopaedia_10_85902_3.nii.gz,PASSED
P_radiopaedia_10_85902_3_radiopaedia_10_85902_3_z0080,P_radiopaedia_10_85902_3,radiopaedia_10_85902_3,80,630x630,0.6836,0.6836,1.0,16875,1,2281,data/raw/ct_volumes/radiopaedia_10_85902_3.nii.gz,data/raw/ground_truth_masks/radiopaedia_10_85902_3.nii.gz,PASSED
P_radiopaedia_10_85902_3_radiopaedia_10_85902_3_z0081,P_radiopaedia_10_85902_3,radiopaedia_10_85902_3,81,630x630,0.6836,0.6836,1.0,17919,1,2226,data/raw/ct_volumes/radiopaedia_10_85902_3.nii.gz,data/raw/ground_truth_masks/radiopaedia_10_85902_3.nii.gz,PASSED
P_radiopaedia_10_85902_3_radiopaedia_10_85902_3_z0083,P_radiopaedia_10_85902_3,radiopaedia_10_85902_3,83,630x630,0.6836,0.6836,1.0,20043,1,2579,data/raw/ct_volumes/radiopaedia_10_85902_3.nii.gz,data/raw/ground_truth_masks/radiopaedia_10_85902_3.nii.gz,PASSED
P_radiopaedia_10_85902_3_radiopaedia_10_85902_3_z0084,P_radiopaedia_10_85902_3,radiopaedia_10_85902_3,84,630x630,0.6836,0.6836,1.0,21040,1,2322,data/raw/ct_volumes/radiopaedia_10_85902_3.nii.gz,data/raw/ground_truth_masks/radiopaedia_10_85902_3.nii.gz,PASSED
P_radiopaedia_10_85902_3_radiopaedia_10_85902_3_z0085,P_radiopaedia_10_85902_3,radiopaedia_10_85902_3,85,630x630,0.6836,0.6836,1.0,22040,1,2447,data/raw/ct_volumes/radiopaedia_10_85902_3.nii.gz,data/raw/ground_truth_masks/radiopaedia_10_85902_3.nii.gz,PASSED
P_radiopaedia_10_85902_3_radiopaedia_10_85902_3_z0087,P_radiopaedia_10_85902_3,radiopaedia_10_85902_3,87,630x630,0.6836,0.6836,1.0,24000,1,2881,data/raw/ct_volumes/radiopaedia_10_85902_3.nii.gz,data/raw/ground_truth_masks/radiopaedia_10_85902_3.nii.gz,PASSED
P_radiopaedia_10_85902_3_radiopaedia_10_85902_3_z0088,P_radiopaedia_10_85902_3,radiopaedia_10_85902_3,88,630x630,0.6836,0.6836,1.0,24992,1,2919,data/raw/ct_volumes/radiopaedia_10_85902_3.nii.gz,data/raw/ground_truth_masks/radiopaedia_10_85902_3.nii.gz,PASSED
P_radiopaedia_10_85902_3_radiopaedia_10_85902_3_z0089,P_radiopaedia_10_85902_3,radiopaedia_10_85902_3,89,630x630,0.6836,0.6836,1.0,25996,1,2960,data/raw/ct_volumes/radiopaedia_10_85902_3.nii.gz,data/raw/ground_truth_masks/radiopaedia_10_85902_3.nii.gz,PASSED
P_radiopaedia_10_85902_3_radiopaedia_10_85902_3_z0090,P_radiopaedia_10_85902_3,radiopaedia_10_85902_3,90,630x630,0.6836,0.6836,1.0,27144,1,2963,data/raw/ct_volumes/radiopaedia_10_85902_3.nii.gz,data/raw/ground_truth_masks/radiopaedia_10_85902_3.nii.gz,PASSED
P_radiopaedia_10_85902_3_radiopaedia_10_85902_3_z0092,P_radiopaedia_10_85902_3,radiopaedia_10_85902_3,92,630x630,0.6836,0.6836,1.0,29170,1,3140,data/raw/ct_volumes/radiopaedia_10_85902_3.nii.gz,data/raw/ground_truth_masks/radiopaedia_10_85902_3.nii.gz,PASSED
P_radiopaedia_10_85902_3_radiopaedia_10_85902_3_z0093,P_radiopaedia_10_85902_3,radiopaedia_10_85902_3,93,630x630,0.6836,0.6836,1.0,30127,1,2961,data/raw/ct_volumes/radiopaedia_10_85902_3.nii.gz,data/raw/ground_truth_masks/radiopaedia_10_85902_3.nii.gz,PASSED
P_radiopaedia_10_85902_3_radiopaedia_10_85902_3_z0094,P_radiopaedia_10_85902_3,radiopaedia_10_85902_3,94,630x630,0.6836,0.6836,1.0,31315,1,2848,data/raw/ct_volumes/radiopaedia_10_85902_3.nii.gz,data/raw/ground_truth_masks/radiopaedia_10_85902_3.nii.gz,PASSED
P_radiopaedia_10_85902_3_radiopaedia_10_85902_3_z0095,P_radiopaedia_10_85902_3,radiopaedia_10_85902_3,95,630x630,0.6836,0.6836,1.0,32663,1,2883,data/raw/ct_volumes/radiopaedia_10_85902_3.nii.gz,data/raw/ground_truth_masks/radiopaedia_10_85902_3.nii.gz,PASSED
P_radiopaedia_10_85902_3_radiopaedia_10_85902_3_z0097,P_radiopaedia_10_85902_3,radiopaedia_10_85902_3,97,630x630,0.6836,0.6836,1.0,35150,1,2944,data/raw/ct_volumes/radiopaedia_10_85902_3.nii.gz,data/raw/ground_truth_masks/radiopaedia_10_85902_3.nii.gz,PASSED
P_radiopaedia_10_85902_3_radiopaedia_10_85902_3_z0098,P_radiopaedia_10_85902_3,radiopaedia_10_85902_3,98,630x630,0.6836,0.6836,1.0,36307,1,3241,data/raw/ct_volumes/radiopaedia_10_85902_3.nii.gz,data/raw/ground_truth_masks/radiopaedia_10_85902_3.nii.gz,PASSED
P_radiopaedia_10_85902_3_radiopaedia_10_85902_3_z0099,P_radiopaedia_10_85902_3,radiopaedia_10_85902_3,99,630x630,0.6836,0.6836,1.0,37883,1,3324,data/raw/ct_volumes/radiopaedia_10_85902_3.nii.gz,data/raw/ground_truth_masks/radiopaedia_10_85902_3.nii.gz,PASSED
P_radiopaedia_10_85902_3_radiopaedia_10_85902_3_z0100,P_radiopaedia_10_85902_3,radiopaedia_10_85902_3,100,630x630,0.6836,0.6836,1.0,39660,1,3367,data/raw/ct_volumes/radiopaedia_10_85902_3.nii.gz,data/raw/ground_truth_masks/radiopaedia_10_85902_3.nii.gz,PASSED
P_radiopaedia_10_85902_3_radiopaedia_10_85902_3_z0102,P_radiopaedia_10_85902_3,radiopaedia_10_85902_3,102,630x630,0.6836,0.6836,1.0,42813,1,3723,data/raw/ct_volumes/radiopaedia_10_85902_3.nii.gz,data/raw/ground_truth_masks/radiopaedia_10_85902_3.nii.gz,PASSED
P_radiopaedia_10_85902_3_radiopaedia_10_85902_3_z0103,P_radiopaedia_10_85902_3,radiopaedia_10_85902_3,103,630x630,0.6836,0.6836,1.0,44577,1,3205,data/raw/ct_volumes/radiopaedia_10_85902_3.nii.gz,data/raw/ground_truth_masks/radiopaedia_10_85902_3.nii.gz,PASSED
P_radiopaedia_10_85902_3_radiopaedia_10_85902_3_z0104,P_radiopaedia_10_85902_3,radiopaedia_10_85902_3,104,630x630,0.6836,0.6836,1.0,46430,1,3210,data/raw/ct_volumes/radiopaedia_10_85902_3.nii.gz,data/raw/ground_truth_masks/radiopaedia_10_85902_3.nii.gz,PASSED
P_radiopaedia_10_85902_3_radiopaedia_10_85902_3_z0105,P_radiopaedia_10_85902_3,radiopaedia_10_85902_3,105,630x630,0.6836,0.6836,1.0,48333,1,3539,data/raw/ct_volumes/radiopaedia_10_85902_3.nii.gz,data/raw/ground_truth_masks/radiopaedia_10_85902_3.nii.gz,PASSED
P_radiopaedia_10_85902_3_radiopaedia_10_85902_3_z0107,P_radiopaedia_10_85902_3,radiopaedia_10_85902_3,107,630x630,0.6836,0.6836,1.0,52023,1,3764,data/raw/ct_volumes/radiopaedia_10_85902_3.nii.gz,data/raw/ground_truth_masks/radiopaedia_10_85902_3.nii.gz,PASSED
P_radiopaedia_10_85902_3_radiopaedia_10_85902_3_z0108,P_radiopaedia_10_85902_3,radiopaedia_10_85902_3,108,630x630,0.6836,0.6836,1.0,53645,1,3944,data/raw/ct_volumes/radiopaedia_10_85902_3.nii.gz,data/raw/ground_truth_masks/radiopaedia_10_85902_3.nii.gz,PASSED
P_radiopaedia_10_85902_3_radiopaedia_10_85902_3_z0109,P_radiopaedia_10_85902_3,radiopaedia_10_85902_3,109,630x630,0.6836,0.6836,1.0,55313,1,4179,data/raw/ct_volumes/radiopaedia_10_85902_3.nii.gz,data/raw/ground_truth_masks/radiopaedia_10_85902_3.nii.gz,PASSED
P_radiopaedia_10_85902_3_radiopaedia_10_85902_3_z0111,P_radiopaedia_10_85902_3,radiopaedia_10_85902_3,111,630x630,0.6836,0.6836,1.0,58359,1,4256,data/raw/ct_volumes/radiopaedia_10_85902_3.nii.gz,data/raw/ground_truth_masks/radiopaedia_10_85902_3.nii.gz,PASSED
P_radiopaedia_10_85902_3_radiopaedia_10_85902_3_z0112,P_radiopaedia_10_85902_3,radiopaedia_10_85902_3,112,630x630,0.6836,0.6836,1.0,60052,1,4095,data/raw/ct_volumes/radiopaedia_10_85902_3.nii.gz,data/raw/ground_truth_masks/radiopaedia_10_85902_3.nii.gz,PASSED
P_radiopaedia_10_85902_3_radiopaedia_10_85902_3_z0113,P_radiopaedia_10_85902_3,radiopaedia_10_85902_3,113,630x630,0.6836,0.6836,1.0,61763,1,4054,data/raw/ct_volumes/radiopaedia_10_85902_3.nii.gz,data/raw/ground_truth_masks/radiopaedia_10_85902_3.nii.gz,PASSED
P_radiopaedia_10_85902_3_radiopaedia_10_85902_3_z0114,P_radiopaedia_10_85902_3,radiopaedia_10_85902_3,114,630x630,0.6836,0.6836,1.0,63562,1,4392,data/raw/ct_volumes/radiopaedia_10_85902_3.nii.gz,data/raw/ground_truth_masks/radiopaedia_10_85902_3.nii.gz,PASSED
P_radiopaedia_10_85902_3_radiopaedia_10_85902_3_z0116,P_radiopaedia_10_85902_3,radiopaedia_10_85902_3,116,630x630,0.6836,0.6836,1.0,67216,1,4525,data/raw/ct_volumes/radiopaedia_10_85902_3.nii.gz,data/raw/ground_truth_masks/radiopaedia_10_85902_3.nii.gz,PASSED
P_radiopaedia_10_85902_3_radiopaedia_10_85902_3_z0117,P_radiopaedia_10_85902_3,radiopaedia_10_85902_3,117,630x630,0.6836,0.6836,1.0,70188,1,4597,data/raw/ct_volumes/radiopaedia_10_85902_3.nii.gz,data/raw/ground_truth_masks/radiopaedia_10_85902_3.nii.gz,PASSED
P_radiopaedia_10_85902_3_radiopaedia_10_85902_3_z0118,P_radiopaedia_10_85902_3,radiopaedia_10_85902_3,118,630x630,0.6836,0.6836,1.0,70804,1,4605,data/raw/ct_volumes/radiopaedia_10_85902_3.nii.gz,data/raw/ground_truth_masks/radiopaedia_10_85902_3.nii.gz,PASSED
P_radiopaedia_10_85902_3_radiopaedia_10_85902_3_z0119,P_radiopaedia_10_85902_3,radiopaedia_10_85902_3,119,630x630,0.6836,0.6836,1.0,71407,1,4551,data/raw/ct_volumes/radiopaedia_10_85902_3.nii.gz,data/raw/ground_truth_masks/radiopaedia_10_85902_3.nii.gz,PASSED
P_radiopaedia_10_85902_3_radiopaedia_10_85902_3_z0121,P_radiopaedia_10_85902_3,radiopaedia_10_85902_3,121,630x630,0.6836,0.6836,1.0,73011,1,5124,data/raw/ct_volumes/radiopaedia_10_85902_3.nii.gz,data/raw/ground_truth_masks/radiopaedia_10_85902_3.nii.gz,PASSED
P_radiopaedia_10_85902_3_radiopaedia_10_85902_3_z0122,P_radiopaedia_10_85902_3,radiopaedia_10_85902_3,122,630x630,0.6836,0.6836,1.0,73910,1,5183,data/raw/ct_volumes/radiopaedia_10_85902_3.nii.gz,data/raw/ground_truth_masks/radiopaedia_10_85902_3.nii.gz,PASSED
P_radiopaedia_10_85902_3_radiopaedia_10_85902_3_z0123,P_radiopaedia_10_85902_3,radiopaedia_10_85902_3,123,630x630,0.6836,0.6836,1.0,74520,1,4635,data/raw/ct_volumes/radiopaedia_10_85902_3.nii.gz,data/raw/ground_truth_masks/radiopaedia_10_85902_3.nii.gz,PASSED
P_radiopaedia_10_85902_3_radiopaedia_10_85902_3_z0124,P_radiopaedia_10_85902_3,radiopaedia_10_85902_3,124,630x630,0.6836,0.6836,1.0,75323,1,4879,data/raw/ct_volumes/radiopaedia_10_85902_3.nii.gz,data/raw/ground_truth_masks/radiopaedia_10_85902_3.nii.gz,PASSED
P_radiopaedia_10_85902_3_radiopaedia_10_85902_3_z0126,P_radiopaedia_10_85902_3,radiopaedia_10_85902_3,126,630x630,0.6836,0.6836,1.0,76669,1,5328,data/raw/ct_volumes/radiopaedia_10_85902_3.nii.gz,data/raw/ground_truth_masks/radiopaedia_10_85902_3.nii.gz,PASSED
P_radiopaedia_10_85902_3_radiopaedia_10_85902_3_z0127,P_radiopaedia_10_85902_3,radiopaedia_10_85902_3,127,630x630,0.6836,0.6836,1.0,77353,1,5062,data/raw/ct_volumes/radiopaedia_10_85902_3.nii.gz,data/raw/ground_truth_masks/radiopaedia_10_85902_3.nii.gz,PASSED
P_radiopaedia_10_85902_3_radiopaedia_10_85902_3_z0128,P_radiopaedia_10_85902_3,radiopaedia_10_85902_3,128,630x630,0.6836,0.6836,1.0,77848,1,6003,data/raw/ct_volumes/radiopaedia_10_85902_3.nii.gz,data/raw/ground_truth_masks/radiopaedia_10_85902_3.nii.gz,PASSED
P_radiopaedia_10_85902_3_radiopaedia_10_85902_3_z0130,P_radiopaedia_10_85902_3,radiopaedia_10_85902_3,130,630x630,0.6836,0.6836,1.0,79229,1,5998,data/raw/ct_volumes/radiopaedia_10_85902_3.nii.gz,data/raw/ground_truth_masks/radiopaedia_10_85902_3.nii.gz,PASSED
P_radiopaedia_10_85902_3_radiopaedia_10_85902_3_z0131,P_radiopaedia_10_85902_3,radiopaedia_10_85902_3,131,630x630,0.6836,0.6836,1.0,79949,1,5878,data/raw/ct_volumes/radiopaedia_10_85902_3.nii.gz,data/raw/ground_truth_masks/radiopaedia_10_85902_3.nii.gz,PASSED
P_radiopaedia_10_85902_3_radiopaedia_10_85902_3_z0132,P_radiopaedia_10_85902_3,radiopaedia_10_85902_3,132,630x630,0.6836,0.6836,1.0,80826,1,5933,data/raw/ct_volumes/radiopaedia_10_85902_3.nii.gz,data/raw/ground_truth_masks/radiopaedia_10_85902_3.nii.gz,PASSED
P_radiopaedia_10_85902_3_radiopaedia_10_85902_3_z0133,P_radiopaedia_10_85902_3,radiopaedia_10_85902_3,133,630x630,0.6836,0.6836,1.0,81565,1,5807,data/raw/ct_volumes/radiopaedia_10_85902_3.nii.gz,data/raw/ground_truth_masks/radiopaedia_10_85902_3.nii.gz,PASSED
P_radiopaedia_10_85902_3_radiopaedia_10_85902_3_z0135,P_radiopaedia_10_85902_3,radiopaedia_10_85902_3,135,630x630,0.6836,0.6836,1.0,82897,1,5668,data/raw/ct_volumes/radiopaedia_10_85902_3.nii.gz,data/raw/ground_truth_masks/radiopaedia_10_85902_3.nii.gz,PASSED
P_radiopaedia_10_85902_3_radiopaedia_10_85902_3_z0136,P_radiopaedia_10_85902_3,radiopaedia_10_85902_3,136,630x630,0.6836,0.6836,1.0,83614,1,5776,data/raw/ct_volumes/radiopaedia_10_85902_3.nii.gz,data/raw/ground_truth_masks/radiopaedia_10_85902_3.nii.gz,PASSED
P_radiopaedia_10_85902_3_radiopaedia_10_85902_3_z0137,P_radiopaedia_10_85902_3,radiopaedia_10_85902_3,137,630x630,0.6836,0.6836,1.0,83578,1,6453,data/raw/ct_volumes/radiopaedia_10_85902_3.nii.gz,data/raw/ground_truth_masks/radiopaedia_10_85902_3.nii.gz,PASSED
P_radiopaedia_10_85902_3_radiopaedia_10_85902_3_z0138,P_radiopaedia_10_85902_3,radiopaedia_10_85902_3,138,630x630,0.6836,0.6836,1.0,83698,1,6088,data/raw/ct_volumes/radiopaedia_10_85902_3.nii.gz,data/raw/ground_truth_masks/radiopaedia_10_85902_3.nii.gz,PASSED
P_radiopaedia_10_85902_3_radiopaedia_10_85902_3_z0140,P_radiopaedia_10_85902_3,radiopaedia_10_85902_3,140,630x630,0.6836,0.6836,1.0,83705,1,6493,data/raw/ct_volumes/radiopaedia_10_85902_3.nii.gz,data/raw/ground_truth_masks/radiopaedia_10_85902_3.nii.gz,PASSED
P_radiopaedia_10_85902_3_radiopaedia_10_85902_3_z0141,P_radiopaedia_10_85902_3,radiopaedia_10_85902_3,141,630x630,0.6836,0.6836,1.0,83717,1,6596,data/raw/ct_volumes/radiopaedia_10_85902_3.nii.gz,data/raw/ground_truth_masks/radiopaedia_10_85902_3.nii.gz,PASSED
P_radiopaedia_10_85902_3_radiopaedia_10_85902_3_z0142,P_radiopaedia_10_85902_3,radiopaedia_10_85902_3,142,630x630,0.6836,0.6836,1.0,83718,1,6925,data/raw/ct_volumes/radiopaedia_10_85902_3.nii.gz,data/raw/ground_truth_masks/radiopaedia_10_85902_3.nii.gz,PASSED
P_radiopaedia_10_85902_3_radiopaedia_10_85902_3_z0143,P_radiopaedia_10_85902_3,radiopaedia_10_85902_3,143,630x630,0.6836,0.6836,1.0,83740,1,5999,data/raw/ct_volumes/radiopaedia_10_85902_3.nii.gz,data/raw/ground_truth_masks/radiopaedia_10_85902_3.nii.gz,PASSED
P_radiopaedia_10_85902_3_radiopaedia_10_85902_3_z0145,P_radiopaedia_10_85902_3,radiopaedia_10_85902_3,145,630x630,0.6836,0.6836,1.0,83677,1,6057,data/raw/ct_volumes/radiopaedia_10_85902_3.nii.gz,data/raw/ground_truth_masks/radiopaedia_10_85902_3.nii.gz,PASSED
P_radiopaedia_10_85902_3_radiopaedia_10_85902_3_z0146,P_radiopaedia_10_85902_3,radiopaedia_10_85902_3,146,630x630,0.6836,0.6836,1.0,83749,1,6051,data/raw/ct_volumes/radiopaedia_10_85902_3.nii.gz,data/raw/ground_truth_masks/radiopaedia_10_85902_3.nii.gz,PASSED
P_radiopaedia_10_85902_3_radiopaedia_10_85902_3_z0147,P_radiopaedia_10_85902_3,radiopaedia_10_85902_3,147,630x630,0.6836,0.6836,1.0,83632,1,5782,data/raw/ct_volumes/radiopaedia_10_85902_3.nii.gz,data/raw/ground_truth_masks/radiopaedia_10_85902_3.nii.gz,PASSED
P_radiopaedia_10_85902_3_radiopaedia_10_85902_3_z0148,P_radiopaedia_10_85902_3,radiopaedia_10_85902_3,148,630x630,0.6836,0.6836,1.0,83570,1,6138,data/raw/ct_volumes/radiopaedia_10_85902_3.nii.gz,data/raw/ground_truth_masks/radiopaedia_10_85902_3.nii.gz,PASSED
P_radiopaedia_10_85902_3_radiopaedia_10_85902_3_z0150,P_radiopaedia_10_85902_3,radiopaedia_10_85902_3,150,630x630,0.6836,0.6836,1.0,83411,1,6096,data/raw/ct_volumes/radiopaedia_10_85902_3.nii.gz,data/raw/ground_truth_masks/radiopaedia_10_85902_3.nii.gz,PASSED
P_radiopaedia_10_85902_3_radiopaedia_10_85902_3_z0151,P_radiopaedia_10_85902_3,radiopaedia_10_85902_3,151,630x630,0.6836,0.6836,1.0,83304,1,6106,data/raw/ct_volumes/radiopaedia_10_85902_3.nii.gz,data/raw/ground_truth_masks/radiopaedia_10_85902_3.nii.gz,PASSED
P_radiopaedia_10_85902_3_radiopaedia_10_85902_3_z0152,P_radiopaedia_10_85902_3,radiopaedia_10_85902_3,152,630x630,0.6836,0.6836,1.0,83342,1,6156,data/raw/ct_volumes/radiopaedia_10_85902_3.nii.gz,data/raw/ground_truth_masks/radiopaedia_10_85902_3.nii.gz,PASSED
P_radiopaedia_10_85902_3_radiopaedia_10_85902_3_z0154,P_radiopaedia_10_85902_3,radiopaedia_10_85902_3,154,630x630,0.6836,0.6836,1.0,82969,1,6366,data/raw/ct_volumes/radiopaedia_10_85902_3.nii.gz,data/raw/ground_truth_masks/radiopaedia_10_85902_3.nii.gz,PASSED
P_radiopaedia_10_85902_3_radiopaedia_10_85902_3_z0155,P_radiopaedia_10_85902_3,radiopaedia_10_85902_3,155,630x630,0.6836,0.6836,1.0,82806,1,6293,data/raw/ct_volumes/radiopaedia_10_85902_3.nii.gz,data/raw/ground_truth_masks/radiopaedia_10_85902_3.nii.gz,PASSED
P_radiopaedia_10_85902_3_radiopaedia_10_85902_3_z0156,P_radiopaedia_10_85902_3,radiopaedia_10_85902_3,156,630x630,0.6836,0.6836,1.0,82566,1,6349,data/raw/ct_volumes/radiopaedia_10_85902_3.nii.gz,data/raw/ground_truth_masks/radiopaedia_10_85902_3.nii.gz,PASSED
P_radiopaedia_10_85902_3_radiopaedia_10_85902_3_z0157,P_radiopaedia_10_85902_3,radiopaedia_10_85902_3,157,630x630,0.6836,0.6836,1.0,82379,1,6118,data/raw/ct_volumes/radiopaedia_10_85902_3.nii.gz,data/raw/ground_truth_masks/radiopaedia_10_85902_3.nii.gz,PASSED
P_radiopaedia_10_85902_3_radiopaedia_10_85902_3_z0159,P_radiopaedia_10_85902_3,radiopaedia_10_85902_3,159,630x630,0.6836,0.6836,1.0,82092,1,5894,data/raw/ct_volumes/radiopaedia_10_85902_3.nii.gz,data/raw/ground_truth_masks/radiopaedia_10_85902_3.nii.gz,PASSED
P_radiopaedia_10_85902_3_radiopaedia_10_85902_3_z0160,P_radiopaedia_10_85902_3,radiopaedia_10_85902_3,160,630x630,0.6836,0.6836,1.0,81991,1,5676,data/raw/ct_volumes/radiopaedia_10_85902_3.nii.gz,data/raw/ground_truth_masks/radiopaedia_10_85902_3.nii.gz,PASSED
P_radiopaedia_10_85902_3_radiopaedia_10_85902_3_z0161,P_radiopaedia_10_85902_3,radiopaedia_10_85902_3,161,630x630,0.6836,0.6836,1.0,81916,1,6211,data/raw/ct_volumes/radiopaedia_10_85902_3.nii.gz,data/raw/ground_truth_masks/radiopaedia_10_85902_3.nii.gz,PASSED
P_radiopaedia_10_85902_3_radiopaedia_10_85902_3_z0162,P_radiopaedia_10_85902_3,radiopaedia_10_85902_3,162,630x630,0.6836,0.6836,1.0,81792,1,5948,data/raw/ct_volumes/radiopaedia_10_85902_3.nii.gz,data/raw/ground_truth_masks/radiopaedia_10_85902_3.nii.gz,PASSED
P_radiopaedia_10_85902_3_radiopaedia_10_85902_3_z0164,P_radiopaedia_10_85902_3,radiopaedia_10_85902_3,164,630x630,0.6836,0.6836,1.0,81611,1,5007,data/raw/ct_volumes/radiopaedia_10_85902_3.nii.gz,data/raw/ground_truth_masks/radiopaedia_10_85902_3.nii.gz,PASSED
P_radiopaedia_10_85902_3_radiopaedia_10_85902_3_z0165,P_radiopaedia_10_85902_3,radiopaedia_10_85902_3,165,630x630,0.6836,0.6836,1.0,81455,1,5139,data/raw/ct_volumes/radiopaedia_10_85902_3.nii.gz,data/raw/ground_truth_masks/radiopaedia_10_85902_3.nii.gz,PASSED
P_radiopaedia_10_85902_3_radiopaedia_10_85902_3_z0166,P_radiopaedia_10_85902_3,radiopaedia_10_85902_3,166,630x630,0.6836,0.6836,1.0,81497,1,5251,data/raw/ct_volumes/radiopaedia_10_85902_3.nii.gz,data/raw/ground_truth_masks/radiopaedia_10_85902_3.nii.gz,PASSED
P_radiopaedia_10_85902_3_radiopaedia_10_85902_3_z0167,P_radiopaedia_10_85902_3,radiopaedia_10_85902_3,167,630x630,0.6836,0.6836,1.0,81443,1,5294,data/raw/ct_volumes/radiopaedia_10_85902_3.nii.gz,data/raw/ground_truth_masks/radiopaedia_10_85902_3.nii.gz,PASSED
P_radiopaedia_10_85902_3_radiopaedia_10_85902_3_z0169,P_radiopaedia_10_85902_3,radiopaedia_10_85902_3,169,630x630,0.6836,0.6836,1.0,81434,1,5724,data/raw/ct_volumes/radiopaedia_10_85902_3.nii.gz,data/raw/ground_truth_masks/radiopaedia_10_85902_3.nii.gz,PASSED
P_radiopaedia_10_85902_3_radiopaedia_10_85902_3_z0170,P_radiopaedia_10_85902_3,radiopaedia_10_85902_3,170,630x630,0.6836,0.6836,1.0,81345,1,5096,data/raw/ct_volumes/radiopaedia_10_85902_3.nii.gz,data/raw/ground_truth_masks/radiopaedia_10_85902_3.nii.gz,PASSED
P_radiopaedia_10_85902_3_radiopaedia_10_85902_3_z0171,P_radiopaedia_10_85902_3,radiopaedia_10_85902_3,171,630x630,0.6836,0.6836,1.0,81327,1,5566,data/raw/ct_volumes/radiopaedia_10_85902_3.nii.gz,data/raw/ground_truth_masks/radiopaedia_10_85902_3.nii.gz,PASSED
P_radiopaedia_10_85902_3_radiopaedia_10_85902_3_z0172,P_radiopaedia_10_85902_3,radiopaedia_10_85902_3,172,630x630,0.6836,0.6836,1.0,80996,1,5739,data/raw/ct_volumes/radiopaedia_10_85902_3.nii.gz,data/raw/ground_truth_masks/radiopaedia_10_85902_3.nii.gz,PASSED
P_radiopaedia_10_85902_3_radiopaedia_10_85902_3_z0174,P_radiopaedia_10_85902_3,radiopaedia_10_85902_3,174,630x630,0.6836,0.6836,1.0,80051,1,4700,data/raw/ct_volumes/radiopaedia_10_85902_3.nii.gz,data/raw/ground_truth_masks/radiopaedia_10_85902_3.nii.gz,PASSED
P_radiopaedia_10_85902_3_radiopaedia_10_85902_3_z0175,P_radiopaedia_10_85902_3,radiopaedia_10_85902_3,175,630x630,0.6836,0.6836,1.0,79972,1,5236,data/raw/ct_volumes/radiopaedia_10_85902_3.nii.gz,data/raw/ground_truth_masks/radiopaedia_10_85902_3.nii.gz,PASSED
P_radiopaedia_10_85902_3_radiopaedia_10_85902_3_z0176,P_radiopaedia_10_85902_3,radiopaedia_10_85902_3,176,630x630,0.6836,0.6836,1.0,79566,1,4870,data/raw/ct_volumes/radiopaedia_10_85902_3.nii.gz,data/raw/ground_truth_masks/radiopaedia_10_85902_3.nii.gz,PASSED
P_radiopaedia_10_85902_3_radiopaedia_10_85902_3_z0178,P_radiopaedia_10_85902_3,radiopaedia_10_85902_3,178,630x630,0.6836,0.6836,1.0,79726,1,4205,data/raw/ct_volumes/radiopaedia_10_85902_3.nii.gz,data/raw/ground_truth_masks/radiopaedia_10_85902_3.nii.gz,PASSED
P_radiopaedia_10_85902_3_radiopaedia_10_85902_3_z0179,P_radiopaedia_10_85902_3,radiopaedia_10_85902_3,179,630x630,0.6836,0.6836,1.0,79723,1,4194,data/raw/ct_volumes/radiopaedia_10_85902_3.nii.gz,data/raw/ground_truth_masks/radiopaedia_10_85902_3.nii.gz,PASSED
P_radiopaedia_10_85902_3_radiopaedia_10_85902_3_z0180,P_radiopaedia_10_85902_3,radiopaedia_10_85902_3,180,630x630,0.6836,0.6836,1.0,79722,1,4296,data/raw/ct_volumes/radiopaedia_10_85902_3.nii.gz,data/raw/ground_truth_masks/radiopaedia_10_85902_3.nii.gz,PASSED
P_radiopaedia_10_85902_3_radiopaedia_10_85902_3_z0181,P_radiopaedia_10_85902_3,radiopaedia_10_85902_3,181,630x630,0.6836,0.6836,1.0,79732,1,4528,data/raw/ct_volumes/radiopaedia_10_85902_3.nii.gz,data/raw/ground_truth_masks/radiopaedia_10_85902_3.nii.gz,PASSED
P_radiopaedia_10_85902_3_radiopaedia_10_85902_3_z0183,P_radiopaedia_10_85902_3,radiopaedia_10_85902_3,183,630x630,0.6836,0.6836,1.0,78921,1,4061,data/raw/ct_volumes/radiopaedia_10_85902_3.nii.gz,data/raw/ground_truth_masks/radiopaedia_10_85902_3.nii.gz,PASSED
P_radiopaedia_10_85902_3_radiopaedia_10_85902_3_z0184,P_radiopaedia_10_85902_3,radiopaedia_10_85902_3,184,630x630,0.6836,0.6836,1.0,78641,1,3289,data/raw/ct_volumes/radiopaedia_10_85902_3.nii.gz,data/raw/ground_truth_masks/radiopaedia_10_85902_3.nii.gz,PASSED
P_radiopaedia_10_85902_3_radiopaedia_10_85902_3_z0185,P_radiopaedia_10_85902_3,radiopaedia_10_85902_3,185,630x630,0.6836,0.6836,1.0,78247,1,3798,data/raw/ct_volumes/radiopaedia_10_85902_3.nii.gz,data/raw/ground_truth_masks/radiopaedia_10_85902_3.nii.gz,PASSED
P_radiopaedia_10_85902_3_radiopaedia_10_85902_3_z0186,P_radiopaedia_10_85902_3,radiopaedia_10_85902_3,186,630x630,0.6836,0.6836,1.0,78190,1,4092,data/raw/ct_volumes/radiopaedia_10_85902_3.nii.gz,data/raw/ground_truth_masks/radiopaedia_10_85902_3.nii.gz,PASSED
P_radiopaedia_10_85902_3_radiopaedia_10_85902_3_z0188,P_radiopaedia_10_85902_3,radiopaedia_10_85902_3,188,630x630,0.6836,0.6836,1.0,77943,1,3850,data/raw/ct_volumes/radiopaedia_10_85902_3.nii.gz,data/raw/ground_truth_masks/radiopaedia_10_85902_3.nii.gz,PASSED
P_radiopaedia_10_85902_3_radiopaedia_10_85902_3_z0189,P_radiopaedia_10_85902_3,radiopaedia_10_85902_3,189,630x630,0.6836,0.6836,1.0,77802,1,3122,data/raw/ct_volumes/radiopaedia_10_85902_3.nii.gz,data/raw/ground_truth_masks/radiopaedia_10_85902_3.nii.gz,PASSED
P_radiopaedia_10_85902_3_radiopaedia_10_85902_3_z0190,P_radiopaedia_10_85902_3,radiopaedia_10_85902_3,190,630x630,0.6836,0.6836,1.0,77885,1,2812,data/raw/ct_volumes/radiopaedia_10_85902_3.nii.gz,data/raw/ground_truth_masks/radiopaedia_10_85902_3.nii.gz,PASSED
P_radiopaedia_10_85902_3_radiopaedia_10_85902_3_z0191,P_radiopaedia_10_85902_3,radiopaedia_10_85902_3,191,630x630,0.6836,0.6836,1.0,77912,1,2321,data/raw/ct_volumes/radiopaedia_10_85902_3.nii.gz,data/raw/ground_truth_masks/radiopaedia_10_85902_3.nii.gz,PASSED
P_radiopaedia_10_85902_3_radiopaedia_10_85902_3_z0193,P_radiopaedia_10_85902_3,radiopaedia_10_85902_3,193,630x630,0.6836,0.6836,1.0,78084,1,2425,data/raw/ct_volumes/radiopaedia_10_85902_3.nii.gz,data/raw/ground_truth_masks/radiopaedia_10_85902_3.nii.gz,PASSED
P_radiopaedia_10_85902_3_radiopaedia_10_85902_3_z0194,P_radiopaedia_10_85902_3,radiopaedia_10_85902_3,194,630x630,0.6836,0.6836,1.0,77643,1,2392,data/raw/ct_volumes/radiopaedia_10_85902_3.nii.gz,data/raw/ground_truth_masks/radiopaedia_10_85902_3.nii.gz,PASSED
P_radiopaedia_10_85902_3_radiopaedia_10_85902_3_z0195,P_radiopaedia_10_85902_3,radiopaedia_10_85902_3,195,630x630,0.6836,0.6836,1.0,77256,1,2516,data/raw/ct_volumes/radiopaedia_10_85902_3.nii.gz,data/raw/ground_truth_masks/radiopaedia_10_85902_3.nii.gz,PASSED
P_radiopaedia_10_85902_3_radiopaedia_10_85902_3_z0197,P_radiopaedia_10_85902_3,radiopaedia_10_85902_3,197,630x630,0.6836,0.6836,1.0,77072,1,2045,data/raw/ct_volumes/radiopaedia_10_85902_3.nii.gz,data/raw/ground_truth_masks/radiopaedia_10_85902_3.nii.gz,PASSED
P_radiopaedia_10_85902_3_radiopaedia_10_85902_3_z0198,P_radiopaedia_10_85902_3,radiopaedia_10_85902_3,198,630x630,0.6836,0.6836,1.0,77280,1,1599,data/raw/ct_volumes/radiopaedia_10_85902_3.nii.gz,data/raw/ground_truth_masks/radiopaedia_10_85902_3.nii.gz,PASSED
P_radiopaedia_10_85902_3_radiopaedia_10_85902_3_z0199,P_radiopaedia_10_85902_3,radiopaedia_10_85902_3,199,630x630,0.6836,0.6836,1.0,77270,1,1346,data/raw/ct_volumes/radiopaedia_10_85902_3.nii.gz,data/raw/ground_truth_masks/radiopaedia_10_85902_3.nii.gz,PASSED
P_radiopaedia_10_85902_3_radiopaedia_10_85902_3_z0200,P_radiopaedia_10_85902_3,radiopaedia_10_85902_3,200,630x630,0.6836,0.6836,1.0,77059,1,925,data/raw/ct_volumes/radiopaedia_10_85902_3.nii.gz,data/raw/ground_truth_masks/radiopaedia_10_85902_3.nii.gz,PASSED
P_radiopaedia_10_85902_3_radiopaedia_10_85902_3_z0204,P_radiopaedia_10_85902_3,radiopaedia_10_85902_3,204,630x630,0.6836,0.6836,1.0,76570,0,0,data/raw/ct_volumes/radiopaedia_10_85902_3.nii.gz,data/raw/ground_truth_masks/radiopaedia_10_85902_3.nii.gz,PASSED
P_radiopaedia_10_85902_3_radiopaedia_10_85902_3_z0209,P_radiopaedia_10_85902_3,radiopaedia_10_85902_3,209,630x630,0.6836,0.6836,1.0,76294,0,0,data/raw/ct_volumes/radiopaedia_10_85902_3.nii.gz,data/raw/ground_truth_masks/radiopaedia_10_85902_3.nii.gz,PASSED
P_radiopaedia_10_85902_3_radiopaedia_10_85902_3_z0214,P_radiopaedia_10_85902_3,radiopaedia_10_85902_3,214,630x630,0.6836,0.6836,1.0,75530,0,0,data/raw/ct_volumes/radiopaedia_10_85902_3.nii.gz,data/raw/ground_truth_masks/radiopaedia_10_85902_3.nii.gz,PASSED
P_radiopaedia_10_85902_3_radiopaedia_10_85902_3_z0219,P_radiopaedia_10_85902_3,radiopaedia_10_85902_3,219,630x630,0.6836,0.6836,1.0,75546,0,0,data/raw/ct_volumes/radiopaedia_10_85902_3.nii.gz,data/raw/ground_truth_masks/radiopaedia_10_85902_3.nii.gz,PASSED
P_radiopaedia_10_85902_3_radiopaedia_10_85902_3_z0224,P_radiopaedia_10_85902_3,radiopaedia_10_85902_3,224,630x630,0.6836,0.6836,1.0,74143,0,0,data/raw/ct_volumes/radiopaedia_10_85902_3.nii.gz,data/raw/ground_truth_masks/radiopaedia_10_85902_3.nii.gz,PASSED
P_radiopaedia_10_85902_3_radiopaedia_10_85902_3_z0230,P_radiopaedia_10_85902_3,radiopaedia_10_85902_3,230,630x630,0.6836,0.6836,1.0,72912,0,0,data/raw/ct_volumes/radiopaedia_10_85902_3.nii.gz,data/raw/ground_truth_masks/radiopaedia_10_85902_3.nii.gz,PASSED
P_radiopaedia_10_85902_3_radiopaedia_10_85902_3_z0235,P_radiopaedia_10_85902_3,radiopaedia_10_85902_3,235,630x630,0.6836,0.6836,1.0,72354,0,0,data/raw/ct_volumes/radiopaedia_10_85902_3.nii.gz,data/raw/ground_truth_masks/radiopaedia_10_85902_3.nii.gz,PASSED
P_radiopaedia_10_85902_3_radiopaedia_10_85902_3_z0240,P_radiopaedia_10_85902_3,radiopaedia_10_85902_3,240,630x630,0.6836,0.6836,1.0,71706,0,0,data/raw/ct_volumes/radiopaedia_10_85902_3.nii.gz,data/raw/ground_truth_masks/radiopaedia_10_85902_3.nii.gz,PASSED
P_radiopaedia_10_85902_3_radiopaedia_10_85902_3_z0245,P_radiopaedia_10_85902_3,radiopaedia_10_85902_3,245,630x630,0.6836,0.6836,1.0,70101,0,0,data/raw/ct_volumes/radiopaedia_10_85902_3.nii.gz,data/raw/ground_truth_masks/radiopaedia_10_85902_3.nii.gz,PASSED
P_radiopaedia_10_85902_3_radiopaedia_10_85902_3_z0250,P_radiopaedia_10_85902_3,radiopaedia_10_85902_3,250,630x630,0.6836,0.6836,1.0,69462,0,0,data/raw/ct_volumes/radiopaedia_10_85902_3.nii.gz,data/raw/ground_truth_masks/radiopaedia_10_85902_3.nii.gz,PASSED
P_radiopaedia_10_85902_3_radiopaedia_10_85902_3_z0255,P_radiopaedia_10_85902_3,radiopaedia_10_85902_3,255,630x630,0.6836,0.6836,1.0,67747,0,0,data/raw/ct_volumes/radiopaedia_10_85902_3.nii.gz,data/raw/ground_truth_masks/radiopaedia_10_85902_3.nii.gz,PASSED
P_radiopaedia_10_85902_3_radiopaedia_10_85902_3_z0260,P_radiopaedia_10_85902_3,radiopaedia_10_85902_3,260,630x630,0.6836,0.6836,1.0,65200,0,0,data/raw/ct_volumes/radiopaedia_10_85902_3.nii.gz,data/raw/ground_truth_masks/radiopaedia_10_85902_3.nii.gz,PASSED
P_radiopaedia_10_85902_3_radiopaedia_10_85902_3_z0265,P_radiopaedia_10_85902_3,radiopaedia_10_85902_3,265,630x630,0.6836,0.6836,1.0,64530,0,0,data/raw/ct_volumes/radiopaedia_10_85902_3.nii.gz,data/raw/ground_truth_masks/radiopaedia_10_85902_3.nii.gz,PASSED
P_radiopaedia_10_85902_3_radiopaedia_10_85902_3_z0270,P_radiopaedia_10_85902_3,radiopaedia_10_85902_3,270,630x630,0.6836,0.6836,1.0,63111,0,0,data/raw/ct_volumes/radiopaedia_10_85902_3.nii.gz,data/raw/ground_truth_masks/radiopaedia_10_85902_3.nii.gz,PASSED
P_radiopaedia_10_85902_3_radiopaedia_10_85902_3_z0275,P_radiopaedia_10_85902_3,radiopaedia_10_85902_3,275,630x630,0.6836,0.6836,1.0,62009,0,0,data/raw/ct_volumes/radiopaedia_10_85902_3.nii.gz,data/raw/ground_truth_masks/radiopaedia_10_85902_3.nii.gz,PASSED
P_radiopaedia_10_85902_3_radiopaedia_10_85902_3_z0280,P_radiopaedia_10_85902_3,radiopaedia_10_85902_3,280,630x630,0.6836,0.6836,1.0,61415,0,0,data/raw/ct_volumes/radiopaedia_10_85902_3.nii.gz,data/raw/ground_truth_masks/radiopaedia_10_85902_3.nii.gz,PASSED
P_radiopaedia_10_85902_3_radiopaedia_10_85902_3_z0285,P_radiopaedia_10_85902_3,radiopaedia_10_85902_3,285,630x630,0.6836,0.6836,1.0,60034,0,0,data/raw/ct_volumes/radiopaedia_10_85902_3.nii.gz,data/raw/ground_truth_masks/radiopaedia_10_85902_3.nii.gz,PASSED
P_radiopaedia_10_85902_3_radiopaedia_10_85902_3_z0290,P_radiopaedia_10_85902_3,radiopaedia_10_85902_3,290,630x630,0.6836,0.6836,1.0,58397,0,0,data/raw/ct_volumes/radiopaedia_10_85902_3.nii.gz,data/raw/ground_truth_masks/radiopaedia_10_85902_3.nii.gz,PASSED
P_radiopaedia_10_85902_3_radiopaedia_10_85902_3_z0295,P_radiopaedia_10_85902_3,radiopaedia_10_85902_3,295,630x630,0.6836,0.6836,1.0,56382,0,0,data/raw/ct_volumes/radiopaedia_10_85902_3.nii.gz,data/raw/ground_truth_masks/radiopaedia_10_85902_3.nii.gz,PASSED
P_radiopaedia_10_85902_3_radiopaedia_10_85902_3_z0300,P_radiopaedia_10_85902_3,radiopaedia_10_85902_3,300,630x630,0.6836,0.6836,1.0,53984,0,0,data/raw/ct_volumes/radiopaedia_10_85902_3.nii.gz,data/raw/ground_truth_masks/radiopaedia_10_85902_3.nii.gz,PASSED
P_radiopaedia_10_85902_3_radiopaedia_10_85902_3_z0305,P_radiopaedia_10_85902_3,radiopaedia_10_85902_3,305,630x630,0.6836,0.6836,1.0,51503,0,0,data/raw/ct_volumes/radiopaedia_10_85902_3.nii.gz,data/raw/ground_truth_masks/radiopaedia_10_85902_3.nii.gz,PASSED
P_radiopaedia_10_85902_3_radiopaedia_10_85902_3_z0311,P_radiopaedia_10_85902_3,radiopaedia_10_85902_3,311,630x630,0.6836,0.6836,1.0,48265,0,0,data/raw/ct_volumes/radiopaedia_10_85902_3.nii.gz,data/raw/ground_truth_masks/radiopaedia_10_85902_3.nii.gz,PASSED
P_radiopaedia_10_85902_3_radiopaedia_10_85902_3_z0316,P_radiopaedia_10_85902_3,radiopaedia_10_85902_3,316,630x630,0.6836,0.6836,1.0,45341,0,0,data/raw/ct_volumes/radiopaedia_10_85902_3.nii.gz,data/raw/ground_truth_masks/radiopaedia_10_85902_3.nii.gz,PASSED
P_radiopaedia_10_85902_3_radiopaedia_10_85902_3_z0321,P_radiopaedia_10_85902_3,radiopaedia_10_85902_3,321,630x630,0.6836,0.6836,1.0,42565,0,0,data/raw/ct_volumes/radiopaedia_10_85902_3.nii.gz,data/raw/ground_truth_masks/radiopaedia_10_85902_3.nii.gz,PASSED
P_radiopaedia_10_85902_3_radiopaedia_10_85902_3_z0326,P_radiopaedia_10_85902_3,radiopaedia_10_85902_3,326,630x630,0.6836,0.6836,1.0,39664,0,0,data/raw/ct_volumes/radiopaedia_10_85902_3.nii.gz,data/raw/ground_truth_masks/radiopaedia_10_85902_3.nii.gz,PASSED
P_radiopaedia_10_85902_3_radiopaedia_10_85902_3_z0331,P_radiopaedia_10_85902_3,radiopaedia_10_85902_3,331,630x630,0.6836,0.6836,1.0,36438,0,0,data/raw/ct_volumes/radiopaedia_10_85902_3.nii.gz,data/raw/ground_truth_masks/radiopaedia_10_85902_3.nii.gz,PASSED
P_radiopaedia_10_85902_3_radiopaedia_10_85902_3_z0336,P_radiopaedia_10_85902_3,radiopaedia_10_85902_3,336,630x630,0.6836,0.6836,1.0,32842,0,0,data/raw/ct_volumes/radiopaedia_10_85902_3.nii.gz,data/raw/ground_truth_masks/radiopaedia_10_85902_3.nii.gz,PASSED
P_radiopaedia_10_85902_3_radiopaedia_10_85902_3_z0341,P_radiopaedia_10_85902_3,radiopaedia_10_85902_3,341,630x630,0.6836,0.6836,1.0,29023,0,0,data/raw/ct_volumes/radiopaedia_10_85902_3.nii.gz,data/raw/ground_truth_masks/radiopaedia_10_85902_3.nii.gz,PASSED
P_radiopaedia_10_85902_3_radiopaedia_10_85902_3_z0346,P_radiopaedia_10_85902_3,radiopaedia_10_85902_3,346,630x630,0.6836,0.6836,1.0,25027,0,0,data/raw/ct_volumes/radiopaedia_10_85902_3.nii.gz,data/raw/ground_truth_masks/radiopaedia_10_85902_3.nii.gz,PASSED
P_radiopaedia_10_85902_3_radiopaedia_10_85902_3_z0351,P_radiopaedia_10_85902_3,radiopaedia_10_85902_3,351,630x630,0.6836,0.6836,1.0,21536,0,0,data/raw/ct_volumes/radiopaedia_10_85902_3.nii.gz,data/raw/ground_truth_masks/radiopaedia_10_85902_3.nii.gz,PASSED
P_radiopaedia_10_85902_3_radiopaedia_10_85902_3_z0356,P_radiopaedia_10_85902_3,radiopaedia_10_85902_3,356,630x630,0.6836,0.6836,1.0,18655,0,0,data/raw/ct_volumes/radiopaedia_10_85902_3.nii.gz,data/raw/ground_truth_masks/radiopaedia_10_85902_3.nii.gz,PASSED
P_radiopaedia_10_85902_3_radiopaedia_10_85902_3_z0361,P_radiopaedia_10_85902_3,radiopaedia_10_85902_3,361,630x630,0.6836,0.6836,1.0,15964,0,0,data/raw/ct_volumes/radiopaedia_10_85902_3.nii.gz,data/raw/ground_truth_masks/radiopaedia_10_85902_3.nii.gz,PASSED
P_radiopaedia_10_85902_3_radiopaedia_10_85902_3_z0366,P_radiopaedia_10_85902_3,radiopaedia_10_85902_3,366,630x630,0.6836,0.6836,1.0,13359,0,0,data/raw/ct_volumes/radiopaedia_10_85902_3.nii.gz,data/raw/ground_truth_masks/radiopaedia_10_85902_3.nii.gz,PASSED
P_radiopaedia_10_85902_3_radiopaedia_10_85902_3_z0371,P_radiopaedia_10_85902_3,radiopaedia_10_85902_3,371,630x630,0.6836,0.6836,1.0,10800,0,0,data/raw/ct_volumes/radiopaedia_10_85902_3.nii.gz,data/raw/ground_truth_masks/radiopaedia_10_85902_3.nii.gz,PASSED
P_radiopaedia_10_85902_3_radiopaedia_10_85902_3_z0376,P_radiopaedia_10_85902_3,radiopaedia_10_85902_3,376,630x630,0.6836,0.6836,1.0,8212,0,0,data/raw/ct_volumes/radiopaedia_10_85902_3.nii.gz,data/raw/ground_truth_masks/radiopaedia_10_85902_3.nii.gz,PASSED
P_radiopaedia_10_85902_3_radiopaedia_10_85902_3_z0381,P_radiopaedia_10_85902_3,radiopaedia_10_85902_3,381,630x630,0.6836,0.6836,1.0,5445,0,0,data/raw/ct_volumes/radiopaedia_10_85902_3.nii.gz,data/raw/ground_truth_masks/radiopaedia_10_85902_3.nii.gz,PASSED
P_radiopaedia_14_85914_0_radiopaedia_14_85914_0_z0001,P_radiopaedia_14_85914_0,radiopaedia_14_85914_0,1,630x401,0.6836,0.6836,2.0,6354,1,1445,data/raw/ct_volumes/radiopaedia_14_85914_0.nii.gz,data/raw/ground_truth_masks/radiopaedia_14_85914_0.nii.gz,PASSED
P_radiopaedia_14_85914_0_radiopaedia_14_85914_0_z0002,P_radiopaedia_14_85914_0,radiopaedia_14_85914_0,2,630x401,0.6836,0.6836,2.0,7185,1,1790,data/raw/ct_volumes/radiopaedia_14_85914_0.nii.gz,data/raw/ground_truth_masks/radiopaedia_14_85914_0.nii.gz,PASSED
P_radiopaedia_14_85914_0_radiopaedia_14_85914_0_z0003,P_radiopaedia_14_85914_0,radiopaedia_14_85914_0,3,630x401,0.6836,0.6836,2.0,8219,1,1995,data/raw/ct_volumes/radiopaedia_14_85914_0.nii.gz,data/raw/ground_truth_masks/radiopaedia_14_85914_0.nii.gz,PASSED
P_radiopaedia_14_85914_0_radiopaedia_14_85914_0_z0004,P_radiopaedia_14_85914_0,radiopaedia_14_85914_0,4,630x401,0.6836,0.6836,2.0,8964,1,2004,data/raw/ct_volumes/radiopaedia_14_85914_0.nii.gz,data/raw/ground_truth_masks/radiopaedia_14_85914_0.nii.gz,PASSED
P_radiopaedia_14_85914_0_radiopaedia_14_85914_0_z0006,P_radiopaedia_14_85914_0,radiopaedia_14_85914_0,6,630x401,0.6836,0.6836,2.0,12571,1,3288,data/raw/ct_volumes/radiopaedia_14_85914_0.nii.gz,data/raw/ground_truth_masks/radiopaedia_14_85914_0.nii.gz,PASSED
P_radiopaedia_14_85914_0_radiopaedia_14_85914_0_z0007,P_radiopaedia_14_85914_0,radiopaedia_14_85914_0,7,630x401,0.6836,0.6836,2.0,13981,1,3459,data/raw/ct_volumes/radiopaedia_14_85914_0.nii.gz,data/raw/ground_truth_masks/radiopaedia_14_85914_0.nii.gz,PASSED
P_radiopaedia_14_85914_0_radiopaedia_14_85914_0_z0008,P_radiopaedia_14_85914_0,radiopaedia_14_85914_0,8,630x401,0.6836,0.6836,2.0,15718,1,3787,data/raw/ct_volumes/radiopaedia_14_85914_0.nii.gz,data/raw/ground_truth_masks/radiopaedia_14_85914_0.nii.gz,PASSED
P_radiopaedia_14_85914_0_radiopaedia_14_85914_0_z0009,P_radiopaedia_14_85914_0,radiopaedia_14_85914_0,9,630x401,0.6836,0.6836,2.0,16883,1,4082,data/raw/ct_volumes/radiopaedia_14_85914_0.nii.gz,data/raw/ground_truth_masks/radiopaedia_14_85914_0.nii.gz,PASSED
P_radiopaedia_14_85914_0_radiopaedia_14_85914_0_z0011,P_radiopaedia_14_85914_0,radiopaedia_14_85914_0,11,630x401,0.6836,0.6836,2.0,19664,1,3828,data/raw/ct_volumes/radiopaedia_14_85914_0.nii.gz,data/raw/ground_truth_masks/radiopaedia_14_85914_0.nii.gz,PASSED
P_radiopaedia_14_85914_0_radiopaedia_14_85914_0_z0012,P_radiopaedia_14_85914_0,radiopaedia_14_85914_0,12,630x401,0.6836,0.6836,2.0,21736,1,4241,data/raw/ct_volumes/radiopaedia_14_85914_0.nii.gz,data/raw/ground_truth_masks/radiopaedia_14_85914_0.nii.gz,PASSED
P_radiopaedia_14_85914_0_radiopaedia_14_85914_0_z0013,P_radiopaedia_14_85914_0,radiopaedia_14_85914_0,13,630x401,0.6836,0.6836,2.0,23421,1,3634,data/raw/ct_volumes/radiopaedia_14_85914_0.nii.gz,data/raw/ground_truth_masks/radiopaedia_14_85914_0.nii.gz,PASSED
P_radiopaedia_14_85914_0_radiopaedia_14_85914_0_z0014,P_radiopaedia_14_85914_0,radiopaedia_14_85914_0,14,630x401,0.6836,0.6836,2.0,25472,1,3707,data/raw/ct_volumes/radiopaedia_14_85914_0.nii.gz,data/raw/ground_truth_masks/radiopaedia_14_85914_0.nii.gz,PASSED
P_radiopaedia_14_85914_0_radiopaedia_14_85914_0_z0016,P_radiopaedia_14_85914_0,radiopaedia_14_85914_0,16,630x401,0.6836,0.6836,2.0,31120,1,5025,data/raw/ct_volumes/radiopaedia_14_85914_0.nii.gz,data/raw/ground_truth_masks/radiopaedia_14_85914_0.nii.gz,PASSED
P_radiopaedia_14_85914_0_radiopaedia_14_85914_0_z0017,P_radiopaedia_14_85914_0,radiopaedia_14_85914_0,17,630x401,0.6836,0.6836,2.0,31079,1,4551,data/raw/ct_volumes/radiopaedia_14_85914_0.nii.gz,data/raw/ground_truth_masks/radiopaedia_14_85914_0.nii.gz,PASSED
P_radiopaedia_14_85914_0_radiopaedia_14_85914_0_z0018,P_radiopaedia_14_85914_0,radiopaedia_14_85914_0,18,630x401,0.6836,0.6836,2.0,30516,1,4046,data/raw/ct_volumes/radiopaedia_14_85914_0.nii.gz,data/raw/ground_truth_masks/radiopaedia_14_85914_0.nii.gz,PASSED
P_radiopaedia_14_85914_0_radiopaedia_14_85914_0_z0020,P_radiopaedia_14_85914_0,radiopaedia_14_85914_0,20,630x401,0.6836,0.6836,2.0,33019,1,4564,data/raw/ct_volumes/radiopaedia_14_85914_0.nii.gz,data/raw/ground_truth_masks/radiopaedia_14_85914_0.nii.gz,PASSED
P_radiopaedia_14_85914_0_radiopaedia_14_85914_0_z0021,P_radiopaedia_14_85914_0,radiopaedia_14_85914_0,21,630x401,0.6836,0.6836,2.0,32681,1,5746,data/raw/ct_volumes/radiopaedia_14_85914_0.nii.gz,data/raw/ground_truth_masks/radiopaedia_14_85914_0.nii.gz,PASSED
P_radiopaedia_14_85914_0_radiopaedia_14_85914_0_z0022,P_radiopaedia_14_85914_0,radiopaedia_14_85914_0,22,630x401,0.6836,0.6836,2.0,33426,1,6653,data/raw/ct_volumes/radiopaedia_14_85914_0.nii.gz,data/raw/ground_truth_masks/radiopaedia_14_85914_0.nii.gz,PASSED
P_radiopaedia_14_85914_0_radiopaedia_14_85914_0_z0023,P_radiopaedia_14_85914_0,radiopaedia_14_85914_0,23,630x401,0.6836,0.6836,2.0,34684,1,7393,data/raw/ct_volumes/radiopaedia_14_85914_0.nii.gz,data/raw/ground_truth_masks/radiopaedia_14_85914_0.nii.gz,PASSED
P_radiopaedia_14_85914_0_radiopaedia_14_85914_0_z0025,P_radiopaedia_14_85914_0,radiopaedia_14_85914_0,25,630x401,0.6836,0.6836,2.0,38047,1,11320,data/raw/ct_volumes/radiopaedia_14_85914_0.nii.gz,data/raw/ground_truth_masks/radiopaedia_14_85914_0.nii.gz,PASSED
P_radiopaedia_14_85914_0_radiopaedia_14_85914_0_z0026,P_radiopaedia_14_85914_0,radiopaedia_14_85914_0,26,630x401,0.6836,0.6836,2.0,38807,1,13038,data/raw/ct_volumes/radiopaedia_14_85914_0.nii.gz,data/raw/ground_truth_masks/radiopaedia_14_85914_0.nii.gz,PASSED
P_radiopaedia_14_85914_0_radiopaedia_14_85914_0_z0027,P_radiopaedia_14_85914_0,radiopaedia_14_85914_0,27,630x401,0.6836,0.6836,2.0,40561,1,13909,data/raw/ct_volumes/radiopaedia_14_85914_0.nii.gz,data/raw/ground_truth_masks/radiopaedia_14_85914_0.nii.gz,PASSED
P_radiopaedia_14_85914_0_radiopaedia_14_85914_0_z0028,P_radiopaedia_14_85914_0,radiopaedia_14_85914_0,28,630x401,0.6836,0.6836,2.0,41489,1,15279,data/raw/ct_volumes/radiopaedia_14_85914_0.nii.gz,data/raw/ground_truth_masks/radiopaedia_14_85914_0.nii.gz,PASSED
P_radiopaedia_14_85914_0_radiopaedia_14_85914_0_z0030,P_radiopaedia_14_85914_0,radiopaedia_14_85914_0,30,630x401,0.6836,0.6836,2.0,43949,1,15136,data/raw/ct_volumes/radiopaedia_14_85914_0.nii.gz,data/raw/ground_truth_masks/radiopaedia_14_85914_0.nii.gz,PASSED
P_radiopaedia_14_85914_0_radiopaedia_14_85914_0_z0031,P_radiopaedia_14_85914_0,radiopaedia_14_85914_0,31,630x401,0.6836,0.6836,2.0,46675,1,14257,data/raw/ct_volumes/radiopaedia_14_85914_0.nii.gz,data/raw/ground_truth_masks/radiopaedia_14_85914_0.nii.gz,PASSED
P_radiopaedia_14_85914_0_radiopaedia_14_85914_0_z0032,P_radiopaedia_14_85914_0,radiopaedia_14_85914_0,32,630x401,0.6836,0.6836,2.0,49667,1,11906,data/raw/ct_volumes/radiopaedia_14_85914_0.nii.gz,data/raw/ground_truth_masks/radiopaedia_14_85914_0.nii.gz,PASSED
P_radiopaedia_14_85914_0_radiopaedia_14_85914_0_z0033,P_radiopaedia_14_85914_0,radiopaedia_14_85914_0,33,630x401,0.6836,0.6836,2.0,52026,1,15265,data/raw/ct_volumes/radiopaedia_14_85914_0.nii.gz,data/raw/ground_truth_masks/radiopaedia_14_85914_0.nii.gz,PASSED
P_radiopaedia_14_85914_0_radiopaedia_14_85914_0_z0035,P_radiopaedia_14_85914_0,radiopaedia_14_85914_0,35,630x401,0.6836,0.6836,2.0,56490,1,12805,data/raw/ct_volumes/radiopaedia_14_85914_0.nii.gz,data/raw/ground_truth_masks/radiopaedia_14_85914_0.nii.gz,PASSED
P_radiopaedia_14_85914_0_radiopaedia_14_85914_0_z0036,P_radiopaedia_14_85914_0,radiopaedia_14_85914_0,36,630x401,0.6836,0.6836,2.0,56304,1,14240,data/raw/ct_volumes/radiopaedia_14_85914_0.nii.gz,data/raw/ground_truth_masks/radiopaedia_14_85914_0.nii.gz,PASSED
P_radiopaedia_14_85914_0_radiopaedia_14_85914_0_z0037,P_radiopaedia_14_85914_0,radiopaedia_14_85914_0,37,630x401,0.6836,0.6836,2.0,56838,1,15020,data/raw/ct_volumes/radiopaedia_14_85914_0.nii.gz,data/raw/ground_truth_masks/radiopaedia_14_85914_0.nii.gz,PASSED
P_radiopaedia_14_85914_0_radiopaedia_14_85914_0_z0038,P_radiopaedia_14_85914_0,radiopaedia_14_85914_0,38,630x401,0.6836,0.6836,2.0,57327,1,20724,data/raw/ct_volumes/radiopaedia_14_85914_0.nii.gz,data/raw/ground_truth_masks/radiopaedia_14_85914_0.nii.gz,PASSED
P_radiopaedia_14_85914_0_radiopaedia_14_85914_0_z0040,P_radiopaedia_14_85914_0,radiopaedia_14_85914_0,40,630x401,0.6836,0.6836,2.0,57813,1,21152,data/raw/ct_volumes/radiopaedia_14_85914_0.nii.gz,data/raw/ground_truth_masks/radiopaedia_14_85914_0.nii.gz,PASSED
P_radiopaedia_14_85914_0_radiopaedia_14_85914_0_z0041,P_radiopaedia_14_85914_0,radiopaedia_14_85914_0,41,630x401,0.6836,0.6836,2.0,57695,1,22183,data/raw/ct_volumes/radiopaedia_14_85914_0.nii.gz,data/raw/ground_truth_masks/radiopaedia_14_85914_0.nii.gz,PASSED
P_radiopaedia_14_85914_0_radiopaedia_14_85914_0_z0042,P_radiopaedia_14_85914_0,radiopaedia_14_85914_0,42,630x401,0.6836,0.6836,2.0,58045,1,23104,data/raw/ct_volumes/radiopaedia_14_85914_0.nii.gz,data/raw/ground_truth_masks/radiopaedia_14_85914_0.nii.gz,PASSED
P_radiopaedia_14_85914_0_radiopaedia_14_85914_0_z0044,P_radiopaedia_14_85914_0,radiopaedia_14_85914_0,44,630x401,0.6836,0.6836,2.0,56516,1,23890,data/raw/ct_volumes/radiopaedia_14_85914_0.nii.gz,data/raw/ground_truth_masks/radiopaedia_14_85914_0.nii.gz,PASSED
P_radiopaedia_14_85914_0_radiopaedia_14_85914_0_z0045,P_radiopaedia_14_85914_0,radiopaedia_14_85914_0,45,630x401,0.6836,0.6836,2.0,56724,1,23672,data/raw/ct_volumes/radiopaedia_14_85914_0.nii.gz,data/raw/ground_truth_masks/radiopaedia_14_85914_0.nii.gz,PASSED
P_radiopaedia_14_85914_0_radiopaedia_14_85914_0_z0046,P_radiopaedia_14_85914_0,radiopaedia_14_85914_0,46,630x401,0.6836,0.6836,2.0,57030,1,21268,data/raw/ct_volumes/radiopaedia_14_85914_0.nii.gz,data/raw/ground_truth_masks/radiopaedia_14_85914_0.nii.gz,PASSED
P_radiopaedia_14_85914_0_radiopaedia_14_85914_0_z0047,P_radiopaedia_14_85914_0,radiopaedia_14_85914_0,47,630x401,0.6836,0.6836,2.0,57205,1,22112,data/raw/ct_volumes/radiopaedia_14_85914_0.nii.gz,data/raw/ground_truth_masks/radiopaedia_14_85914_0.nii.gz,PASSED
P_radiopaedia_14_85914_0_radiopaedia_14_85914_0_z0049,P_radiopaedia_14_85914_0,radiopaedia_14_85914_0,49,630x401,0.6836,0.6836,2.0,58853,1,19483,data/raw/ct_volumes/radiopaedia_14_85914_0.nii.gz,data/raw/ground_truth_masks/radiopaedia_14_85914_0.nii.gz,PASSED
P_radiopaedia_14_85914_0_radiopaedia_14_85914_0_z0050,P_radiopaedia_14_85914_0,radiopaedia_14_85914_0,50,630x401,0.6836,0.6836,2.0,58959,1,18820,data/raw/ct_volumes/radiopaedia_14_85914_0.nii.gz,data/raw/ground_truth_masks/radiopaedia_14_85914_0.nii.gz,PASSED
P_radiopaedia_14_85914_0_radiopaedia_14_85914_0_z0051,P_radiopaedia_14_85914_0,radiopaedia_14_85914_0,51,630x401,0.6836,0.6836,2.0,59539,1,16933,data/raw/ct_volumes/radiopaedia_14_85914_0.nii.gz,data/raw/ground_truth_masks/radiopaedia_14_85914_0.nii.gz,PASSED
P_radiopaedia_14_85914_0_radiopaedia_14_85914_0_z0052,P_radiopaedia_14_85914_0,radiopaedia_14_85914_0,52,630x401,0.6836,0.6836,2.0,60591,1,16462,data/raw/ct_volumes/radiopaedia_14_85914_0.nii.gz,data/raw/ground_truth_masks/radiopaedia_14_85914_0.nii.gz,PASSED
P_radiopaedia_14_85914_0_radiopaedia_14_85914_0_z0054,P_radiopaedia_14_85914_0,radiopaedia_14_85914_0,54,630x401,0.6836,0.6836,2.0,61335,1,17323,data/raw/ct_volumes/radiopaedia_14_85914_0.nii.gz,data/raw/ground_truth_masks/radiopaedia_14_85914_0.nii.gz,PASSED
P_radiopaedia_14_85914_0_radiopaedia_14_85914_0_z0055,P_radiopaedia_14_85914_0,radiopaedia_14_85914_0,55,630x401,0.6836,0.6836,2.0,61630,1,15871,data/raw/ct_volumes/radiopaedia_14_85914_0.nii.gz,data/raw/ground_truth_masks/radiopaedia_14_85914_0.nii.gz,PASSED
P_radiopaedia_14_85914_0_radiopaedia_14_85914_0_z0056,P_radiopaedia_14_85914_0,radiopaedia_14_85914_0,56,630x401,0.6836,0.6836,2.0,60583,1,16287,data/raw/ct_volumes/radiopaedia_14_85914_0.nii.gz,data/raw/ground_truth_masks/radiopaedia_14_85914_0.nii.gz,PASSED
P_radiopaedia_14_85914_0_radiopaedia_14_85914_0_z0057,P_radiopaedia_14_85914_0,radiopaedia_14_85914_0,57,630x401,0.6836,0.6836,2.0,60991,1,16591,data/raw/ct_volumes/radiopaedia_14_85914_0.nii.gz,data/raw/ground_truth_masks/radiopaedia_14_85914_0.nii.gz,PASSED
P_radiopaedia_14_85914_0_radiopaedia_14_85914_0_z0059,P_radiopaedia_14_85914_0,radiopaedia_14_85914_0,59,630x401,0.6836,0.6836,2.0,60732,1,21240,data/raw/ct_volumes/radiopaedia_14_85914_0.nii.gz,data/raw/ground_truth_masks/radiopaedia_14_85914_0.nii.gz,PASSED
P_radiopaedia_14_85914_0_radiopaedia_14_85914_0_z0060,P_radiopaedia_14_85914_0,radiopaedia_14_85914_0,60,630x401,0.6836,0.6836,2.0,61422,1,22909,data/raw/ct_volumes/radiopaedia_14_85914_0.nii.gz,data/raw/ground_truth_masks/radiopaedia_14_85914_0.nii.gz,PASSED
P_radiopaedia_14_85914_0_radiopaedia_14_85914_0_z0061,P_radiopaedia_14_85914_0,radiopaedia_14_85914_0,61,630x401,0.6836,0.6836,2.0,61265,1,22890,data/raw/ct_volumes/radiopaedia_14_85914_0.nii.gz,data/raw/ground_truth_masks/radiopaedia_14_85914_0.nii.gz,PASSED
P_radiopaedia_14_85914_0_radiopaedia_14_85914_0_z0063,P_radiopaedia_14_85914_0,radiopaedia_14_85914_0,63,630x401,0.6836,0.6836,2.0,60562,1,22391,data/raw/ct_volumes/radiopaedia_14_85914_0.nii.gz,data/raw/ground_truth_masks/radiopaedia_14_85914_0.nii.gz,PASSED
P_radiopaedia_14_85914_0_radiopaedia_14_85914_0_z0064,P_radiopaedia_14_85914_0,radiopaedia_14_85914_0,64,630x401,0.6836,0.6836,2.0,60619,1,22397,data/raw/ct_volumes/radiopaedia_14_85914_0.nii.gz,data/raw/ground_truth_masks/radiopaedia_14_85914_0.nii.gz,PASSED
P_radiopaedia_14_85914_0_radiopaedia_14_85914_0_z0065,P_radiopaedia_14_85914_0,radiopaedia_14_85914_0,65,630x401,0.6836,0.6836,2.0,60127,1,16285,data/raw/ct_volumes/radiopaedia_14_85914_0.nii.gz,data/raw/ground_truth_masks/radiopaedia_14_85914_0.nii.gz,PASSED
P_radiopaedia_14_85914_0_radiopaedia_14_85914_0_z0066,P_radiopaedia_14_85914_0,radiopaedia_14_85914_0,66,630x401,0.6836,0.6836,2.0,59417,1,14603,data/raw/ct_volumes/radiopaedia_14_85914_0.nii.gz,data/raw/ground_truth_masks/radiopaedia_14_85914_0.nii.gz,PASSED
P_radiopaedia_14_85914_0_radiopaedia_14_85914_0_z0068,P_radiopaedia_14_85914_0,radiopaedia_14_85914_0,68,630x401,0.6836,0.6836,2.0,59512,1,14533,data/raw/ct_volumes/radiopaedia_14_85914_0.nii.gz,data/raw/ground_truth_masks/radiopaedia_14_85914_0.nii.gz,PASSED
P_radiopaedia_14_85914_0_radiopaedia_14_85914_0_z0069,P_radiopaedia_14_85914_0,radiopaedia_14_85914_0,69,630x401,0.6836,0.6836,2.0,59453,1,15782,data/raw/ct_volumes/radiopaedia_14_85914_0.nii.gz,data/raw/ground_truth_masks/radiopaedia_14_85914_0.nii.gz,PASSED
P_radiopaedia_14_85914_0_radiopaedia_14_85914_0_z0070,P_radiopaedia_14_85914_0,radiopaedia_14_85914_0,70,630x401,0.6836,0.6836,2.0,59639,1,15702,data/raw/ct_volumes/radiopaedia_14_85914_0.nii.gz,data/raw/ground_truth_masks/radiopaedia_14_85914_0.nii.gz,PASSED
P_radiopaedia_14_85914_0_radiopaedia_14_85914_0_z0071,P_radiopaedia_14_85914_0,radiopaedia_14_85914_0,71,630x401,0.6836,0.6836,2.0,59292,1,17683,data/raw/ct_volumes/radiopaedia_14_85914_0.nii.gz,data/raw/ground_truth_masks/radiopaedia_14_85914_0.nii.gz,PASSED
P_radiopaedia_14_85914_0_radiopaedia_14_85914_0_z0073,P_radiopaedia_14_85914_0,radiopaedia_14_85914_0,73,630x401,0.6836,0.6836,2.0,58713,1,13650,data/raw/ct_volumes/radiopaedia_14_85914_0.nii.gz,data/raw/ground_truth_masks/radiopaedia_14_85914_0.nii.gz,PASSED
P_radiopaedia_14_85914_0_radiopaedia_14_85914_0_z0074,P_radiopaedia_14_85914_0,radiopaedia_14_85914_0,74,630x401,0.6836,0.6836,2.0,58541,1,12598,data/raw/ct_volumes/radiopaedia_14_85914_0.nii.gz,data/raw/ground_truth_masks/radiopaedia_14_85914_0.nii.gz,PASSED
P_radiopaedia_14_85914_0_radiopaedia_14_85914_0_z0075,P_radiopaedia_14_85914_0,radiopaedia_14_85914_0,75,630x401,0.6836,0.6836,2.0,57515,1,10196,data/raw/ct_volumes/radiopaedia_14_85914_0.nii.gz,data/raw/ground_truth_masks/radiopaedia_14_85914_0.nii.gz,PASSED
P_radiopaedia_14_85914_0_radiopaedia_14_85914_0_z0076,P_radiopaedia_14_85914_0,radiopaedia_14_85914_0,76,630x401,0.6836,0.6836,2.0,57013,1,12001,data/raw/ct_volumes/radiopaedia_14_85914_0.nii.gz,data/raw/ground_truth_masks/radiopaedia_14_85914_0.nii.gz,PASSED
P_radiopaedia_14_85914_0_radiopaedia_14_85914_0_z0078,P_radiopaedia_14_85914_0,radiopaedia_14_85914_0,78,630x401,0.6836,0.6836,2.0,55016,1,10867,data/raw/ct_volumes/radiopaedia_14_85914_0.nii.gz,data/raw/ground_truth_masks/radiopaedia_14_85914_0.nii.gz,PASSED
P_radiopaedia_14_85914_0_radiopaedia_14_85914_0_z0079,P_radiopaedia_14_85914_0,radiopaedia_14_85914_0,79,630x401,0.6836,0.6836,2.0,54146,1,10326,data/raw/ct_volumes/radiopaedia_14_85914_0.nii.gz,data/raw/ground_truth_masks/radiopaedia_14_85914_0.nii.gz,PASSED
P_radiopaedia_14_85914_0_radiopaedia_14_85914_0_z0080,P_radiopaedia_14_85914_0,radiopaedia_14_85914_0,80,630x401,0.6836,0.6836,2.0,52738,1,9343,data/raw/ct_volumes/radiopaedia_14_85914_0.nii.gz,data/raw/ground_truth_masks/radiopaedia_14_85914_0.nii.gz,PASSED
P_radiopaedia_14_85914_0_radiopaedia_14_85914_0_z0081,P_radiopaedia_14_85914_0,radiopaedia_14_85914_0,81,630x401,0.6836,0.6836,2.0,51193,1,10405,data/raw/ct_volumes/radiopaedia_14_85914_0.nii.gz,data/raw/ground_truth_masks/radiopaedia_14_85914_0.nii.gz,PASSED
P_radiopaedia_14_85914_0_radiopaedia_14_85914_0_z0083,P_radiopaedia_14_85914_0,radiopaedia_14_85914_0,83,630x401,0.6836,0.6836,2.0,48198,1,7792,data/raw/ct_volumes/radiopaedia_14_85914_0.nii.gz,data/raw/ground_truth_masks/radiopaedia_14_85914_0.nii.gz,PASSED
P_radiopaedia_14_85914_0_radiopaedia_14_85914_0_z0084,P_radiopaedia_14_85914_0,radiopaedia_14_85914_0,84,630x401,0.6836,0.6836,2.0,47218,1,6876,data/raw/ct_volumes/radiopaedia_14_85914_0.nii.gz,data/raw/ground_truth_masks/radiopaedia_14_85914_0.nii.gz,PASSED
P_radiopaedia_14_85914_0_radiopaedia_14_85914_0_z0085,P_radiopaedia_14_85914_0,radiopaedia_14_85914_0,85,630x401,0.6836,0.6836,2.0,44955,1,5661,data/raw/ct_volumes/radiopaedia_14_85914_0.nii.gz,data/raw/ground_truth_masks/radiopaedia_14_85914_0.nii.gz,PASSED
P_radiopaedia_14_85914_0_radiopaedia_14_85914_0_z0087,P_radiopaedia_14_85914_0,radiopaedia_14_85914_0,87,630x401,0.6836,0.6836,2.0,40836,1,4661,data/raw/ct_volumes/radiopaedia_14_85914_0.nii.gz,data/raw/ground_truth_masks/radiopaedia_14_85914_0.nii.gz,PASSED
P_radiopaedia_14_85914_0_radiopaedia_14_85914_0_z0088,P_radiopaedia_14_85914_0,radiopaedia_14_85914_0,88,630x401,0.6836,0.6836,2.0,39332,1,4021,data/raw/ct_volumes/radiopaedia_14_85914_0.nii.gz,data/raw/ground_truth_masks/radiopaedia_14_85914_0.nii.gz,PASSED
P_radiopaedia_14_85914_0_radiopaedia_14_85914_0_z0089,P_radiopaedia_14_85914_0,radiopaedia_14_85914_0,89,630x401,0.6836,0.6836,2.0,37943,1,3310,data/raw/ct_volumes/radiopaedia_14_85914_0.nii.gz,data/raw/ground_truth_masks/radiopaedia_14_85914_0.nii.gz,PASSED
P_radiopaedia_14_85914_0_radiopaedia_14_85914_0_z0090,P_radiopaedia_14_85914_0,radiopaedia_14_85914_0,90,630x401,0.6836,0.6836,2.0,35882,1,2735,data/raw/ct_volumes/radiopaedia_14_85914_0.nii.gz,data/raw/ground_truth_masks/radiopaedia_14_85914_0.nii.gz,PASSED
P_radiopaedia_14_85914_0_radiopaedia_14_85914_0_z0092,P_radiopaedia_14_85914_0,radiopaedia_14_85914_0,92,630x401,0.6836,0.6836,2.0,33421,1,3172,data/raw/ct_volumes/radiopaedia_14_85914_0.nii.gz,data/raw/ground_truth_masks/radiopaedia_14_85914_0.nii.gz,PASSED
P_radiopaedia_14_85914_0_radiopaedia_14_85914_0_z0093,P_radiopaedia_14_85914_0,radiopaedia_14_85914_0,93,630x401,0.6836,0.6836,2.0,31292,1,3181,data/raw/ct_volumes/radiopaedia_14_85914_0.nii.gz,data/raw/ground_truth_masks/radiopaedia_14_85914_0.nii.gz,PASSED
P_radiopaedia_14_85914_0_radiopaedia_14_85914_0_z0094,P_radiopaedia_14_85914_0,radiopaedia_14_85914_0,94,630x401,0.6836,0.6836,2.0,29433,1,2197,data/raw/ct_volumes/radiopaedia_14_85914_0.nii.gz,data/raw/ground_truth_masks/radiopaedia_14_85914_0.nii.gz,PASSED
P_radiopaedia_14_85914_0_radiopaedia_14_85914_0_z0095,P_radiopaedia_14_85914_0,radiopaedia_14_85914_0,95,630x401,0.6836,0.6836,2.0,27357,1,1741,data/raw/ct_volumes/radiopaedia_14_85914_0.nii.gz,data/raw/ground_truth_masks/radiopaedia_14_85914_0.nii.gz,PASSED
P_radiopaedia_14_85914_0_radiopaedia_14_85914_0_z0097,P_radiopaedia_14_85914_0,radiopaedia_14_85914_0,97,630x401,0.6836,0.6836,2.0,22432,1,1510,data/raw/ct_volumes/radiopaedia_14_85914_0.nii.gz,data/raw/ground_truth_masks/radiopaedia_14_85914_0.nii.gz,PASSED
P_radiopaedia_14_85914_0_radiopaedia_14_85914_0_z0098,P_radiopaedia_14_85914_0,radiopaedia_14_85914_0,98,630x401,0.6836,0.6836,2.0,20158,1,1178,data/raw/ct_volumes/radiopaedia_14_85914_0.nii.gz,data/raw/ground_truth_masks/radiopaedia_14_85914_0.nii.gz,PASSED
P_radiopaedia_14_85914_0_radiopaedia_14_85914_0_z0099,P_radiopaedia_14_85914_0,radiopaedia_14_85914_0,99,630x401,0.6836,0.6836,2.0,18574,1,827,data/raw/ct_volumes/radiopaedia_14_85914_0.nii.gz,data/raw/ground_truth_masks/radiopaedia_14_85914_0.nii.gz,PASSED
P_radiopaedia_14_85914_0_radiopaedia_14_85914_0_z0100,P_radiopaedia_14_85914_0,radiopaedia_14_85914_0,100,630x401,0.6836,0.6836,2.0,16390,1,478,data/raw/ct_volumes/radiopaedia_14_85914_0.nii.gz,data/raw/ground_truth_masks/radiopaedia_14_85914_0.nii.gz,PASSED
P_radiopaedia_14_85914_0_radiopaedia_14_85914_0_z0102,P_radiopaedia_14_85914_0,radiopaedia_14_85914_0,102,630x401,0.6836,0.6836,2.0,12436,1,190,data/raw/ct_volumes/radiopaedia_14_85914_0.nii.gz,data/raw/ground_truth_masks/radiopaedia_14_85914_0.nii.gz,PASSED
P_radiopaedia_14_85914_0_radiopaedia_14_85914_0_z0103,P_radiopaedia_14_85914_0,radiopaedia_14_85914_0,103,630x401,0.6836,0.6836,2.0,9860,0,0,data/raw/ct_volumes/radiopaedia_14_85914_0.nii.gz,data/raw/ground_truth_masks/radiopaedia_14_85914_0.nii.gz,PASSED
P_radiopaedia_27_86410_0_radiopaedia_27_86410_0_z0008,P_radiopaedia_27_86410_0,radiopaedia_27_86410_0,8,630x630,0.6836,0.6836,6.0,3616,1,266,data/raw/ct_volumes/radiopaedia_27_86410_0.nii.gz,data/raw/ground_truth_masks/radiopaedia_27_86410_0.nii.gz,PASSED
P_radiopaedia_27_86410_0_radiopaedia_27_86410_0_z0009,P_radiopaedia_27_86410_0,radiopaedia_27_86410_0,9,630x630,0.6836,0.6836,6.0,6223,1,1511,data/raw/ct_volumes/radiopaedia_27_86410_0.nii.gz,data/raw/ground_truth_masks/radiopaedia_27_86410_0.nii.gz,PASSED
P_radiopaedia_27_86410_0_radiopaedia_27_86410_0_z0011,P_radiopaedia_27_86410_0,radiopaedia_27_86410_0,11,630x630,0.6836,0.6836,6.0,17238,1,3874,data/raw/ct_volumes/radiopaedia_27_86410_0.nii.gz,data/raw/ground_truth_masks/radiopaedia_27_86410_0.nii.gz,PASSED
P_radiopaedia_27_86410_0_radiopaedia_27_86410_0_z0012,P_radiopaedia_27_86410_0,radiopaedia_27_86410_0,12,630x630,0.6836,0.6836,6.0,21714,1,4961,data/raw/ct_volumes/radiopaedia_27_86410_0.nii.gz,data/raw/ground_truth_masks/radiopaedia_27_86410_0.nii.gz,PASSED
P_radiopaedia_27_86410_0_radiopaedia_27_86410_0_z0013,P_radiopaedia_27_86410_0,radiopaedia_27_86410_0,13,630x630,0.6836,0.6836,6.0,26804,1,8814,data/raw/ct_volumes/radiopaedia_27_86410_0.nii.gz,data/raw/ground_truth_masks/radiopaedia_27_86410_0.nii.gz,PASSED
P_radiopaedia_27_86410_0_radiopaedia_27_86410_0_z0014,P_radiopaedia_27_86410_0,radiopaedia_27_86410_0,14,630x630,0.6836,0.6836,6.0,29091,1,9160,data/raw/ct_volumes/radiopaedia_27_86410_0.nii.gz,data/raw/ground_truth_masks/radiopaedia_27_86410_0.nii.gz,PASSED
P_radiopaedia_27_86410_0_radiopaedia_27_86410_0_z0016,P_radiopaedia_27_86410_0,radiopaedia_27_86410_0,16,630x630,0.6836,0.6836,6.0,62000,1,12232,data/raw/ct_volumes/radiopaedia_27_86410_0.nii.gz,data/raw/ground_truth_masks/radiopaedia_27_86410_0.nii.gz,PASSED
P_radiopaedia_27_86410_0_radiopaedia_27_86410_0_z0017,P_radiopaedia_27_86410_0,radiopaedia_27_86410_0,17,630x630,0.6836,0.6836,6.0,67719,1,11082,data/raw/ct_volumes/radiopaedia_27_86410_0.nii.gz,data/raw/ground_truth_masks/radiopaedia_27_86410_0.nii.gz,PASSED
P_radiopaedia_27_86410_0_radiopaedia_27_86410_0_z0018,P_radiopaedia_27_86410_0,radiopaedia_27_86410_0,18,630x630,0.6836,0.6836,6.0,73423,1,15093,data/raw/ct_volumes/radiopaedia_27_86410_0.nii.gz,data/raw/ground_truth_masks/radiopaedia_27_86410_0.nii.gz,PASSED
P_radiopaedia_27_86410_0_radiopaedia_27_86410_0_z0019,P_radiopaedia_27_86410_0,radiopaedia_27_86410_0,19,630x630,0.6836,0.6836,6.0,79222,1,13327,data/raw/ct_volumes/radiopaedia_27_86410_0.nii.gz,data/raw/ground_truth_masks/radiopaedia_27_86410_0.nii.gz,PASSED
P_radiopaedia_27_86410_0_radiopaedia_27_86410_0_z0021,P_radiopaedia_27_86410_0,radiopaedia_27_86410_0,21,630x630,0.6836,0.6836,6.0,77592,1,16382,data/raw/ct_volumes/radiopaedia_27_86410_0.nii.gz,data/raw/ground_truth_masks/radiopaedia_27_86410_0.nii.gz,PASSED
P_radiopaedia_27_86410_0_radiopaedia_27_86410_0_z0022,P_radiopaedia_27_86410_0,radiopaedia_27_86410_0,22,630x630,0.6836,0.6836,6.0,78229,1,16099,data/raw/ct_volumes/radiopaedia_27_86410_0.nii.gz,data/raw/ground_truth_masks/radiopaedia_27_86410_0.nii.gz,PASSED
P_radiopaedia_27_86410_0_radiopaedia_27_86410_0_z0023,P_radiopaedia_27_86410_0,radiopaedia_27_86410_0,23,630x630,0.6836,0.6836,6.0,79829,1,12432,data/raw/ct_volumes/radiopaedia_27_86410_0.nii.gz,data/raw/ground_truth_masks/radiopaedia_27_86410_0.nii.gz,PASSED
P_radiopaedia_27_86410_0_radiopaedia_27_86410_0_z0024,P_radiopaedia_27_86410_0,radiopaedia_27_86410_0,24,630x630,0.6836,0.6836,6.0,79381,1,11238,data/raw/ct_volumes/radiopaedia_27_86410_0.nii.gz,data/raw/ground_truth_masks/radiopaedia_27_86410_0.nii.gz,PASSED
P_radiopaedia_27_86410_0_radiopaedia_27_86410_0_z0026,P_radiopaedia_27_86410_0,radiopaedia_27_86410_0,26,630x630,0.6836,0.6836,6.0,79024,1,11232,data/raw/ct_volumes/radiopaedia_27_86410_0.nii.gz,data/raw/ground_truth_masks/radiopaedia_27_86410_0.nii.gz,PASSED
P_radiopaedia_27_86410_0_radiopaedia_27_86410_0_z0027,P_radiopaedia_27_86410_0,radiopaedia_27_86410_0,27,630x630,0.6836,0.6836,6.0,79575,1,13829,data/raw/ct_volumes/radiopaedia_27_86410_0.nii.gz,data/raw/ground_truth_masks/radiopaedia_27_86410_0.nii.gz,PASSED
P_radiopaedia_27_86410_0_radiopaedia_27_86410_0_z0028,P_radiopaedia_27_86410_0,radiopaedia_27_86410_0,28,630x630,0.6836,0.6836,6.0,78504,1,12266,data/raw/ct_volumes/radiopaedia_27_86410_0.nii.gz,data/raw/ground_truth_masks/radiopaedia_27_86410_0.nii.gz,PASSED
P_radiopaedia_27_86410_0_radiopaedia_27_86410_0_z0029,P_radiopaedia_27_86410_0,radiopaedia_27_86410_0,29,630x630,0.6836,0.6836,6.0,78793,1,11162,data/raw/ct_volumes/radiopaedia_27_86410_0.nii.gz,data/raw/ground_truth_masks/radiopaedia_27_86410_0.nii.gz,PASSED
P_radiopaedia_27_86410_0_radiopaedia_27_86410_0_z0031,P_radiopaedia_27_86410_0,radiopaedia_27_86410_0,31,630x630,0.6836,0.6836,6.0,78638,1,9612,data/raw/ct_volumes/radiopaedia_27_86410_0.nii.gz,data/raw/ground_truth_masks/radiopaedia_27_86410_0.nii.gz,PASSED
P_radiopaedia_27_86410_0_radiopaedia_27_86410_0_z0032,P_radiopaedia_27_86410_0,radiopaedia_27_86410_0,32,630x630,0.6836,0.6836,6.0,77248,1,8477,data/raw/ct_volumes/radiopaedia_27_86410_0.nii.gz,data/raw/ground_truth_masks/radiopaedia_27_86410_0.nii.gz,PASSED
P_radiopaedia_27_86410_0_radiopaedia_27_86410_0_z0033,P_radiopaedia_27_86410_0,radiopaedia_27_86410_0,33,630x630,0.6836,0.6836,6.0,78077,1,7806,data/raw/ct_volumes/radiopaedia_27_86410_0.nii.gz,data/raw/ground_truth_masks/radiopaedia_27_86410_0.nii.gz,PASSED
P_radiopaedia_27_86410_0_radiopaedia_27_86410_0_z0035,P_radiopaedia_27_86410_0,radiopaedia_27_86410_0,35,630x630,0.6836,0.6836,6.0,74984,1,3020,data/raw/ct_volumes/radiopaedia_27_86410_0.nii.gz,data/raw/ground_truth_masks/radiopaedia_27_86410_0.nii.gz,PASSED
P_radiopaedia_27_86410_0_radiopaedia_27_86410_0_z0036,P_radiopaedia_27_86410_0,radiopaedia_27_86410_0,36,630x630,0.6836,0.6836,6.0,73311,1,2996,data/raw/ct_volumes/radiopaedia_27_86410_0.nii.gz,data/raw/ground_truth_masks/radiopaedia_27_86410_0.nii.gz,PASSED
P_radiopaedia_27_86410_0_radiopaedia_27_86410_0_z0037,P_radiopaedia_27_86410_0,radiopaedia_27_86410_0,37,630x630,0.6836,0.6836,6.0,73778,1,2549,data/raw/ct_volumes/radiopaedia_27_86410_0.nii.gz,data/raw/ground_truth_masks/radiopaedia_27_86410_0.nii.gz,PASSED
P_radiopaedia_27_86410_0_radiopaedia_27_86410_0_z0038,P_radiopaedia_27_86410_0,radiopaedia_27_86410_0,38,630x630,0.6836,0.6836,6.0,73067,1,2262,data/raw/ct_volumes/radiopaedia_27_86410_0.nii.gz,data/raw/ground_truth_masks/radiopaedia_27_86410_0.nii.gz,PASSED
P_radiopaedia_27_86410_0_radiopaedia_27_86410_0_z0040,P_radiopaedia_27_86410_0,radiopaedia_27_86410_0,40,630x630,0.6836,0.6836,6.0,70899,1,2035,data/raw/ct_volumes/radiopaedia_27_86410_0.nii.gz,data/raw/ground_truth_masks/radiopaedia_27_86410_0.nii.gz,PASSED
P_radiopaedia_27_86410_0_radiopaedia_27_86410_0_z0041,P_radiopaedia_27_86410_0,radiopaedia_27_86410_0,41,630x630,0.6836,0.6836,6.0,68532,1,1350,data/raw/ct_volumes/radiopaedia_27_86410_0.nii.gz,data/raw/ground_truth_masks/radiopaedia_27_86410_0.nii.gz,PASSED
P_radiopaedia_27_86410_0_radiopaedia_27_86410_0_z0042,P_radiopaedia_27_86410_0,radiopaedia_27_86410_0,42,630x630,0.6836,0.6836,6.0,65870,1,900,data/raw/ct_volumes/radiopaedia_27_86410_0.nii.gz,data/raw/ground_truth_masks/radiopaedia_27_86410_0.nii.gz,PASSED
P_radiopaedia_27_86410_0_radiopaedia_27_86410_0_z0043,P_radiopaedia_27_86410_0,radiopaedia_27_86410_0,43,630x630,0.6836,0.6836,6.0,63543,1,773,data/raw/ct_volumes/radiopaedia_27_86410_0.nii.gz,data/raw/ground_truth_masks/radiopaedia_27_86410_0.nii.gz,PASSED
P_radiopaedia_27_86410_0_radiopaedia_27_86410_0_z0047,P_radiopaedia_27_86410_0,radiopaedia_27_86410_0,47,630x630,0.6836,0.6836,6.0,50049,0,0,data/raw/ct_volumes/radiopaedia_27_86410_0.nii.gz,data/raw/ground_truth_masks/radiopaedia_27_86410_0.nii.gz,PASSED
P_radiopaedia_27_86410_0_radiopaedia_27_86410_0_z0052,P_radiopaedia_27_86410_0,radiopaedia_27_86410_0,52,630x630,0.6836,0.6836,6.0,33162,1,228,data/raw/ct_volumes/radiopaedia_27_86410_0.nii.gz,data/raw/ground_truth_masks/radiopaedia_27_86410_0.nii.gz,PASSED
P_radiopaedia_27_86410_0_radiopaedia_27_86410_0_z0053,P_radiopaedia_27_86410_0,radiopaedia_27_86410_0,53,630x630,0.6836,0.6836,6.0,29417,1,663,data/raw/ct_volumes/radiopaedia_27_86410_0.nii.gz,data/raw/ground_truth_masks/radiopaedia_27_86410_0.nii.gz,PASSED
P_radiopaedia_27_86410_0_radiopaedia_27_86410_0_z0054,P_radiopaedia_27_86410_0,radiopaedia_27_86410_0,54,630x630,0.6836,0.6836,6.0,25387,1,647,data/raw/ct_volumes/radiopaedia_27_86410_0.nii.gz,data/raw/ground_truth_masks/radiopaedia_27_86410_0.nii.gz,PASSED
P_radiopaedia_27_86410_0_radiopaedia_27_86410_0_z0055,P_radiopaedia_27_86410_0,radiopaedia_27_86410_0,55,630x630,0.6836,0.6836,6.0,21448,1,705,data/raw/ct_volumes/radiopaedia_27_86410_0.nii.gz,data/raw/ground_truth_masks/radiopaedia_27_86410_0.nii.gz,PASSED
P_radiopaedia_27_86410_0_radiopaedia_27_86410_0_z0057,P_radiopaedia_27_86410_0,radiopaedia_27_86410_0,57,630x630,0.6836,0.6836,6.0,12934,1,807,data/raw/ct_volumes/radiopaedia_27_86410_0.nii.gz,data/raw/ground_truth_masks/radiopaedia_27_86410_0.nii.gz,PASSED
P_radiopaedia_27_86410_0_radiopaedia_27_86410_0_z0058,P_radiopaedia_27_86410_0,radiopaedia_27_86410_0,58,630x630,0.6836,0.6836,6.0,8999,1,434,data/raw/ct_volumes/radiopaedia_27_86410_0.nii.gz,data/raw/ground_truth_masks/radiopaedia_27_86410_0.nii.gz,PASSED
P_radiopaedia_27_86410_0_radiopaedia_27_86410_0_z0059,P_radiopaedia_27_86410_0,radiopaedia_27_86410_0,59,630x630,0.6836,0.6836,6.0,4905,0,0,data/raw/ct_volumes/radiopaedia_27_86410_0.nii.gz,data/raw/ground_truth_masks/radiopaedia_27_86410_0.nii.gz,PASSED
P_radiopaedia_29_86490_1_radiopaedia_29_86490_1_z0015,P_radiopaedia_29_86490_1,radiopaedia_29_86490_1,15,630x630,0.6836,0.6836,6.0,34952,0,0,data/raw/ct_volumes/radiopaedia_29_86490_1.nii.gz,data/raw/ground_truth_masks/radiopaedia_29_86490_1.nii.gz,PASSED
P_radiopaedia_29_86490_1_radiopaedia_29_86490_1_z0020,P_radiopaedia_29_86490_1,radiopaedia_29_86490_1,20,630x630,0.6836,0.6836,6.0,66519,0,0,data/raw/ct_volumes/radiopaedia_29_86490_1.nii.gz,data/raw/ground_truth_masks/radiopaedia_29_86490_1.nii.gz,PASSED
P_radiopaedia_29_86490_1_radiopaedia_29_86490_1_z0021,P_radiopaedia_29_86490_1,radiopaedia_29_86490_1,21,630x630,0.6836,0.6836,6.0,66800,1,100,data/raw/ct_volumes/radiopaedia_29_86490_1.nii.gz,data/raw/ground_truth_masks/radiopaedia_29_86490_1.nii.gz,PASSED
P_radiopaedia_29_86490_1_radiopaedia_29_86490_1_z0026,P_radiopaedia_29_86490_1,radiopaedia_29_86490_1,26,630x630,0.6836,0.6836,6.0,61353,0,0,data/raw/ct_volumes/radiopaedia_29_86490_1.nii.gz,data/raw/ground_truth_masks/radiopaedia_29_86490_1.nii.gz,PASSED
P_radiopaedia_29_86490_1_radiopaedia_29_86490_1_z0031,P_radiopaedia_29_86490_1,radiopaedia_29_86490_1,31,630x630,0.6836,0.6836,6.0,38428,0,0,data/raw/ct_volumes/radiopaedia_29_86490_1.nii.gz,data/raw/ground_truth_masks/radiopaedia_29_86490_1.nii.gz,PASSED
P_radiopaedia_29_86490_1_radiopaedia_29_86490_1_z0033,P_radiopaedia_29_86490_1,radiopaedia_29_86490_1,33,630x630,0.6836,0.6836,6.0,25817,1,63,data/raw/ct_volumes/radiopaedia_29_86490_1.nii.gz,data/raw/ground_truth_masks/radiopaedia_29_86490_1.nii.gz,PASSED
P_radiopaedia_29_86490_1_radiopaedia_29_86490_1_z0037,P_radiopaedia_29_86490_1,radiopaedia_29_86490_1,37,630x630,0.6836,0.6836,6.0,4801,0,0,data/raw/ct_volumes/radiopaedia_29_86490_1.nii.gz,data/raw/ground_truth_masks/radiopaedia_29_86490_1.nii.gz,PASSED
P_radiopaedia_29_86491_1_radiopaedia_29_86491_1_z0007,P_radiopaedia_29_86491_1,radiopaedia_29_86491_1,7,630x630,0.6836,0.6836,6.0,28888,0,0,data/raw/ct_volumes/radiopaedia_29_86491_1.nii.gz,data/raw/ground_truth_masks/radiopaedia_29_86491_1.nii.gz,PASSED
P_radiopaedia_29_86491_1_radiopaedia_29_86491_1_z0012,P_radiopaedia_29_86491_1,radiopaedia_29_86491_1,12,630x630,0.6836,0.6836,6.0,75946,0,0,data/raw/ct_volumes/radiopaedia_29_86491_1.nii.gz,data/raw/ground_truth_masks/radiopaedia_29_86491_1.nii.gz,PASSED
P_radiopaedia_29_86491_1_radiopaedia_29_86491_1_z0015,P_radiopaedia_29_86491_1,radiopaedia_29_86491_1,15,630x630,0.6836,0.6836,6.0,84940,1,1950,data/raw/ct_volumes/radiopaedia_29_86491_1.nii.gz,data/raw/ground_truth_masks/radiopaedia_29_86491_1.nii.gz,PASSED
P_radiopaedia_29_86491_1_radiopaedia_29_86491_1_z0016,P_radiopaedia_29_86491_1,radiopaedia_29_86491_1,16,630x630,0.6836,0.6836,6.0,82977,1,2114,data/raw/ct_volumes/radiopaedia_29_86491_1.nii.gz,data/raw/ground_truth_masks/radiopaedia_29_86491_1.nii.gz,PASSED
P_radiopaedia_29_86491_1_radiopaedia_29_86491_1_z0017,P_radiopaedia_29_86491_1,radiopaedia_29_86491_1,17,630x630,0.6836,0.6836,6.0,81670,1,1810,data/raw/ct_volumes/radiopaedia_29_86491_1.nii.gz,data/raw/ground_truth_masks/radiopaedia_29_86491_1.nii.gz,PASSED
P_radiopaedia_29_86491_1_radiopaedia_29_86491_1_z0019,P_radiopaedia_29_86491_1,radiopaedia_29_86491_1,19,630x630,0.6836,0.6836,6.0,81088,1,2970,data/raw/ct_volumes/radiopaedia_29_86491_1.nii.gz,data/raw/ground_truth_masks/radiopaedia_29_86491_1.nii.gz,PASSED
P_radiopaedia_29_86491_1_radiopaedia_29_86491_1_z0020,P_radiopaedia_29_86491_1,radiopaedia_29_86491_1,20,630x630,0.6836,0.6836,6.0,81938,1,2699,data/raw/ct_volumes/radiopaedia_29_86491_1.nii.gz,data/raw/ground_truth_masks/radiopaedia_29_86491_1.nii.gz,PASSED
P_radiopaedia_29_86491_1_radiopaedia_29_86491_1_z0021,P_radiopaedia_29_86491_1,radiopaedia_29_86491_1,21,630x630,0.6836,0.6836,6.0,81895,1,2051,data/raw/ct_volumes/radiopaedia_29_86491_1.nii.gz,data/raw/ground_truth_masks/radiopaedia_29_86491_1.nii.gz,PASSED
P_radiopaedia_29_86491_1_radiopaedia_29_86491_1_z0022,P_radiopaedia_29_86491_1,radiopaedia_29_86491_1,22,630x630,0.6836,0.6836,6.0,82506,1,1018,data/raw/ct_volumes/radiopaedia_29_86491_1.nii.gz,data/raw/ground_truth_masks/radiopaedia_29_86491_1.nii.gz,PASSED
P_radiopaedia_29_86491_1_radiopaedia_29_86491_1_z0026,P_radiopaedia_29_86491_1,radiopaedia_29_86491_1,26,630x630,0.6836,0.6836,6.0,75793,0,0,data/raw/ct_volumes/radiopaedia_29_86491_1.nii.gz,data/raw/ground_truth_masks/radiopaedia_29_86491_1.nii.gz,PASSED
P_radiopaedia_29_86491_1_radiopaedia_29_86491_1_z0031,P_radiopaedia_29_86491_1,radiopaedia_29_86491_1,31,630x630,0.6836,0.6836,6.0,62592,0,0,data/raw/ct_volumes/radiopaedia_29_86491_1.nii.gz,data/raw/ground_truth_masks/radiopaedia_29_86491_1.nii.gz,PASSED
P_radiopaedia_29_86491_1_radiopaedia_29_86491_1_z0036,P_radiopaedia_29_86491_1,radiopaedia_29_86491_1,36,630x630,0.6836,0.6836,6.0,19397,0,0,data/raw/ct_volumes/radiopaedia_29_86491_1.nii.gz,data/raw/ground_truth_masks/radiopaedia_29_86491_1.nii.gz,PASSED
P_radiopaedia_36_86526_0_radiopaedia_36_86526_0_z0001,P_radiopaedia_36_86526_0,radiopaedia_36_86526_0,1,630x630,0.6836,0.6836,6.0,42293,1,1183,data/raw/ct_volumes/radiopaedia_36_86526_0.nii.gz,data/raw/ground_truth_masks/radiopaedia_36_86526_0.nii.gz,PASSED
P_radiopaedia_36_86526_0_radiopaedia_36_86526_0_z0002,P_radiopaedia_36_86526_0,radiopaedia_36_86526_0,2,630x630,0.6836,0.6836,6.0,54501,1,1317,data/raw/ct_volumes/radiopaedia_36_86526_0.nii.gz,data/raw/ground_truth_masks/radiopaedia_36_86526_0.nii.gz,PASSED
P_radiopaedia_36_86526_0_radiopaedia_36_86526_0_z0003,P_radiopaedia_36_86526_0,radiopaedia_36_86526_0,3,630x630,0.6836,0.6836,6.0,58383,1,617,data/raw/ct_volumes/radiopaedia_36_86526_0.nii.gz,data/raw/ground_truth_masks/radiopaedia_36_86526_0.nii.gz,PASSED
P_radiopaedia_36_86526_0_radiopaedia_36_86526_0_z0004,P_radiopaedia_36_86526_0,radiopaedia_36_86526_0,4,630x630,0.6836,0.6836,6.0,62745,1,963,data/raw/ct_volumes/radiopaedia_36_86526_0.nii.gz,data/raw/ground_truth_masks/radiopaedia_36_86526_0.nii.gz,PASSED
P_radiopaedia_36_86526_0_radiopaedia_36_86526_0_z0006,P_radiopaedia_36_86526_0,radiopaedia_36_86526_0,6,630x630,0.6836,0.6836,6.0,73281,1,701,data/raw/ct_volumes/radiopaedia_36_86526_0.nii.gz,data/raw/ground_truth_masks/radiopaedia_36_86526_0.nii.gz,PASSED
P_radiopaedia_36_86526_0_radiopaedia_36_86526_0_z0007,P_radiopaedia_36_86526_0,radiopaedia_36_86526_0,7,630x630,0.6836,0.6836,6.0,72462,1,635,data/raw/ct_volumes/radiopaedia_36_86526_0.nii.gz,data/raw/ground_truth_masks/radiopaedia_36_86526_0.nii.gz,PASSED
P_radiopaedia_36_86526_0_radiopaedia_36_86526_0_z0008,P_radiopaedia_36_86526_0,radiopaedia_36_86526_0,8,630x630,0.6836,0.6836,6.0,71158,1,1512,data/raw/ct_volumes/radiopaedia_36_86526_0.nii.gz,data/raw/ground_truth_masks/radiopaedia_36_86526_0.nii.gz,PASSED
P_radiopaedia_36_86526_0_radiopaedia_36_86526_0_z0009,P_radiopaedia_36_86526_0,radiopaedia_36_86526_0,9,630x630,0.6836,0.6836,6.0,69969,1,2113,data/raw/ct_volumes/radiopaedia_36_86526_0.nii.gz,data/raw/ground_truth_masks/radiopaedia_36_86526_0.nii.gz,PASSED
P_radiopaedia_36_86526_0_radiopaedia_36_86526_0_z0011,P_radiopaedia_36_86526_0,radiopaedia_36_86526_0,11,630x630,0.6836,0.6836,6.0,67384,1,1123,data/raw/ct_volumes/radiopaedia_36_86526_0.nii.gz,data/raw/ground_truth_masks/radiopaedia_36_86526_0.nii.gz,PASSED
P_radiopaedia_36_86526_0_radiopaedia_36_86526_0_z0012,P_radiopaedia_36_86526_0,radiopaedia_36_86526_0,12,630x630,0.6836,0.6836,6.0,66775,1,2236,data/raw/ct_volumes/radiopaedia_36_86526_0.nii.gz,data/raw/ground_truth_masks/radiopaedia_36_86526_0.nii.gz,PASSED
P_radiopaedia_36_86526_0_radiopaedia_36_86526_0_z0013,P_radiopaedia_36_86526_0,radiopaedia_36_86526_0,13,630x630,0.6836,0.6836,6.0,66436,1,2108,data/raw/ct_volumes/radiopaedia_36_86526_0.nii.gz,data/raw/ground_truth_masks/radiopaedia_36_86526_0.nii.gz,PASSED
P_radiopaedia_36_86526_0_radiopaedia_36_86526_0_z0015,P_radiopaedia_36_86526_0,radiopaedia_36_86526_0,15,630x630,0.6836,0.6836,6.0,65004,1,5760,data/raw/ct_volumes/radiopaedia_36_86526_0.nii.gz,data/raw/ground_truth_masks/radiopaedia_36_86526_0.nii.gz,PASSED
P_radiopaedia_36_86526_0_radiopaedia_36_86526_0_z0016,P_radiopaedia_36_86526_0,radiopaedia_36_86526_0,16,630x630,0.6836,0.6836,6.0,64131,1,5779,data/raw/ct_volumes/radiopaedia_36_86526_0.nii.gz,data/raw/ground_truth_masks/radiopaedia_36_86526_0.nii.gz,PASSED
P_radiopaedia_36_86526_0_radiopaedia_36_86526_0_z0017,P_radiopaedia_36_86526_0,radiopaedia_36_86526_0,17,630x630,0.6836,0.6836,6.0,63275,1,5682,data/raw/ct_volumes/radiopaedia_36_86526_0.nii.gz,data/raw/ground_truth_masks/radiopaedia_36_86526_0.nii.gz,PASSED
P_radiopaedia_36_86526_0_radiopaedia_36_86526_0_z0018,P_radiopaedia_36_86526_0,radiopaedia_36_86526_0,18,630x630,0.6836,0.6836,6.0,62611,1,4283,data/raw/ct_volumes/radiopaedia_36_86526_0.nii.gz,data/raw/ground_truth_masks/radiopaedia_36_86526_0.nii.gz,PASSED
P_radiopaedia_36_86526_0_radiopaedia_36_86526_0_z0020,P_radiopaedia_36_86526_0,radiopaedia_36_86526_0,20,630x630,0.6836,0.6836,6.0,62533,1,2751,data/raw/ct_volumes/radiopaedia_36_86526_0.nii.gz,data/raw/ground_truth_masks/radiopaedia_36_86526_0.nii.gz,PASSED
P_radiopaedia_36_86526_0_radiopaedia_36_86526_0_z0021,P_radiopaedia_36_86526_0,radiopaedia_36_86526_0,21,630x630,0.6836,0.6836,6.0,62483,1,2592,data/raw/ct_volumes/radiopaedia_36_86526_0.nii.gz,data/raw/ground_truth_masks/radiopaedia_36_86526_0.nii.gz,PASSED
P_radiopaedia_36_86526_0_radiopaedia_36_86526_0_z0022,P_radiopaedia_36_86526_0,radiopaedia_36_86526_0,22,630x630,0.6836,0.6836,6.0,62018,1,2129,data/raw/ct_volumes/radiopaedia_36_86526_0.nii.gz,data/raw/ground_truth_masks/radiopaedia_36_86526_0.nii.gz,PASSED
P_radiopaedia_36_86526_0_radiopaedia_36_86526_0_z0023,P_radiopaedia_36_86526_0,radiopaedia_36_86526_0,23,630x630,0.6836,0.6836,6.0,60915,1,1465,data/raw/ct_volumes/radiopaedia_36_86526_0.nii.gz,data/raw/ground_truth_masks/radiopaedia_36_86526_0.nii.gz,PASSED
P_radiopaedia_36_86526_0_radiopaedia_36_86526_0_z0025,P_radiopaedia_36_86526_0,radiopaedia_36_86526_0,25,630x630,0.6836,0.6836,6.0,58278,1,1650,data/raw/ct_volumes/radiopaedia_36_86526_0.nii.gz,data/raw/ground_truth_masks/radiopaedia_36_86526_0.nii.gz,PASSED
P_radiopaedia_36_86526_0_radiopaedia_36_86526_0_z0026,P_radiopaedia_36_86526_0,radiopaedia_36_86526_0,26,630x630,0.6836,0.6836,6.0,57010,1,1573,data/raw/ct_volumes/radiopaedia_36_86526_0.nii.gz,data/raw/ground_truth_masks/radiopaedia_36_86526_0.nii.gz,PASSED
P_radiopaedia_36_86526_0_radiopaedia_36_86526_0_z0027,P_radiopaedia_36_86526_0,radiopaedia_36_86526_0,27,630x630,0.6836,0.6836,6.0,55819,1,1232,data/raw/ct_volumes/radiopaedia_36_86526_0.nii.gz,data/raw/ground_truth_masks/radiopaedia_36_86526_0.nii.gz,PASSED
P_radiopaedia_36_86526_0_radiopaedia_36_86526_0_z0028,P_radiopaedia_36_86526_0,radiopaedia_36_86526_0,28,630x630,0.6836,0.6836,6.0,55062,1,677,data/raw/ct_volumes/radiopaedia_36_86526_0.nii.gz,data/raw/ground_truth_masks/radiopaedia_36_86526_0.nii.gz,PASSED
P_radiopaedia_36_86526_0_radiopaedia_36_86526_0_z0030,P_radiopaedia_36_86526_0,radiopaedia_36_86526_0,30,630x630,0.6836,0.6836,6.0,52167,1,961,data/raw/ct_volumes/radiopaedia_36_86526_0.nii.gz,data/raw/ground_truth_masks/radiopaedia_36_86526_0.nii.gz,PASSED
P_radiopaedia_36_86526_0_radiopaedia_36_86526_0_z0031,P_radiopaedia_36_86526_0,radiopaedia_36_86526_0,31,630x630,0.6836,0.6836,6.0,50713,1,918,data/raw/ct_volumes/radiopaedia_36_86526_0.nii.gz,data/raw/ground_truth_masks/radiopaedia_36_86526_0.nii.gz,PASSED
P_radiopaedia_36_86526_0_radiopaedia_36_86526_0_z0032,P_radiopaedia_36_86526_0,radiopaedia_36_86526_0,32,630x630,0.6836,0.6836,6.0,49179,1,913,data/raw/ct_volumes/radiopaedia_36_86526_0.nii.gz,data/raw/ground_truth_masks/radiopaedia_36_86526_0.nii.gz,PASSED
P_radiopaedia_36_86526_0_radiopaedia_36_86526_0_z0035,P_radiopaedia_36_86526_0,radiopaedia_36_86526_0,35,630x630,0.6836,0.6836,6.0,43755,0,0,data/raw/ct_volumes/radiopaedia_36_86526_0.nii.gz,data/raw/ground_truth_masks/radiopaedia_36_86526_0.nii.gz,PASSED
P_radiopaedia_36_86526_0_radiopaedia_36_86526_0_z0040,P_radiopaedia_36_86526_0,radiopaedia_36_86526_0,40,630x630,0.6836,0.6836,6.0,29528,0,0,data/raw/ct_volumes/radiopaedia_36_86526_0.nii.gz,data/raw/ground_truth_masks/radiopaedia_36_86526_0.nii.gz,PASSED
P_radiopaedia_36_86526_0_radiopaedia_36_86526_0_z0041,P_radiopaedia_36_86526_0,radiopaedia_36_86526_0,41,630x630,0.6836,0.6836,6.0,26464,1,59,data/raw/ct_volumes/radiopaedia_36_86526_0.nii.gz,data/raw/ground_truth_masks/radiopaedia_36_86526_0.nii.gz,PASSED
P_radiopaedia_40_86625_0_radiopaedia_40_86625_0_z0015,P_radiopaedia_40_86625_0,radiopaedia_40_86625_0,15,630x630,0.6836,0.6836,4.0,4581,1,3346,data/raw/ct_volumes/radiopaedia_40_86625_0.nii.gz,data/raw/ground_truth_masks/radiopaedia_40_86625_0.nii.gz,PASSED
P_radiopaedia_40_86625_0_radiopaedia_40_86625_0_z0016,P_radiopaedia_40_86625_0,radiopaedia_40_86625_0,16,630x630,0.6836,0.6836,4.0,5849,1,4559,data/raw/ct_volumes/radiopaedia_40_86625_0.nii.gz,data/raw/ground_truth_masks/radiopaedia_40_86625_0.nii.gz,PASSED
P_radiopaedia_40_86625_0_radiopaedia_40_86625_0_z0017,P_radiopaedia_40_86625_0,radiopaedia_40_86625_0,17,630x630,0.6836,0.6836,4.0,7099,1,4900,data/raw/ct_volumes/radiopaedia_40_86625_0.nii.gz,data/raw/ground_truth_masks/radiopaedia_40_86625_0.nii.gz,PASSED
P_radiopaedia_40_86625_0_radiopaedia_40_86625_0_z0019,P_radiopaedia_40_86625_0,radiopaedia_40_86625_0,19,630x630,0.6836,0.6836,4.0,10721,1,7692,data/raw/ct_volumes/radiopaedia_40_86625_0.nii.gz,data/raw/ground_truth_masks/radiopaedia_40_86625_0.nii.gz,PASSED
P_radiopaedia_40_86625_0_radiopaedia_40_86625_0_z0020,P_radiopaedia_40_86625_0,radiopaedia_40_86625_0,20,630x630,0.6836,0.6836,4.0,12819,1,8394,data/raw/ct_volumes/radiopaedia_40_86625_0.nii.gz,data/raw/ground_truth_masks/radiopaedia_40_86625_0.nii.gz,PASSED
P_radiopaedia_40_86625_0_radiopaedia_40_86625_0_z0021,P_radiopaedia_40_86625_0,radiopaedia_40_86625_0,21,630x630,0.6836,0.6836,4.0,17268,1,10868,data/raw/ct_volumes/radiopaedia_40_86625_0.nii.gz,data/raw/ground_truth_masks/radiopaedia_40_86625_0.nii.gz,PASSED
P_radiopaedia_40_86625_0_radiopaedia_40_86625_0_z0022,P_radiopaedia_40_86625_0,radiopaedia_40_86625_0,22,630x630,0.6836,0.6836,4.0,20111,1,12307,data/raw/ct_volumes/radiopaedia_40_86625_0.nii.gz,data/raw/ground_truth_masks/radiopaedia_40_86625_0.nii.gz,PASSED
P_radiopaedia_40_86625_0_radiopaedia_40_86625_0_z0024,P_radiopaedia_40_86625_0,radiopaedia_40_86625_0,24,630x630,0.6836,0.6836,4.0,26598,1,17243,data/raw/ct_volumes/radiopaedia_40_86625_0.nii.gz,data/raw/ground_truth_masks/radiopaedia_40_86625_0.nii.gz,PASSED
P_radiopaedia_40_86625_0_radiopaedia_40_86625_0_z0025,P_radiopaedia_40_86625_0,radiopaedia_40_86625_0,25,630x630,0.6836,0.6836,4.0,31315,1,22337,data/raw/ct_volumes/radiopaedia_40_86625_0.nii.gz,data/raw/ground_truth_masks/radiopaedia_40_86625_0.nii.gz,PASSED
P_radiopaedia_40_86625_0_radiopaedia_40_86625_0_z0026,P_radiopaedia_40_86625_0,radiopaedia_40_86625_0,26,630x630,0.6836,0.6836,4.0,36684,1,26702,data/raw/ct_volumes/radiopaedia_40_86625_0.nii.gz,data/raw/ground_truth_masks/radiopaedia_40_86625_0.nii.gz,PASSED
P_radiopaedia_40_86625_0_radiopaedia_40_86625_0_z0027,P_radiopaedia_40_86625_0,radiopaedia_40_86625_0,27,630x630,0.6836,0.6836,4.0,44769,1,32394,data/raw/ct_volumes/radiopaedia_40_86625_0.nii.gz,data/raw/ground_truth_masks/radiopaedia_40_86625_0.nii.gz,PASSED
P_radiopaedia_40_86625_0_radiopaedia_40_86625_0_z0029,P_radiopaedia_40_86625_0,radiopaedia_40_86625_0,29,630x630,0.6836,0.6836,4.0,51071,1,38423,data/raw/ct_volumes/radiopaedia_40_86625_0.nii.gz,data/raw/ground_truth_masks/radiopaedia_40_86625_0.nii.gz,PASSED
P_radiopaedia_40_86625_0_radiopaedia_40_86625_0_z0030,P_radiopaedia_40_86625_0,radiopaedia_40_86625_0,30,630x630,0.6836,0.6836,4.0,50724,1,37790,data/raw/ct_volumes/radiopaedia_40_86625_0.nii.gz,data/raw/ground_truth_masks/radiopaedia_40_86625_0.nii.gz,PASSED
P_radiopaedia_40_86625_0_radiopaedia_40_86625_0_z0031,P_radiopaedia_40_86625_0,radiopaedia_40_86625_0,31,630x630,0.6836,0.6836,4.0,49946,1,38035,data/raw/ct_volumes/radiopaedia_40_86625_0.nii.gz,data/raw/ground_truth_masks/radiopaedia_40_86625_0.nii.gz,PASSED
P_radiopaedia_40_86625_0_radiopaedia_40_86625_0_z0032,P_radiopaedia_40_86625_0,radiopaedia_40_86625_0,32,630x630,0.6836,0.6836,4.0,50055,1,39657,data/raw/ct_volumes/radiopaedia_40_86625_0.nii.gz,data/raw/ground_truth_masks/radiopaedia_40_86625_0.nii.gz,PASSED
P_radiopaedia_40_86625_0_radiopaedia_40_86625_0_z0034,P_radiopaedia_40_86625_0,radiopaedia_40_86625_0,34,630x630,0.6836,0.6836,4.0,47855,1,35367,data/raw/ct_volumes/radiopaedia_40_86625_0.nii.gz,data/raw/ground_truth_masks/radiopaedia_40_86625_0.nii.gz,PASSED
P_radiopaedia_40_86625_0_radiopaedia_40_86625_0_z0035,P_radiopaedia_40_86625_0,radiopaedia_40_86625_0,35,630x630,0.6836,0.6836,4.0,48859,1,36688,data/raw/ct_volumes/radiopaedia_40_86625_0.nii.gz,data/raw/ground_truth_masks/radiopaedia_40_86625_0.nii.gz,PASSED
P_radiopaedia_40_86625_0_radiopaedia_40_86625_0_z0036,P_radiopaedia_40_86625_0,radiopaedia_40_86625_0,36,630x630,0.6836,0.6836,4.0,47821,1,35829,data/raw/ct_volumes/radiopaedia_40_86625_0.nii.gz,data/raw/ground_truth_masks/radiopaedia_40_86625_0.nii.gz,PASSED
P_radiopaedia_40_86625_0_radiopaedia_40_86625_0_z0038,P_radiopaedia_40_86625_0,radiopaedia_40_86625_0,38,630x630,0.6836,0.6836,4.0,45686,1,32144,data/raw/ct_volumes/radiopaedia_40_86625_0.nii.gz,data/raw/ground_truth_masks/radiopaedia_40_86625_0.nii.gz,PASSED
P_radiopaedia_40_86625_0_radiopaedia_40_86625_0_z0039,P_radiopaedia_40_86625_0,radiopaedia_40_86625_0,39,630x630,0.6836,0.6836,4.0,47048,1,32759,data/raw/ct_volumes/radiopaedia_40_86625_0.nii.gz,data/raw/ground_truth_masks/radiopaedia_40_86625_0.nii.gz,PASSED
P_radiopaedia_40_86625_0_radiopaedia_40_86625_0_z0040,P_radiopaedia_40_86625_0,radiopaedia_40_86625_0,40,630x630,0.6836,0.6836,4.0,47897,1,34349,data/raw/ct_volumes/radiopaedia_40_86625_0.nii.gz,data/raw/ground_truth_masks/radiopaedia_40_86625_0.nii.gz,PASSED
P_radiopaedia_40_86625_0_radiopaedia_40_86625_0_z0041,P_radiopaedia_40_86625_0,radiopaedia_40_86625_0,41,630x630,0.6836,0.6836,4.0,47472,1,31790,data/raw/ct_volumes/radiopaedia_40_86625_0.nii.gz,data/raw/ground_truth_masks/radiopaedia_40_86625_0.nii.gz,PASSED
P_radiopaedia_40_86625_0_radiopaedia_40_86625_0_z0043,P_radiopaedia_40_86625_0,radiopaedia_40_86625_0,43,630x630,0.6836,0.6836,4.0,47887,1,31734,data/raw/ct_volumes/radiopaedia_40_86625_0.nii.gz,data/raw/ground_truth_masks/radiopaedia_40_86625_0.nii.gz,PASSED
P_radiopaedia_40_86625_0_radiopaedia_40_86625_0_z0044,P_radiopaedia_40_86625_0,radiopaedia_40_86625_0,44,630x630,0.6836,0.6836,4.0,48297,1,33221,data/raw/ct_volumes/radiopaedia_40_86625_0.nii.gz,data/raw/ground_truth_masks/radiopaedia_40_86625_0.nii.gz,PASSED
P_radiopaedia_40_86625_0_radiopaedia_40_86625_0_z0045,P_radiopaedia_40_86625_0,radiopaedia_40_86625_0,45,630x630,0.6836,0.6836,4.0,49949,1,33497,data/raw/ct_volumes/radiopaedia_40_86625_0.nii.gz,data/raw/ground_truth_masks/radiopaedia_40_86625_0.nii.gz,PASSED
P_radiopaedia_40_86625_0_radiopaedia_40_86625_0_z0046,P_radiopaedia_40_86625_0,radiopaedia_40_86625_0,46,630x630,0.6836,0.6836,4.0,50015,1,31998,data/raw/ct_volumes/radiopaedia_40_86625_0.nii.gz,data/raw/ground_truth_masks/radiopaedia_40_86625_0.nii.gz,PASSED
P_radiopaedia_40_86625_0_radiopaedia_40_86625_0_z0048,P_radiopaedia_40_86625_0,radiopaedia_40_86625_0,48,630x630,0.6836,0.6836,4.0,52159,1,34619,data/raw/ct_volumes/radiopaedia_40_86625_0.nii.gz,data/raw/ground_truth_masks/radiopaedia_40_86625_0.nii.gz,PASSED
P_radiopaedia_40_86625_0_radiopaedia_40_86625_0_z0049,P_radiopaedia_40_86625_0,radiopaedia_40_86625_0,49,630x630,0.6836,0.6836,4.0,51798,1,33907,data/raw/ct_volumes/radiopaedia_40_86625_0.nii.gz,data/raw/ground_truth_masks/radiopaedia_40_86625_0.nii.gz,PASSED
P_radiopaedia_40_86625_0_radiopaedia_40_86625_0_z0050,P_radiopaedia_40_86625_0,radiopaedia_40_86625_0,50,630x630,0.6836,0.6836,4.0,52846,1,32501,data/raw/ct_volumes/radiopaedia_40_86625_0.nii.gz,data/raw/ground_truth_masks/radiopaedia_40_86625_0.nii.gz,PASSED
P_radiopaedia_40_86625_0_radiopaedia_40_86625_0_z0051,P_radiopaedia_40_86625_0,radiopaedia_40_86625_0,51,630x630,0.6836,0.6836,4.0,52332,1,30857,data/raw/ct_volumes/radiopaedia_40_86625_0.nii.gz,data/raw/ground_truth_masks/radiopaedia_40_86625_0.nii.gz,PASSED
P_radiopaedia_40_86625_0_radiopaedia_40_86625_0_z0053,P_radiopaedia_40_86625_0,radiopaedia_40_86625_0,53,630x630,0.6836,0.6836,4.0,51351,1,29703,data/raw/ct_volumes/radiopaedia_40_86625_0.nii.gz,data/raw/ground_truth_masks/radiopaedia_40_86625_0.nii.gz,PASSED
P_radiopaedia_40_86625_0_radiopaedia_40_86625_0_z0054,P_radiopaedia_40_86625_0,radiopaedia_40_86625_0,54,630x630,0.6836,0.6836,4.0,50361,1,30012,data/raw/ct_volumes/radiopaedia_40_86625_0.nii.gz,data/raw/ground_truth_masks/radiopaedia_40_86625_0.nii.gz,PASSED
P_radiopaedia_40_86625_0_radiopaedia_40_86625_0_z0055,P_radiopaedia_40_86625_0,radiopaedia_40_86625_0,55,630x630,0.6836,0.6836,4.0,51780,1,30616,data/raw/ct_volumes/radiopaedia_40_86625_0.nii.gz,data/raw/ground_truth_masks/radiopaedia_40_86625_0.nii.gz,PASSED
P_radiopaedia_40_86625_0_radiopaedia_40_86625_0_z0056,P_radiopaedia_40_86625_0,radiopaedia_40_86625_0,56,630x630,0.6836,0.6836,4.0,51526,1,30975,data/raw/ct_volumes/radiopaedia_40_86625_0.nii.gz,data/raw/ground_truth_masks/radiopaedia_40_86625_0.nii.gz,PASSED
P_radiopaedia_40_86625_0_radiopaedia_40_86625_0_z0058,P_radiopaedia_40_86625_0,radiopaedia_40_86625_0,58,630x630,0.6836,0.6836,4.0,50237,1,28299,data/raw/ct_volumes/radiopaedia_40_86625_0.nii.gz,data/raw/ground_truth_masks/radiopaedia_40_86625_0.nii.gz,PASSED
P_radiopaedia_40_86625_0_radiopaedia_40_86625_0_z0059,P_radiopaedia_40_86625_0,radiopaedia_40_86625_0,59,630x630,0.6836,0.6836,4.0,48081,1,25402,data/raw/ct_volumes/radiopaedia_40_86625_0.nii.gz,data/raw/ground_truth_masks/radiopaedia_40_86625_0.nii.gz,PASSED
P_radiopaedia_40_86625_0_radiopaedia_40_86625_0_z0060,P_radiopaedia_40_86625_0,radiopaedia_40_86625_0,60,630x630,0.6836,0.6836,4.0,48054,1,23990,data/raw/ct_volumes/radiopaedia_40_86625_0.nii.gz,data/raw/ground_truth_masks/radiopaedia_40_86625_0.nii.gz,PASSED
P_radiopaedia_40_86625_0_radiopaedia_40_86625_0_z0062,P_radiopaedia_40_86625_0,radiopaedia_40_86625_0,62,630x630,0.6836,0.6836,4.0,47765,1,22698,data/raw/ct_volumes/radiopaedia_40_86625_0.nii.gz,data/raw/ground_truth_masks/radiopaedia_40_86625_0.nii.gz,PASSED
P_radiopaedia_40_86625_0_radiopaedia_40_86625_0_z0063,P_radiopaedia_40_86625_0,radiopaedia_40_86625_0,63,630x630,0.6836,0.6836,4.0,47242,1,20521,data/raw/ct_volumes/radiopaedia_40_86625_0.nii.gz,data/raw/ground_truth_masks/radiopaedia_40_86625_0.nii.gz,PASSED
P_radiopaedia_40_86625_0_radiopaedia_40_86625_0_z0064,P_radiopaedia_40_86625_0,radiopaedia_40_86625_0,64,630x630,0.6836,0.6836,4.0,46112,1,16706,data/raw/ct_volumes/radiopaedia_40_86625_0.nii.gz,data/raw/ground_truth_masks/radiopaedia_40_86625_0.nii.gz,PASSED
P_radiopaedia_40_86625_0_radiopaedia_40_86625_0_z0065,P_radiopaedia_40_86625_0,radiopaedia_40_86625_0,65,630x630,0.6836,0.6836,4.0,45417,1,17565,data/raw/ct_volumes/radiopaedia_40_86625_0.nii.gz,data/raw/ground_truth_masks/radiopaedia_40_86625_0.nii.gz,PASSED
P_radiopaedia_40_86625_0_radiopaedia_40_86625_0_z0067,P_radiopaedia_40_86625_0,radiopaedia_40_86625_0,67,630x630,0.6836,0.6836,4.0,42454,1,16214,data/raw/ct_volumes/radiopaedia_40_86625_0.nii.gz,data/raw/ground_truth_masks/radiopaedia_40_86625_0.nii.gz,PASSED
P_radiopaedia_40_86625_0_radiopaedia_40_86625_0_z0068,P_radiopaedia_40_86625_0,radiopaedia_40_86625_0,68,630x630,0.6836,0.6836,4.0,40970,1,19283,data/raw/ct_volumes/radiopaedia_40_86625_0.nii.gz,data/raw/ground_truth_masks/radiopaedia_40_86625_0.nii.gz,PASSED
P_radiopaedia_40_86625_0_radiopaedia_40_86625_0_z0069,P_radiopaedia_40_86625_0,radiopaedia_40_86625_0,69,630x630,0.6836,0.6836,4.0,39645,1,18702,data/raw/ct_volumes/radiopaedia_40_86625_0.nii.gz,data/raw/ground_truth_masks/radiopaedia_40_86625_0.nii.gz,PASSED
P_radiopaedia_40_86625_0_radiopaedia_40_86625_0_z0070,P_radiopaedia_40_86625_0,radiopaedia_40_86625_0,70,630x630,0.6836,0.6836,4.0,37268,1,17385,data/raw/ct_volumes/radiopaedia_40_86625_0.nii.gz,data/raw/ground_truth_masks/radiopaedia_40_86625_0.nii.gz,PASSED
P_radiopaedia_40_86625_0_radiopaedia_40_86625_0_z0072,P_radiopaedia_40_86625_0,radiopaedia_40_86625_0,72,630x630,0.6836,0.6836,4.0,33382,1,12712,data/raw/ct_volumes/radiopaedia_40_86625_0.nii.gz,data/raw/ground_truth_masks/radiopaedia_40_86625_0.nii.gz,PASSED
P_radiopaedia_40_86625_0_radiopaedia_40_86625_0_z0073,P_radiopaedia_40_86625_0,radiopaedia_40_86625_0,73,630x630,0.6836,0.6836,4.0,31131,1,11083,data/raw/ct_volumes/radiopaedia_40_86625_0.nii.gz,data/raw/ground_truth_masks/radiopaedia_40_86625_0.nii.gz,PASSED
P_radiopaedia_40_86625_0_radiopaedia_40_86625_0_z0074,P_radiopaedia_40_86625_0,radiopaedia_40_86625_0,74,630x630,0.6836,0.6836,4.0,27962,1,9272,data/raw/ct_volumes/radiopaedia_40_86625_0.nii.gz,data/raw/ground_truth_masks/radiopaedia_40_86625_0.nii.gz,PASSED
P_radiopaedia_40_86625_0_radiopaedia_40_86625_0_z0075,P_radiopaedia_40_86625_0,radiopaedia_40_86625_0,75,630x630,0.6836,0.6836,4.0,25352,1,8370,data/raw/ct_volumes/radiopaedia_40_86625_0.nii.gz,data/raw/ground_truth_masks/radiopaedia_40_86625_0.nii.gz,PASSED
P_radiopaedia_40_86625_0_radiopaedia_40_86625_0_z0077,P_radiopaedia_40_86625_0,radiopaedia_40_86625_0,77,630x630,0.6836,0.6836,4.0,19359,1,5328,data/raw/ct_volumes/radiopaedia_40_86625_0.nii.gz,data/raw/ground_truth_masks/radiopaedia_40_86625_0.nii.gz,PASSED
P_radiopaedia_40_86625_0_radiopaedia_40_86625_0_z0078,P_radiopaedia_40_86625_0,radiopaedia_40_86625_0,78,630x630,0.6836,0.6836,4.0,16975,1,4785,data/raw/ct_volumes/radiopaedia_40_86625_0.nii.gz,data/raw/ground_truth_masks/radiopaedia_40_86625_0.nii.gz,PASSED
P_radiopaedia_40_86625_0_radiopaedia_40_86625_0_z0079,P_radiopaedia_40_86625_0,radiopaedia_40_86625_0,79,630x630,0.6836,0.6836,4.0,14149,1,4790,data/raw/ct_volumes/radiopaedia_40_86625_0.nii.gz,data/raw/ground_truth_masks/radiopaedia_40_86625_0.nii.gz,PASSED
P_radiopaedia_40_86625_0_radiopaedia_40_86625_0_z0080,P_radiopaedia_40_86625_0,radiopaedia_40_86625_0,80,630x630,0.6836,0.6836,4.0,10904,1,3801,data/raw/ct_volumes/radiopaedia_40_86625_0.nii.gz,data/raw/ground_truth_masks/radiopaedia_40_86625_0.nii.gz,PASSED
P_radiopaedia_40_86625_0_radiopaedia_40_86625_0_z0082,P_radiopaedia_40_86625_0,radiopaedia_40_86625_0,82,630x630,0.6836,0.6836,4.0,5581,1,2255,data/raw/ct_volumes/radiopaedia_40_86625_0.nii.gz,data/raw/ground_truth_masks/radiopaedia_40_86625_0.nii.gz,PASSED
P_radiopaedia_4_85506_1_radiopaedia_4_85506_1_z0004,P_radiopaedia_4_85506_1,radiopaedia_4_85506_1,4,630x630,0.6836,0.6836,6.0,3115,1,497,data/raw/ct_volumes/radiopaedia_4_85506_1.nii.gz,data/raw/ground_truth_masks/radiopaedia_4_85506_1.nii.gz,PASSED
P_radiopaedia_4_85506_1_radiopaedia_4_85506_1_z0005,P_radiopaedia_4_85506_1,radiopaedia_4_85506_1,5,630x630,0.6836,0.6836,6.0,6419,1,1622,data/raw/ct_volumes/radiopaedia_4_85506_1.nii.gz,data/raw/ground_truth_masks/radiopaedia_4_85506_1.nii.gz,PASSED
P_radiopaedia_4_85506_1_radiopaedia_4_85506_1_z0007,P_radiopaedia_4_85506_1,radiopaedia_4_85506_1,7,630x630,0.6836,0.6836,6.0,17622,1,8795,data/raw/ct_volumes/radiopaedia_4_85506_1.nii.gz,data/raw/ground_truth_masks/radiopaedia_4_85506_1.nii.gz,PASSED
P_radiopaedia_4_85506_1_radiopaedia_4_85506_1_z0008,P_radiopaedia_4_85506_1,radiopaedia_4_85506_1,8,630x630,0.6836,0.6836,6.0,27922,1,15323,data/raw/ct_volumes/radiopaedia_4_85506_1.nii.gz,data/raw/ground_truth_masks/radiopaedia_4_85506_1.nii.gz,PASSED
P_radiopaedia_4_85506_1_radiopaedia_4_85506_1_z0009,P_radiopaedia_4_85506_1,radiopaedia_4_85506_1,9,630x630,0.6836,0.6836,6.0,43315,1,21699,data/raw/ct_volumes/radiopaedia_4_85506_1.nii.gz,data/raw/ground_truth_masks/radiopaedia_4_85506_1.nii.gz,PASSED
P_radiopaedia_4_85506_1_radiopaedia_4_85506_1_z0010,P_radiopaedia_4_85506_1,radiopaedia_4_85506_1,10,630x630,0.6836,0.6836,6.0,57617,1,27600,data/raw/ct_volumes/radiopaedia_4_85506_1.nii.gz,data/raw/ground_truth_masks/radiopaedia_4_85506_1.nii.gz,PASSED
P_radiopaedia_4_85506_1_radiopaedia_4_85506_1_z0012,P_radiopaedia_4_85506_1,radiopaedia_4_85506_1,12,630x630,0.6836,0.6836,6.0,75570,1,37156,data/raw/ct_volumes/radiopaedia_4_85506_1.nii.gz,data/raw/ground_truth_masks/radiopaedia_4_85506_1.nii.gz,PASSED
P_radiopaedia_4_85506_1_radiopaedia_4_85506_1_z0013,P_radiopaedia_4_85506_1,radiopaedia_4_85506_1,13,630x630,0.6836,0.6836,6.0,81967,1,38240,data/raw/ct_volumes/radiopaedia_4_85506_1.nii.gz,data/raw/ground_truth_masks/radiopaedia_4_85506_1.nii.gz,PASSED
P_radiopaedia_4_85506_1_radiopaedia_4_85506_1_z0014,P_radiopaedia_4_85506_1,radiopaedia_4_85506_1,14,630x630,0.6836,0.6836,6.0,89260,1,30489,data/raw/ct_volumes/radiopaedia_4_85506_1.nii.gz,data/raw/ground_truth_masks/radiopaedia_4_85506_1.nii.gz,PASSED
P_radiopaedia_4_85506_1_radiopaedia_4_85506_1_z0015,P_radiopaedia_4_85506_1,radiopaedia_4_85506_1,15,630x630,0.6836,0.6836,6.0,92560,1,32218,data/raw/ct_volumes/radiopaedia_4_85506_1.nii.gz,data/raw/ground_truth_masks/radiopaedia_4_85506_1.nii.gz,PASSED
P_radiopaedia_4_85506_1_radiopaedia_4_85506_1_z0017,P_radiopaedia_4_85506_1,radiopaedia_4_85506_1,17,630x630,0.6836,0.6836,6.0,94528,1,22143,data/raw/ct_volumes/radiopaedia_4_85506_1.nii.gz,data/raw/ground_truth_masks/radiopaedia_4_85506_1.nii.gz,PASSED
P_radiopaedia_4_85506_1_radiopaedia_4_85506_1_z0018,P_radiopaedia_4_85506_1,radiopaedia_4_85506_1,18,630x630,0.6836,0.6836,6.0,93948,1,24207,data/raw/ct_volumes/radiopaedia_4_85506_1.nii.gz,data/raw/ground_truth_masks/radiopaedia_4_85506_1.nii.gz,PASSED
P_radiopaedia_4_85506_1_radiopaedia_4_85506_1_z0019,P_radiopaedia_4_85506_1,radiopaedia_4_85506_1,19,630x630,0.6836,0.6836,6.0,93342,1,20709,data/raw/ct_volumes/radiopaedia_4_85506_1.nii.gz,data/raw/ground_truth_masks/radiopaedia_4_85506_1.nii.gz,PASSED
P_radiopaedia_4_85506_1_radiopaedia_4_85506_1_z0020,P_radiopaedia_4_85506_1,radiopaedia_4_85506_1,20,630x630,0.6836,0.6836,6.0,90758,1,15532,data/raw/ct_volumes/radiopaedia_4_85506_1.nii.gz,data/raw/ground_truth_masks/radiopaedia_4_85506_1.nii.gz,PASSED
P_radiopaedia_4_85506_1_radiopaedia_4_85506_1_z0022,P_radiopaedia_4_85506_1,radiopaedia_4_85506_1,22,630x630,0.6836,0.6836,6.0,89214,1,9941,data/raw/ct_volumes/radiopaedia_4_85506_1.nii.gz,data/raw/ground_truth_masks/radiopaedia_4_85506_1.nii.gz,PASSED
P_radiopaedia_4_85506_1_radiopaedia_4_85506_1_z0023,P_radiopaedia_4_85506_1,radiopaedia_4_85506_1,23,630x630,0.6836,0.6836,6.0,87545,1,7685,data/raw/ct_volumes/radiopaedia_4_85506_1.nii.gz,data/raw/ground_truth_masks/radiopaedia_4_85506_1.nii.gz,PASSED
P_radiopaedia_4_85506_1_radiopaedia_4_85506_1_z0024,P_radiopaedia_4_85506_1,radiopaedia_4_85506_1,24,630x630,0.6836,0.6836,6.0,85543,1,5733,data/raw/ct_volumes/radiopaedia_4_85506_1.nii.gz,data/raw/ground_truth_masks/radiopaedia_4_85506_1.nii.gz,PASSED
P_radiopaedia_4_85506_1_radiopaedia_4_85506_1_z0026,P_radiopaedia_4_85506_1,radiopaedia_4_85506_1,26,630x630,0.6836,0.6836,6.0,82471,1,3778,data/raw/ct_volumes/radiopaedia_4_85506_1.nii.gz,data/raw/ground_truth_masks/radiopaedia_4_85506_1.nii.gz,PASSED
P_radiopaedia_4_85506_1_radiopaedia_4_85506_1_z0027,P_radiopaedia_4_85506_1,radiopaedia_4_85506_1,27,630x630,0.6836,0.6836,6.0,79042,1,3323,data/raw/ct_volumes/radiopaedia_4_85506_1.nii.gz,data/raw/ground_truth_masks/radiopaedia_4_85506_1.nii.gz,PASSED
P_radiopaedia_4_85506_1_radiopaedia_4_85506_1_z0028,P_radiopaedia_4_85506_1,radiopaedia_4_85506_1,28,630x630,0.6836,0.6836,6.0,74037,1,436,data/raw/ct_volumes/radiopaedia_4_85506_1.nii.gz,data/raw/ground_truth_masks/radiopaedia_4_85506_1.nii.gz,PASSED
P_radiopaedia_4_85506_1_radiopaedia_4_85506_1_z0029,P_radiopaedia_4_85506_1,radiopaedia_4_85506_1,29,630x630,0.6836,0.6836,6.0,68026,1,464,data/raw/ct_volumes/radiopaedia_4_85506_1.nii.gz,data/raw/ground_truth_masks/radiopaedia_4_85506_1.nii.gz,PASSED
P_radiopaedia_4_85506_1_radiopaedia_4_85506_1_z0030,P_radiopaedia_4_85506_1,radiopaedia_4_85506_1,30,630x630,0.6836,0.6836,6.0,59715,0,0,data/raw/ct_volumes/radiopaedia_4_85506_1.nii.gz,data/raw/ground_truth_masks/radiopaedia_4_85506_1.nii.gz,PASSED
P_radiopaedia_7_85703_0_radiopaedia_7_85703_0_z0002,P_radiopaedia_7_85703_0,radiopaedia_7_85703_0,2,630x630,0.6836,0.6836,6.0,7837,0,0,data/raw/ct_volumes/radiopaedia_7_85703_0.nii.gz,data/raw/ground_truth_masks/radiopaedia_7_85703_0.nii.gz,PASSED
P_radiopaedia_7_85703_0_radiopaedia_7_85703_0_z0004,P_radiopaedia_7_85703_0,radiopaedia_7_85703_0,4,630x630,0.6836,0.6836,6.0,18673,1,1166,data/raw/ct_volumes/radiopaedia_7_85703_0.nii.gz,data/raw/ground_truth_masks/radiopaedia_7_85703_0.nii.gz,PASSED
P_radiopaedia_7_85703_0_radiopaedia_7_85703_0_z0005,P_radiopaedia_7_85703_0,radiopaedia_7_85703_0,5,630x630,0.6836,0.6836,6.0,24008,1,3009,data/raw/ct_volumes/radiopaedia_7_85703_0.nii.gz,data/raw/ground_truth_masks/radiopaedia_7_85703_0.nii.gz,PASSED
P_radiopaedia_7_85703_0_radiopaedia_7_85703_0_z0006,P_radiopaedia_7_85703_0,radiopaedia_7_85703_0,6,630x630,0.6836,0.6836,6.0,29434,1,3437,data/raw/ct_volumes/radiopaedia_7_85703_0.nii.gz,data/raw/ground_truth_masks/radiopaedia_7_85703_0.nii.gz,PASSED
P_radiopaedia_7_85703_0_radiopaedia_7_85703_0_z0007,P_radiopaedia_7_85703_0,radiopaedia_7_85703_0,7,630x630,0.6836,0.6836,6.0,35100,1,3331,data/raw/ct_volumes/radiopaedia_7_85703_0.nii.gz,data/raw/ground_truth_masks/radiopaedia_7_85703_0.nii.gz,PASSED
P_radiopaedia_7_85703_0_radiopaedia_7_85703_0_z0009,P_radiopaedia_7_85703_0,radiopaedia_7_85703_0,9,630x630,0.6836,0.6836,6.0,43377,1,3563,data/raw/ct_volumes/radiopaedia_7_85703_0.nii.gz,data/raw/ground_truth_masks/radiopaedia_7_85703_0.nii.gz,PASSED
P_radiopaedia_7_85703_0_radiopaedia_7_85703_0_z0010,P_radiopaedia_7_85703_0,radiopaedia_7_85703_0,10,630x630,0.6836,0.6836,6.0,48555,1,4503,data/raw/ct_volumes/radiopaedia_7_85703_0.nii.gz,data/raw/ground_truth_masks/radiopaedia_7_85703_0.nii.gz,PASSED
P_radiopaedia_7_85703_0_radiopaedia_7_85703_0_z0011,P_radiopaedia_7_85703_0,radiopaedia_7_85703_0,11,630x630,0.6836,0.6836,6.0,52781,1,5999,data/raw/ct_volumes/radiopaedia_7_85703_0.nii.gz,data/raw/ground_truth_masks/radiopaedia_7_85703_0.nii.gz,PASSED
P_radiopaedia_7_85703_0_radiopaedia_7_85703_0_z0012,P_radiopaedia_7_85703_0,radiopaedia_7_85703_0,12,630x630,0.6836,0.6836,6.0,55686,1,6219,data/raw/ct_volumes/radiopaedia_7_85703_0.nii.gz,data/raw/ground_truth_masks/radiopaedia_7_85703_0.nii.gz,PASSED
P_radiopaedia_7_85703_0_radiopaedia_7_85703_0_z0014,P_radiopaedia_7_85703_0,radiopaedia_7_85703_0,14,630x630,0.6836,0.6836,6.0,60572,1,6453,data/raw/ct_volumes/radiopaedia_7_85703_0.nii.gz,data/raw/ground_truth_masks/radiopaedia_7_85703_0.nii.gz,PASSED
P_radiopaedia_7_85703_0_radiopaedia_7_85703_0_z0015,P_radiopaedia_7_85703_0,radiopaedia_7_85703_0,15,630x630,0.6836,0.6836,6.0,61563,1,5197,data/raw/ct_volumes/radiopaedia_7_85703_0.nii.gz,data/raw/ground_truth_masks/radiopaedia_7_85703_0.nii.gz,PASSED
P_radiopaedia_7_85703_0_radiopaedia_7_85703_0_z0016,P_radiopaedia_7_85703_0,radiopaedia_7_85703_0,16,630x630,0.6836,0.6836,6.0,60768,1,7347,data/raw/ct_volumes/radiopaedia_7_85703_0.nii.gz,data/raw/ground_truth_masks/radiopaedia_7_85703_0.nii.gz,PASSED
P_radiopaedia_7_85703_0_radiopaedia_7_85703_0_z0017,P_radiopaedia_7_85703_0,radiopaedia_7_85703_0,17,630x630,0.6836,0.6836,6.0,61229,1,7822,data/raw/ct_volumes/radiopaedia_7_85703_0.nii.gz,data/raw/ground_truth_masks/radiopaedia_7_85703_0.nii.gz,PASSED
P_radiopaedia_7_85703_0_radiopaedia_7_85703_0_z0019,P_radiopaedia_7_85703_0,radiopaedia_7_85703_0,19,630x630,0.6836,0.6836,6.0,62005,1,7195,data/raw/ct_volumes/radiopaedia_7_85703_0.nii.gz,data/raw/ground_truth_masks/radiopaedia_7_85703_0.nii.gz,PASSED
P_radiopaedia_7_85703_0_radiopaedia_7_85703_0_z0020,P_radiopaedia_7_85703_0,radiopaedia_7_85703_0,20,630x630,0.6836,0.6836,6.0,61237,1,4766,data/raw/ct_volumes/radiopaedia_7_85703_0.nii.gz,data/raw/ground_truth_masks/radiopaedia_7_85703_0.nii.gz,PASSED
P_radiopaedia_7_85703_0_radiopaedia_7_85703_0_z0021,P_radiopaedia_7_85703_0,radiopaedia_7_85703_0,21,630x630,0.6836,0.6836,6.0,60387,1,5134,data/raw/ct_volumes/radiopaedia_7_85703_0.nii.gz,data/raw/ground_truth_masks/radiopaedia_7_85703_0.nii.gz,PASSED
P_radiopaedia_7_85703_0_radiopaedia_7_85703_0_z0023,P_radiopaedia_7_85703_0,radiopaedia_7_85703_0,23,630x630,0.6836,0.6836,6.0,62105,1,7539,data/raw/ct_volumes/radiopaedia_7_85703_0.nii.gz,data/raw/ground_truth_masks/radiopaedia_7_85703_0.nii.gz,PASSED
P_radiopaedia_7_85703_0_radiopaedia_7_85703_0_z0024,P_radiopaedia_7_85703_0,radiopaedia_7_85703_0,24,630x630,0.6836,0.6836,6.0,60902,1,6465,data/raw/ct_volumes/radiopaedia_7_85703_0.nii.gz,data/raw/ground_truth_masks/radiopaedia_7_85703_0.nii.gz,PASSED
P_radiopaedia_7_85703_0_radiopaedia_7_85703_0_z0025,P_radiopaedia_7_85703_0,radiopaedia_7_85703_0,25,630x630,0.6836,0.6836,6.0,62311,1,7303,data/raw/ct_volumes/radiopaedia_7_85703_0.nii.gz,data/raw/ground_truth_masks/radiopaedia_7_85703_0.nii.gz,PASSED
P_radiopaedia_7_85703_0_radiopaedia_7_85703_0_z0026,P_radiopaedia_7_85703_0,radiopaedia_7_85703_0,26,630x630,0.6836,0.6836,6.0,63240,1,6530,data/raw/ct_volumes/radiopaedia_7_85703_0.nii.gz,data/raw/ground_truth_masks/radiopaedia_7_85703_0.nii.gz,PASSED
P_radiopaedia_7_85703_0_radiopaedia_7_85703_0_z0028,P_radiopaedia_7_85703_0,radiopaedia_7_85703_0,28,630x630,0.6836,0.6836,6.0,66639,1,9247,data/raw/ct_volumes/radiopaedia_7_85703_0.nii.gz,data/raw/ground_truth_masks/radiopaedia_7_85703_0.nii.gz,PASSED
P_radiopaedia_7_85703_0_radiopaedia_7_85703_0_z0029,P_radiopaedia_7_85703_0,radiopaedia_7_85703_0,29,630x630,0.6836,0.6836,6.0,67326,1,12229,data/raw/ct_volumes/radiopaedia_7_85703_0.nii.gz,data/raw/ground_truth_masks/radiopaedia_7_85703_0.nii.gz,PASSED
P_radiopaedia_7_85703_0_radiopaedia_7_85703_0_z0030,P_radiopaedia_7_85703_0,radiopaedia_7_85703_0,30,630x630,0.6836,0.6836,6.0,66160,1,17608,data/raw/ct_volumes/radiopaedia_7_85703_0.nii.gz,data/raw/ground_truth_masks/radiopaedia_7_85703_0.nii.gz,PASSED
P_radiopaedia_7_85703_0_radiopaedia_7_85703_0_z0031,P_radiopaedia_7_85703_0,radiopaedia_7_85703_0,31,630x630,0.6836,0.6836,6.0,67604,1,20624,data/raw/ct_volumes/radiopaedia_7_85703_0.nii.gz,data/raw/ground_truth_masks/radiopaedia_7_85703_0.nii.gz,PASSED
P_radiopaedia_7_85703_0_radiopaedia_7_85703_0_z0033,P_radiopaedia_7_85703_0,radiopaedia_7_85703_0,33,630x630,0.6836,0.6836,6.0,67902,1,22646,data/raw/ct_volumes/radiopaedia_7_85703_0.nii.gz,data/raw/ground_truth_masks/radiopaedia_7_85703_0.nii.gz,PASSED
P_radiopaedia_7_85703_0_radiopaedia_7_85703_0_z0034,P_radiopaedia_7_85703_0,radiopaedia_7_85703_0,34,630x630,0.6836,0.6836,6.0,65732,1,27087,data/raw/ct_volumes/radiopaedia_7_85703_0.nii.gz,data/raw/ground_truth_masks/radiopaedia_7_85703_0.nii.gz,PASSED
P_radiopaedia_7_85703_0_radiopaedia_7_85703_0_z0035,P_radiopaedia_7_85703_0,radiopaedia_7_85703_0,35,630x630,0.6836,0.6836,6.0,61724,1,24988,data/raw/ct_volumes/radiopaedia_7_85703_0.nii.gz,data/raw/ground_truth_masks/radiopaedia_7_85703_0.nii.gz,PASSED
P_radiopaedia_7_85703_0_radiopaedia_7_85703_0_z0036,P_radiopaedia_7_85703_0,radiopaedia_7_85703_0,36,630x630,0.6836,0.6836,6.0,53412,1,22276,data/raw/ct_volumes/radiopaedia_7_85703_0.nii.gz,data/raw/ground_truth_masks/radiopaedia_7_85703_0.nii.gz,PASSED
P_radiopaedia_7_85703_0_radiopaedia_7_85703_0_z0038,P_radiopaedia_7_85703_0,radiopaedia_7_85703_0,38,630x630,0.6836,0.6836,6.0,41001,1,17554,data/raw/ct_volumes/radiopaedia_7_85703_0.nii.gz,data/raw/ground_truth_masks/radiopaedia_7_85703_0.nii.gz,PASSED
P_radiopaedia_7_85703_0_radiopaedia_7_85703_0_z0039,P_radiopaedia_7_85703_0,radiopaedia_7_85703_0,39,630x630,0.6836,0.6836,6.0,32476,1,13464,data/raw/ct_volumes/radiopaedia_7_85703_0.nii.gz,data/raw/ground_truth_masks/radiopaedia_7_85703_0.nii.gz,PASSED
P_radiopaedia_7_85703_0_radiopaedia_7_85703_0_z0040,P_radiopaedia_7_85703_0,radiopaedia_7_85703_0,40,630x630,0.6836,0.6836,6.0,24260,1,10206,data/raw/ct_volumes/radiopaedia_7_85703_0.nii.gz,data/raw/ground_truth_masks/radiopaedia_7_85703_0.nii.gz,PASSED
P_radiopaedia_7_85703_0_radiopaedia_7_85703_0_z0042,P_radiopaedia_7_85703_0,radiopaedia_7_85703_0,42,630x630,0.6836,0.6836,6.0,6815,1,1313,data/raw/ct_volumes/radiopaedia_7_85703_0.nii.gz,data/raw/ground_truth_masks/radiopaedia_7_85703_0.nii.gz,PASSED
